task_dir,episode_index,replan_index,sampling_seed,requested_relation,imagined_requested,reliable_future_frames,requested_future_frames,execution_end_step,executed_relation,executed_requested,execution_geometry_source,quadrant,chunk_dir
/home/ali/projects/RoboLab/output/v1_cosmos_vague/RubiksCubeLeftOfBowlMatchedTask,0,0,6100000,left,False,3,0,31,neutral,False,rigid_object_root_pose_in_robot_frame,neither_imagines_nor_executes_requested,/home/ali/projects/RoboLab/output/v1_cosmos_vague/RubiksCubeLeftOfBowlMatchedTask/predicted_chunks/episode_000/chunk_000
/home/ali/projects/RoboLab/output/v1_cosmos_vague/RubiksCubeLeftOfBowlMatchedTask,0,1,6100001,left,,0,0,63,neutral,False,rigid_object_root_pose_in_robot_frame,uncertain_future,/home/ali/projects/RoboLab/output/v1_cosmos_vague/RubiksCubeLeftOfBowlMatchedTask/predicted_chunks/episode_000/chunk_001
/home/ali/projects/RoboLab/output/v1_cosmos_vague/RubiksCubeLeftOfBowlMatchedTask,0,2,6100002,left,False,2,0,95,neutral,False,rigid_object_root_pose_in_robot_frame,neither_imagines_nor_executes_requested,/home/ali/projects/RoboLab/output/v1_cosmos_vague/RubiksCubeLeftOfBowlMatchedTask/predicted_chunks/episode_000/chunk_002
/home/ali/projects/RoboLab/output/v1_cosmos_vague/RubiksCubeLeftOfBowlMatchedTask,0,3,6100003,left,False,3,0,127,neutral,False,rigid_object_root_pose_in_robot_frame,neither_imagines_nor_executes_requested,/home/ali/projects/RoboLab/output/v1_cosmos_vague/RubiksCubeLeftOfBowlMatchedTask/predicted_chunks/episode_000/chunk_003
/home/ali/projects/RoboLab/output/v1_cosmos_vague/RubiksCubeLeftOfBowlMatchedTask,0,4,6100004,left,,0,0,159,neutral,False,rigid_object_root_pose_in_robot_frame,uncertain_future,/home/ali/projects/RoboLab/output/v1_cosmos_vague/RubiksCubeLeftOfBowlMatchedTask/predicted_chunks/episode_000/chunk_004
/home/ali/projects/RoboLab/output/v1_cosmos_vague/RubiksCubeLeftOfBowlMatchedTask,0,5,6100005,left,,0,0,191,neutral,False,rigid_object_root_pose_in_robot_frame,uncertain_future,/home/ali/projects/RoboLab/output/v1_cosmos_vague/RubiksCubeLeftOfBowlMatchedTask/predicted_chunks/episode_000/chunk_005
/home/ali/projects/RoboLab/output/v1_cosmos_vague/RubiksCubeLeftOfBowlMatchedTask,0,6,6100006,left,,1,0,223,right,False,rigid_object_root_pose_in_robot_frame,uncertain_future,/home/ali/projects/RoboLab/output/v1_cosmos_vague/RubiksCubeLeftOfBowlMatchedTask/predicted_chunks/episode_000/chunk_006
/home/ali/projects/RoboLab/output/v1_cosmos_vague/RubiksCubeLeftOfBowlMatchedTask,0,7,6100007,left,,1,0,255,neutral,False,rigid_object_root_pose_in_robot_frame,uncertain_future,/home/ali/projects/RoboLab/output/v1_cosmos_vague/RubiksCubeLeftOfBowlMatchedTask/predicted_chunks/episode_000/chunk_007
/home/ali/projects/RoboLab/output/v1_cosmos_vague/RubiksCubeLeftOfBowlMatchedTask,0,8,6100008,left,False,3,0,287,neutral,False,rigid_object_root_pose_in_robot_frame,neither_imagines_nor_executes_requested,/home/ali/projects/RoboLab/output/v1_cosmos_vague/RubiksCubeLeftOfBowlMatchedTask/predicted_chunks/episode_000/chunk_008
/home/ali/projects/RoboLab/output/v1_cosmos_vague/RubiksCubeLeftOfBowlMatchedTask,0,9,6100009,left,False,4,0,319,neutral,False,rigid_object_root_pose_in_robot_frame,neither_imagines_nor_executes_requested,/home/ali/projects/RoboLab/output/v1_cosmos_vague/RubiksCubeLeftOfBowlMatchedTask/predicted_chunks/episode_000/chunk_009
/home/ali/projects/RoboLab/output/v1_cosmos_vague/RubiksCubeLeftOfBowlMatchedTask,0,10,6100010,left,False,2,0,351,neutral,False,rigid_object_root_pose_in_robot_frame,neither_imagines_nor_executes_requested,/home/ali/projects/RoboLab/output/v1_cosmos_vague/RubiksCubeLeftOfBowlMatchedTask/predicted_chunks/episode_000/chunk_010
/home/ali/projects/RoboLab/output/v1_cosmos_vague/RubiksCubeLeftOfBowlMatchedTask,0,11,6100011,left,,1,0,383,neutral,False,rigid_object_root_pose_in_robot_frame,uncertain_future,/home/ali/projects/RoboLab/output/v1_cosmos_vague/RubiksCubeLeftOfBowlMatchedTask/predicted_chunks/episode_000/chunk_011
/home/ali/projects/RoboLab/output/v1_cosmos_vague/RubiksCubeLeftOfBowlMatchedTask,0,12,6100012,left,False,2,0,415,neutral,False,rigid_object_root_pose_in_robot_frame,neither_imagines_nor_executes_requested,/home/ali/projects/RoboLab/output/v1_cosmos_vague/RubiksCubeLeftOfBowlMatchedTask/predicted_chunks/episode_000/chunk_012
/home/ali/projects/RoboLab/output/v1_cosmos_vague/RubiksCubeLeftOfBowlMatchedTask,0,13,6100013,left,,1,0,447,neutral,False,rigid_object_root_pose_in_robot_frame,uncertain_future,/home/ali/projects/RoboLab/output/v1_cosmos_vague/RubiksCubeLeftOfBowlMatchedTask/predicted_chunks/episode_000/chunk_013
/home/ali/projects/RoboLab/output/v1_cosmos_vague/RubiksCubeLeftOfBowlMatchedTask,0,14,6100014,left,False,2,0,449,neutral,False,rigid_object_root_pose_in_robot_frame,neither_imagines_nor_executes_requested,/home/ali/projects/RoboLab/output/v1_cosmos_vague/RubiksCubeLeftOfBowlMatchedTask/predicted_chunks/episode_000/chunk_014
/home/ali/projects/RoboLab/output/v1_cosmos_vague/RubiksCubeLeftOfBowlMatchedTask,1,0,6101000,left,False,4,0,31,neutral,False,rigid_object_root_pose_in_robot_frame,neither_imagines_nor_executes_requested,/home/ali/projects/RoboLab/output/v1_cosmos_vague/RubiksCubeLeftOfBowlMatchedTask/predicted_chunks/episode_001/chunk_000
/home/ali/projects/RoboLab/output/v1_cosmos_vague/RubiksCubeLeftOfBowlMatchedTask,1,1,6101001,left,False,2,0,63,neutral,False,rigid_object_root_pose_in_robot_frame,neither_imagines_nor_executes_requested,/home/ali/projects/RoboLab/output/v1_cosmos_vague/RubiksCubeLeftOfBowlMatchedTask/predicted_chunks/episode_001/chunk_001
/home/ali/projects/RoboLab/output/v1_cosmos_vague/RubiksCubeLeftOfBowlMatchedTask,1,2,6101002,left,False,3,0,95,neutral,False,rigid_object_root_pose_in_robot_frame,neither_imagines_nor_executes_requested,/home/ali/projects/RoboLab/output/v1_cosmos_vague/RubiksCubeLeftOfBowlMatchedTask/predicted_chunks/episode_001/chunk_002
/home/ali/projects/RoboLab/output/v1_cosmos_vague/RubiksCubeLeftOfBowlMatchedTask,1,3,6101003,left,,1,0,127,neutral,False,rigid_object_root_pose_in_robot_frame,uncertain_future,/home/ali/projects/RoboLab/output/v1_cosmos_vague/RubiksCubeLeftOfBowlMatchedTask/predicted_chunks/episode_001/chunk_003
/home/ali/projects/RoboLab/output/v1_cosmos_vague/RubiksCubeLeftOfBowlMatchedTask,1,4,6101004,left,False,2,0,159,neutral,False,rigid_object_root_pose_in_robot_frame,neither_imagines_nor_executes_requested,/home/ali/projects/RoboLab/output/v1_cosmos_vague/RubiksCubeLeftOfBowlMatchedTask/predicted_chunks/episode_001/chunk_004
/home/ali/projects/RoboLab/output/v1_cosmos_vague/RubiksCubeLeftOfBowlMatchedTask,1,5,6101005,left,False,2,0,191,neutral,False,rigid_object_root_pose_in_robot_frame,neither_imagines_nor_executes_requested,/home/ali/projects/RoboLab/output/v1_cosmos_vague/RubiksCubeLeftOfBowlMatchedTask/predicted_chunks/episode_001/chunk_005
/home/ali/projects/RoboLab/output/v1_cosmos_vague/RubiksCubeLeftOfBowlMatchedTask,1,6,6101006,left,False,2,0,223,neutral,False,rigid_object_root_pose_in_robot_frame,neither_imagines_nor_executes_requested,/home/ali/projects/RoboLab/output/v1_cosmos_vague/RubiksCubeLeftOfBowlMatchedTask/predicted_chunks/episode_001/chunk_006
/home/ali/projects/RoboLab/output/v1_cosmos_vague/RubiksCubeLeftOfBowlMatchedTask,1,7,6101007,left,False,2,0,255,neutral,False,rigid_object_root_pose_in_robot_frame,neither_imagines_nor_executes_requested,/home/ali/projects/RoboLab/output/v1_cosmos_vague/RubiksCubeLeftOfBowlMatchedTask/predicted_chunks/episode_001/chunk_007
/home/ali/projects/RoboLab/output/v1_cosmos_vague/RubiksCubeLeftOfBowlMatchedTask,1,8,6101008,left,False,3,0,287,neutral,False,rigid_object_root_pose_in_robot_frame,neither_imagines_nor_executes_requested,/home/ali/projects/RoboLab/output/v1_cosmos_vague/RubiksCubeLeftOfBowlMatchedTask/predicted_chunks/episode_001/chunk_008
/home/ali/projects/RoboLab/output/v1_cosmos_vague/RubiksCubeLeftOfBowlMatchedTask,1,9,6101009,left,False,2,0,319,neutral,False,rigid_object_root_pose_in_robot_frame,neither_imagines_nor_executes_requested,/home/ali/projects/RoboLab/output/v1_cosmos_vague/RubiksCubeLeftOfBowlMatchedTask/predicted_chunks/episode_001/chunk_009
/home/ali/projects/RoboLab/output/v1_cosmos_vague/RubiksCubeLeftOfBowlMatchedTask,1,10,6101010,left,False,4,0,349,left,True,rigid_object_root_pose_in_robot_frame,does_not_imagine_requested_executes_requested,/home/ali/projects/RoboLab/output/v1_cosmos_vague/RubiksCubeLeftOfBowlMatchedTask/predicted_chunks/episode_001/chunk_010
/home/ali/projects/RoboLab/output/v1_cosmos_vague/RubiksCubeLeftOfBowlMatchedTask,2,0,6102000,left,False,4,0,31,neutral,False,rigid_object_root_pose_in_robot_frame,neither_imagines_nor_executes_requested,/home/ali/projects/RoboLab/output/v1_cosmos_vague/RubiksCubeLeftOfBowlMatchedTask/predicted_chunks/episode_002/chunk_000
/home/ali/projects/RoboLab/output/v1_cosmos_vague/RubiksCubeLeftOfBowlMatchedTask,2,1,6102001,left,False,4,0,63,neutral,False,rigid_object_root_pose_in_robot_frame,neither_imagines_nor_executes_requested,/home/ali/projects/RoboLab/output/v1_cosmos_vague/RubiksCubeLeftOfBowlMatchedTask/predicted_chunks/episode_002/chunk_001
/home/ali/projects/RoboLab/output/v1_cosmos_vague/RubiksCubeLeftOfBowlMatchedTask,2,2,6102002,left,,0,0,95,neutral,False,rigid_object_root_pose_in_robot_frame,uncertain_future,/home/ali/projects/RoboLab/output/v1_cosmos_vague/RubiksCubeLeftOfBowlMatchedTask/predicted_chunks/episode_002/chunk_002
/home/ali/projects/RoboLab/output/v1_cosmos_vague/RubiksCubeLeftOfBowlMatchedTask,2,3,6102003,left,True,2,2,126,left,True,rigid_object_root_pose_in_robot_frame,imagines_requested_executes_requested,/home/ali/projects/RoboLab/output/v1_cosmos_vague/RubiksCubeLeftOfBowlMatchedTask/predicted_chunks/episode_002/chunk_003
/home/ali/projects/RoboLab/output/v1_cosmos_vague/RubiksCubeLeftOfBowlMatchedTask,3,0,6103000,left,False,4,0,31,neutral,False,rigid_object_root_pose_in_robot_frame,neither_imagines_nor_executes_requested,/home/ali/projects/RoboLab/output/v1_cosmos_vague/RubiksCubeLeftOfBowlMatchedTask/predicted_chunks/episode_003/chunk_000
/home/ali/projects/RoboLab/output/v1_cosmos_vague/RubiksCubeLeftOfBowlMatchedTask,3,1,6103001,left,,1,0,63,neutral,False,rigid_object_root_pose_in_robot_frame,uncertain_future,/home/ali/projects/RoboLab/output/v1_cosmos_vague/RubiksCubeLeftOfBowlMatchedTask/predicted_chunks/episode_003/chunk_001
/home/ali/projects/RoboLab/output/v1_cosmos_vague/RubiksCubeLeftOfBowlMatchedTask,3,2,6103002,left,False,2,0,95,neutral,False,rigid_object_root_pose_in_robot_frame,neither_imagines_nor_executes_requested,/home/ali/projects/RoboLab/output/v1_cosmos_vague/RubiksCubeLeftOfBowlMatchedTask/predicted_chunks/episode_003/chunk_002
/home/ali/projects/RoboLab/output/v1_cosmos_vague/RubiksCubeLeftOfBowlMatchedTask,3,3,6103003,left,False,3,0,127,neutral,False,rigid_object_root_pose_in_robot_frame,neither_imagines_nor_executes_requested,/home/ali/projects/RoboLab/output/v1_cosmos_vague/RubiksCubeLeftOfBowlMatchedTask/predicted_chunks/episode_003/chunk_003
/home/ali/projects/RoboLab/output/v1_cosmos_vague/RubiksCubeLeftOfBowlMatchedTask,3,4,6103004,left,,1,0,159,neutral,False,rigid_object_root_pose_in_robot_frame,uncertain_future,/home/ali/projects/RoboLab/output/v1_cosmos_vague/RubiksCubeLeftOfBowlMatchedTask/predicted_chunks/episode_003/chunk_004
/home/ali/projects/RoboLab/output/v1_cosmos_vague/RubiksCubeLeftOfBowlMatchedTask,3,5,6103005,left,,1,0,191,neutral,False,rigid_object_root_pose_in_robot_frame,uncertain_future,/home/ali/projects/RoboLab/output/v1_cosmos_vague/RubiksCubeLeftOfBowlMatchedTask/predicted_chunks/episode_003/chunk_005
/home/ali/projects/RoboLab/output/v1_cosmos_vague/RubiksCubeLeftOfBowlMatchedTask,3,6,6103006,left,,1,0,223,neutral,False,rigid_object_root_pose_in_robot_frame,uncertain_future,/home/ali/projects/RoboLab/output/v1_cosmos_vague/RubiksCubeLeftOfBowlMatchedTask/predicted_chunks/episode_003/chunk_006
/home/ali/projects/RoboLab/output/v1_cosmos_vague/RubiksCubeLeftOfBowlMatchedTask,3,7,6103007,left,False,2,0,255,neutral,False,rigid_object_root_pose_in_robot_frame,neither_imagines_nor_executes_requested,/home/ali/projects/RoboLab/output/v1_cosmos_vague/RubiksCubeLeftOfBowlMatchedTask/predicted_chunks/episode_003/chunk_007
/home/ali/projects/RoboLab/output/v1_cosmos_vague/RubiksCubeLeftOfBowlMatchedTask,3,8,6103008,left,False,2,0,287,neutral,False,rigid_object_root_pose_in_robot_frame,neither_imagines_nor_executes_requested,/home/ali/projects/RoboLab/output/v1_cosmos_vague/RubiksCubeLeftOfBowlMatchedTask/predicted_chunks/episode_003/chunk_008
/home/ali/projects/RoboLab/output/v1_cosmos_vague/RubiksCubeLeftOfBowlMatchedTask,3,9,6103009,left,,1,0,319,right,False,rigid_object_root_pose_in_robot_frame,uncertain_future,/home/ali/projects/RoboLab/output/v1_cosmos_vague/RubiksCubeLeftOfBowlMatchedTask/predicted_chunks/episode_003/chunk_009
/home/ali/projects/RoboLab/output/v1_cosmos_vague/RubiksCubeLeftOfBowlMatchedTask,3,10,6103010,left,,1,0,351,right,False,rigid_object_root_pose_in_robot_frame,uncertain_future,/home/ali/projects/RoboLab/output/v1_cosmos_vague/RubiksCubeLeftOfBowlMatchedTask/predicted_chunks/episode_003/chunk_010
/home/ali/projects/RoboLab/output/v1_cosmos_vague/RubiksCubeLeftOfBowlMatchedTask,3,11,6103011,left,False,2,0,383,right,False,rigid_object_root_pose_in_robot_frame,neither_imagines_nor_executes_requested,/home/ali/projects/RoboLab/output/v1_cosmos_vague/RubiksCubeLeftOfBowlMatchedTask/predicted_chunks/episode_003/chunk_011
/home/ali/projects/RoboLab/output/v1_cosmos_vague/RubiksCubeLeftOfBowlMatchedTask,3,12,6103012,left,False,2,0,415,right,False,rigid_object_root_pose_in_robot_frame,neither_imagines_nor_executes_requested,/home/ali/projects/RoboLab/output/v1_cosmos_vague/RubiksCubeLeftOfBowlMatchedTask/predicted_chunks/episode_003/chunk_012
/home/ali/projects/RoboLab/output/v1_cosmos_vague/RubiksCubeLeftOfBowlMatchedTask,3,13,6103013,left,False,2,0,447,right,False,rigid_object_root_pose_in_robot_frame,neither_imagines_nor_executes_requested,/home/ali/projects/RoboLab/output/v1_cosmos_vague/RubiksCubeLeftOfBowlMatchedTask/predicted_chunks/episode_003/chunk_013
/home/ali/projects/RoboLab/output/v1_cosmos_vague/RubiksCubeLeftOfBowlMatchedTask,3,14,6103014,left,,1,0,449,right,False,rigid_object_root_pose_in_robot_frame,uncertain_future,/home/ali/projects/RoboLab/output/v1_cosmos_vague/RubiksCubeLeftOfBowlMatchedTask/predicted_chunks/episode_003/chunk_014
/home/ali/projects/RoboLab/output/v1_cosmos_vague/RubiksCubeLeftOfBowlMatchedTask,4,0,6104000,left,False,4,0,31,neutral,False,rigid_object_root_pose_in_robot_frame,neither_imagines_nor_executes_requested,/home/ali/projects/RoboLab/output/v1_cosmos_vague/RubiksCubeLeftOfBowlMatchedTask/predicted_chunks/episode_004/chunk_000
/home/ali/projects/RoboLab/output/v1_cosmos_vague/RubiksCubeLeftOfBowlMatchedTask,4,1,6104001,left,False,3,0,63,neutral,False,rigid_object_root_pose_in_robot_frame,neither_imagines_nor_executes_requested,/home/ali/projects/RoboLab/output/v1_cosmos_vague/RubiksCubeLeftOfBowlMatchedTask/predicted_chunks/episode_004/chunk_001
/home/ali/projects/RoboLab/output/v1_cosmos_vague/RubiksCubeLeftOfBowlMatchedTask,4,2,6104002,left,,1,0,95,neutral,False,rigid_object_root_pose_in_robot_frame,uncertain_future,/home/ali/projects/RoboLab/output/v1_cosmos_vague/RubiksCubeLeftOfBowlMatchedTask/predicted_chunks/episode_004/chunk_002
/home/ali/projects/RoboLab/output/v1_cosmos_vague/RubiksCubeLeftOfBowlMatchedTask,4,3,6104003,left,False,2,0,127,neutral,False,rigid_object_root_pose_in_robot_frame,neither_imagines_nor_executes_requested,/home/ali/projects/RoboLab/output/v1_cosmos_vague/RubiksCubeLeftOfBowlMatchedTask/predicted_chunks/episode_004/chunk_003
/home/ali/projects/RoboLab/output/v1_cosmos_vague/RubiksCubeLeftOfBowlMatchedTask,4,4,6104004,left,,0,0,159,right,False,rigid_object_root_pose_in_robot_frame,uncertain_future,/home/ali/projects/RoboLab/output/v1_cosmos_vague/RubiksCubeLeftOfBowlMatchedTask/predicted_chunks/episode_004/chunk_004
/home/ali/projects/RoboLab/output/v1_cosmos_vague/RubiksCubeLeftOfBowlMatchedTask,4,5,6104005,left,False,2,0,191,right,False,rigid_object_root_pose_in_robot_frame,neither_imagines_nor_executes_requested,/home/ali/projects/RoboLab/output/v1_cosmos_vague/RubiksCubeLeftOfBowlMatchedTask/predicted_chunks/episode_004/chunk_005
/home/ali/projects/RoboLab/output/v1_cosmos_vague/RubiksCubeLeftOfBowlMatchedTask,4,6,6104006,left,False,4,0,223,right,False,rigid_object_root_pose_in_robot_frame,neither_imagines_nor_executes_requested,/home/ali/projects/RoboLab/output/v1_cosmos_vague/RubiksCubeLeftOfBowlMatchedTask/predicted_chunks/episode_004/chunk_006
/home/ali/projects/RoboLab/output/v1_cosmos_vague/RubiksCubeLeftOfBowlMatchedTask,4,7,6104007,left,False,3,0,255,right,False,rigid_object_root_pose_in_robot_frame,neither_imagines_nor_executes_requested,/home/ali/projects/RoboLab/output/v1_cosmos_vague/RubiksCubeLeftOfBowlMatchedTask/predicted_chunks/episode_004/chunk_007
/home/ali/projects/RoboLab/output/v1_cosmos_vague/RubiksCubeLeftOfBowlMatchedTask,4,8,6104008,left,False,4,0,287,right,False,rigid_object_root_pose_in_robot_frame,neither_imagines_nor_executes_requested,/home/ali/projects/RoboLab/output/v1_cosmos_vague/RubiksCubeLeftOfBowlMatchedTask/predicted_chunks/episode_004/chunk_008
/home/ali/projects/RoboLab/output/v1_cosmos_vague/RubiksCubeLeftOfBowlMatchedTask,4,9,6104009,left,,1,0,319,right,False,rigid_object_root_pose_in_robot_frame,uncertain_future,/home/ali/projects/RoboLab/output/v1_cosmos_vague/RubiksCubeLeftOfBowlMatchedTask/predicted_chunks/episode_004/chunk_009
/home/ali/projects/RoboLab/output/v1_cosmos_vague/RubiksCubeLeftOfBowlMatchedTask,4,10,6104010,left,False,2,0,351,right,False,rigid_object_root_pose_in_robot_frame,neither_imagines_nor_executes_requested,/home/ali/projects/RoboLab/output/v1_cosmos_vague/RubiksCubeLeftOfBowlMatchedTask/predicted_chunks/episode_004/chunk_010
/home/ali/projects/RoboLab/output/v1_cosmos_vague/RubiksCubeLeftOfBowlMatchedTask,4,11,6104011,left,False,2,0,383,right,False,rigid_object_root_pose_in_robot_frame,neither_imagines_nor_executes_requested,/home/ali/projects/RoboLab/output/v1_cosmos_vague/RubiksCubeLeftOfBowlMatchedTask/predicted_chunks/episode_004/chunk_011
/home/ali/projects/RoboLab/output/v1_cosmos_vague/RubiksCubeLeftOfBowlMatchedTask,4,12,6104012,left,,1,0,415,right,False,rigid_object_root_pose_in_robot_frame,uncertain_future,/home/ali/projects/RoboLab/output/v1_cosmos_vague/RubiksCubeLeftOfBowlMatchedTask/predicted_chunks/episode_004/chunk_012
/home/ali/projects/RoboLab/output/v1_cosmos_vague/RubiksCubeLeftOfBowlMatchedTask,4,13,6104013,left,False,3,0,447,right,False,rigid_object_root_pose_in_robot_frame,neither_imagines_nor_executes_requested,/home/ali/projects/RoboLab/output/v1_cosmos_vague/RubiksCubeLeftOfBowlMatchedTask/predicted_chunks/episode_004/chunk_013
/home/ali/projects/RoboLab/output/v1_cosmos_vague/RubiksCubeLeftOfBowlMatchedTask,4,14,6104014,left,,1,0,449,right,False,rigid_object_root_pose_in_robot_frame,uncertain_future,/home/ali/projects/RoboLab/output/v1_cosmos_vague/RubiksCubeLeftOfBowlMatchedTask/predicted_chunks/episode_004/chunk_014
/home/ali/projects/RoboLab/output/v1_cosmos_vague/RubiksCubeLeftOfBowlMatchedTask,5,0,6105000,left,False,3,0,31,neutral,False,rigid_object_root_pose_in_robot_frame,neither_imagines_nor_executes_requested,/home/ali/projects/RoboLab/output/v1_cosmos_vague/RubiksCubeLeftOfBowlMatchedTask/predicted_chunks/episode_005/chunk_000
/home/ali/projects/RoboLab/output/v1_cosmos_vague/RubiksCubeLeftOfBowlMatchedTask,5,1,6105001,left,False,2,0,63,neutral,False,rigid_object_root_pose_in_robot_frame,neither_imagines_nor_executes_requested,/home/ali/projects/RoboLab/output/v1_cosmos_vague/RubiksCubeLeftOfBowlMatchedTask/predicted_chunks/episode_005/chunk_001
/home/ali/projects/RoboLab/output/v1_cosmos_vague/RubiksCubeLeftOfBowlMatchedTask,5,2,6105002,left,,1,0,95,neutral,False,rigid_object_root_pose_in_robot_frame,uncertain_future,/home/ali/projects/RoboLab/output/v1_cosmos_vague/RubiksCubeLeftOfBowlMatchedTask/predicted_chunks/episode_005/chunk_002
/home/ali/projects/RoboLab/output/v1_cosmos_vague/RubiksCubeLeftOfBowlMatchedTask,5,3,6105003,left,,1,0,127,neutral,False,rigid_object_root_pose_in_robot_frame,uncertain_future,/home/ali/projects/RoboLab/output/v1_cosmos_vague/RubiksCubeLeftOfBowlMatchedTask/predicted_chunks/episode_005/chunk_003
/home/ali/projects/RoboLab/output/v1_cosmos_vague/RubiksCubeLeftOfBowlMatchedTask,5,4,6105004,left,,1,1,152,left,True,rigid_object_root_pose_in_robot_frame,uncertain_future,/home/ali/projects/RoboLab/output/v1_cosmos_vague/RubiksCubeLeftOfBowlMatchedTask/predicted_chunks/episode_005/chunk_004
/home/ali/projects/RoboLab/output/v1_cosmos_vague/RubiksCubeLeftOfBowlMatchedTask,6,0,6106000,left,False,4,0,31,neutral,False,rigid_object_root_pose_in_robot_frame,neither_imagines_nor_executes_requested,/home/ali/projects/RoboLab/output/v1_cosmos_vague/RubiksCubeLeftOfBowlMatchedTask/predicted_chunks/episode_006/chunk_000
/home/ali/projects/RoboLab/output/v1_cosmos_vague/RubiksCubeLeftOfBowlMatchedTask,6,1,6106001,left,False,3,0,63,neutral,False,rigid_object_root_pose_in_robot_frame,neither_imagines_nor_executes_requested,/home/ali/projects/RoboLab/output/v1_cosmos_vague/RubiksCubeLeftOfBowlMatchedTask/predicted_chunks/episode_006/chunk_001
/home/ali/projects/RoboLab/output/v1_cosmos_vague/RubiksCubeLeftOfBowlMatchedTask,6,2,6106002,left,False,3,0,95,neutral,False,rigid_object_root_pose_in_robot_frame,neither_imagines_nor_executes_requested,/home/ali/projects/RoboLab/output/v1_cosmos_vague/RubiksCubeLeftOfBowlMatchedTask/predicted_chunks/episode_006/chunk_002
/home/ali/projects/RoboLab/output/v1_cosmos_vague/RubiksCubeLeftOfBowlMatchedTask,6,3,6106003,left,,3,1,127,neutral,False,rigid_object_root_pose_in_robot_frame,uncertain_future,/home/ali/projects/RoboLab/output/v1_cosmos_vague/RubiksCubeLeftOfBowlMatchedTask/predicted_chunks/episode_006/chunk_003
/home/ali/projects/RoboLab/output/v1_cosmos_vague/RubiksCubeLeftOfBowlMatchedTask,6,4,6106004,left,,0,0,159,neutral,False,rigid_object_root_pose_in_robot_frame,uncertain_future,/home/ali/projects/RoboLab/output/v1_cosmos_vague/RubiksCubeLeftOfBowlMatchedTask/predicted_chunks/episode_006/chunk_004
/home/ali/projects/RoboLab/output/v1_cosmos_vague/RubiksCubeLeftOfBowlMatchedTask,6,5,6106005,left,,0,0,191,neutral,False,rigid_object_root_pose_in_robot_frame,uncertain_future,/home/ali/projects/RoboLab/output/v1_cosmos_vague/RubiksCubeLeftOfBowlMatchedTask/predicted_chunks/episode_006/chunk_005
/home/ali/projects/RoboLab/output/v1_cosmos_vague/RubiksCubeLeftOfBowlMatchedTask,6,6,6106006,left,False,2,0,223,right,False,rigid_object_root_pose_in_robot_frame,neither_imagines_nor_executes_requested,/home/ali/projects/RoboLab/output/v1_cosmos_vague/RubiksCubeLeftOfBowlMatchedTask/predicted_chunks/episode_006/chunk_006
/home/ali/projects/RoboLab/output/v1_cosmos_vague/RubiksCubeLeftOfBowlMatchedTask,6,7,6106007,left,False,3,0,255,right,False,rigid_object_root_pose_in_robot_frame,neither_imagines_nor_executes_requested,/home/ali/projects/RoboLab/output/v1_cosmos_vague/RubiksCubeLeftOfBowlMatchedTask/predicted_chunks/episode_006/chunk_007
/home/ali/projects/RoboLab/output/v1_cosmos_vague/RubiksCubeLeftOfBowlMatchedTask,6,8,6106008,left,False,4,0,287,right,False,rigid_object_root_pose_in_robot_frame,neither_imagines_nor_executes_requested,/home/ali/projects/RoboLab/output/v1_cosmos_vague/RubiksCubeLeftOfBowlMatchedTask/predicted_chunks/episode_006/chunk_008
/home/ali/projects/RoboLab/output/v1_cosmos_vague/RubiksCubeLeftOfBowlMatchedTask,6,9,6106009,left,False,2,0,319,right,False,rigid_object_root_pose_in_robot_frame,neither_imagines_nor_executes_requested,/home/ali/projects/RoboLab/output/v1_cosmos_vague/RubiksCubeLeftOfBowlMatchedTask/predicted_chunks/episode_006/chunk_009
/home/ali/projects/RoboLab/output/v1_cosmos_vague/RubiksCubeLeftOfBowlMatchedTask,6,10,6106010,left,False,3,0,351,right,False,rigid_object_root_pose_in_robot_frame,neither_imagines_nor_executes_requested,/home/ali/projects/RoboLab/output/v1_cosmos_vague/RubiksCubeLeftOfBowlMatchedTask/predicted_chunks/episode_006/chunk_010
/home/ali/projects/RoboLab/output/v1_cosmos_vague/RubiksCubeLeftOfBowlMatchedTask,6,11,6106011,left,False,4,0,383,right,False,rigid_object_root_pose_in_robot_frame,neither_imagines_nor_executes_requested,/home/ali/projects/RoboLab/output/v1_cosmos_vague/RubiksCubeLeftOfBowlMatchedTask/predicted_chunks/episode_006/chunk_011
/home/ali/projects/RoboLab/output/v1_cosmos_vague/RubiksCubeLeftOfBowlMatchedTask,6,12,6106012,left,False,3,0,415,right,False,rigid_object_root_pose_in_robot_frame,neither_imagines_nor_executes_requested,/home/ali/projects/RoboLab/output/v1_cosmos_vague/RubiksCubeLeftOfBowlMatchedTask/predicted_chunks/episode_006/chunk_012
/home/ali/projects/RoboLab/output/v1_cosmos_vague/RubiksCubeLeftOfBowlMatchedTask,6,13,6106013,left,False,2,0,447,right,False,rigid_object_root_pose_in_robot_frame,neither_imagines_nor_executes_requested,/home/ali/projects/RoboLab/output/v1_cosmos_vague/RubiksCubeLeftOfBowlMatchedTask/predicted_chunks/episode_006/chunk_013
/home/ali/projects/RoboLab/output/v1_cosmos_vague/RubiksCubeLeftOfBowlMatchedTask,6,14,6106014,left,,0,0,449,right,False,rigid_object_root_pose_in_robot_frame,uncertain_future,/home/ali/projects/RoboLab/output/v1_cosmos_vague/RubiksCubeLeftOfBowlMatchedTask/predicted_chunks/episode_006/chunk_014
/home/ali/projects/RoboLab/output/v1_cosmos_vague/RubiksCubeLeftOfBowlMatchedTask,7,0,6107000,left,False,4,0,31,neutral,False,rigid_object_root_pose_in_robot_frame,neither_imagines_nor_executes_requested,/home/ali/projects/RoboLab/output/v1_cosmos_vague/RubiksCubeLeftOfBowlMatchedTask/predicted_chunks/episode_007/chunk_000
/home/ali/projects/RoboLab/output/v1_cosmos_vague/RubiksCubeLeftOfBowlMatchedTask,7,1,6107001,left,False,2,0,63,neutral,False,rigid_object_root_pose_in_robot_frame,neither_imagines_nor_executes_requested,/home/ali/projects/RoboLab/output/v1_cosmos_vague/RubiksCubeLeftOfBowlMatchedTask/predicted_chunks/episode_007/chunk_001
/home/ali/projects/RoboLab/output/v1_cosmos_vague/RubiksCubeLeftOfBowlMatchedTask,7,2,6107002,left,False,3,0,95,neutral,False,rigid_object_root_pose_in_robot_frame,neither_imagines_nor_executes_requested,/home/ali/projects/RoboLab/output/v1_cosmos_vague/RubiksCubeLeftOfBowlMatchedTask/predicted_chunks/episode_007/chunk_002
/home/ali/projects/RoboLab/output/v1_cosmos_vague/RubiksCubeLeftOfBowlMatchedTask,7,3,6107003,left,False,2,0,127,neutral,False,rigid_object_root_pose_in_robot_frame,neither_imagines_nor_executes_requested,/home/ali/projects/RoboLab/output/v1_cosmos_vague/RubiksCubeLeftOfBowlMatchedTask/predicted_chunks/episode_007/chunk_003
/home/ali/projects/RoboLab/output/v1_cosmos_vague/RubiksCubeLeftOfBowlMatchedTask,7,4,6107004,left,,0,0,159,neutral,False,rigid_object_root_pose_in_robot_frame,uncertain_future,/home/ali/projects/RoboLab/output/v1_cosmos_vague/RubiksCubeLeftOfBowlMatchedTask/predicted_chunks/episode_007/chunk_004
/home/ali/projects/RoboLab/output/v1_cosmos_vague/RubiksCubeLeftOfBowlMatchedTask,7,5,6107005,left,,1,0,191,neutral,False,rigid_object_root_pose_in_robot_frame,uncertain_future,/home/ali/projects/RoboLab/output/v1_cosmos_vague/RubiksCubeLeftOfBowlMatchedTask/predicted_chunks/episode_007/chunk_005
/home/ali/projects/RoboLab/output/v1_cosmos_vague/RubiksCubeLeftOfBowlMatchedTask,7,6,6107006,left,,1,0,223,neutral,False,rigid_object_root_pose_in_robot_frame,uncertain_future,/home/ali/projects/RoboLab/output/v1_cosmos_vague/RubiksCubeLeftOfBowlMatchedTask/predicted_chunks/episode_007/chunk_006
/home/ali/projects/RoboLab/output/v1_cosmos_vague/RubiksCubeLeftOfBowlMatchedTask,7,7,6107007,left,,1,0,255,neutral,False,rigid_object_root_pose_in_robot_frame,uncertain_future,/home/ali/projects/RoboLab/output/v1_cosmos_vague/RubiksCubeLeftOfBowlMatchedTask/predicted_chunks/episode_007/chunk_007
/home/ali/projects/RoboLab/output/v1_cosmos_vague/RubiksCubeLeftOfBowlMatchedTask,7,8,6107008,left,False,2,0,287,neutral,False,rigid_object_root_pose_in_robot_frame,neither_imagines_nor_executes_requested,/home/ali/projects/RoboLab/output/v1_cosmos_vague/RubiksCubeLeftOfBowlMatchedTask/predicted_chunks/episode_007/chunk_008
/home/ali/projects/RoboLab/output/v1_cosmos_vague/RubiksCubeLeftOfBowlMatchedTask,7,9,6107009,left,False,2,0,319,neutral,False,rigid_object_root_pose_in_robot_frame,neither_imagines_nor_executes_requested,/home/ali/projects/RoboLab/output/v1_cosmos_vague/RubiksCubeLeftOfBowlMatchedTask/predicted_chunks/episode_007/chunk_009
/home/ali/projects/RoboLab/output/v1_cosmos_vague/RubiksCubeLeftOfBowlMatchedTask,7,10,6107010,left,,0,0,351,neutral,False,rigid_object_root_pose_in_robot_frame,uncertain_future,/home/ali/projects/RoboLab/output/v1_cosmos_vague/RubiksCubeLeftOfBowlMatchedTask/predicted_chunks/episode_007/chunk_010
/home/ali/projects/RoboLab/output/v1_cosmos_vague/RubiksCubeLeftOfBowlMatchedTask,7,11,6107011,left,,1,0,383,neutral,False,rigid_object_root_pose_in_robot_frame,uncertain_future,/home/ali/projects/RoboLab/output/v1_cosmos_vague/RubiksCubeLeftOfBowlMatchedTask/predicted_chunks/episode_007/chunk_011
/home/ali/projects/RoboLab/output/v1_cosmos_vague/RubiksCubeLeftOfBowlMatchedTask,7,12,6107012,left,,1,0,415,neutral,False,rigid_object_root_pose_in_robot_frame,uncertain_future,/home/ali/projects/RoboLab/output/v1_cosmos_vague/RubiksCubeLeftOfBowlMatchedTask/predicted_chunks/episode_007/chunk_012
/home/ali/projects/RoboLab/output/v1_cosmos_vague/RubiksCubeLeftOfBowlMatchedTask,7,13,6107013,left,,0,0,447,neutral,False,rigid_object_root_pose_in_robot_frame,uncertain_future,/home/ali/projects/RoboLab/output/v1_cosmos_vague/RubiksCubeLeftOfBowlMatchedTask/predicted_chunks/episode_007/chunk_013
/home/ali/projects/RoboLab/output/v1_cosmos_vague/RubiksCubeLeftOfBowlMatchedTask,7,14,6107014,left,,1,0,449,neutral,False,rigid_object_root_pose_in_robot_frame,uncertain_future,/home/ali/projects/RoboLab/output/v1_cosmos_vague/RubiksCubeLeftOfBowlMatchedTask/predicted_chunks/episode_007/chunk_014
/home/ali/projects/RoboLab/output/v1_cosmos_vague/RubiksCubeLeftOfBowlMatchedTask,8,0,6108000,left,False,4,0,31,neutral,False,rigid_object_root_pose_in_robot_frame,neither_imagines_nor_executes_requested,/home/ali/projects/RoboLab/output/v1_cosmos_vague/RubiksCubeLeftOfBowlMatchedTask/predicted_chunks/episode_008/chunk_000
/home/ali/projects/RoboLab/output/v1_cosmos_vague/RubiksCubeLeftOfBowlMatchedTask,8,1,6108001,left,False,3,0,63,neutral,False,rigid_object_root_pose_in_robot_frame,neither_imagines_nor_executes_requested,/home/ali/projects/RoboLab/output/v1_cosmos_vague/RubiksCubeLeftOfBowlMatchedTask/predicted_chunks/episode_008/chunk_001
/home/ali/projects/RoboLab/output/v1_cosmos_vague/RubiksCubeLeftOfBowlMatchedTask,8,2,6108002,left,False,2,0,95,neutral,False,rigid_object_root_pose_in_robot_frame,neither_imagines_nor_executes_requested,/home/ali/projects/RoboLab/output/v1_cosmos_vague/RubiksCubeLeftOfBowlMatchedTask/predicted_chunks/episode_008/chunk_002
/home/ali/projects/RoboLab/output/v1_cosmos_vague/RubiksCubeLeftOfBowlMatchedTask,8,3,6108003,left,False,4,0,127,neutral,False,rigid_object_root_pose_in_robot_frame,neither_imagines_nor_executes_requested,/home/ali/projects/RoboLab/output/v1_cosmos_vague/RubiksCubeLeftOfBowlMatchedTask/predicted_chunks/episode_008/chunk_003
/home/ali/projects/RoboLab/output/v1_cosmos_vague/RubiksCubeLeftOfBowlMatchedTask,8,4,6108004,left,,1,0,159,neutral,False,rigid_object_root_pose_in_robot_frame,uncertain_future,/home/ali/projects/RoboLab/output/v1_cosmos_vague/RubiksCubeLeftOfBowlMatchedTask/predicted_chunks/episode_008/chunk_004
/home/ali/projects/RoboLab/output/v1_cosmos_vague/RubiksCubeLeftOfBowlMatchedTask,8,5,6108005,left,,1,0,191,neutral,False,rigid_object_root_pose_in_robot_frame,uncertain_future,/home/ali/projects/RoboLab/output/v1_cosmos_vague/RubiksCubeLeftOfBowlMatchedTask/predicted_chunks/episode_008/chunk_005
/home/ali/projects/RoboLab/output/v1_cosmos_vague/RubiksCubeLeftOfBowlMatchedTask,8,6,6108006,left,,1,0,223,neutral,False,rigid_object_root_pose_in_robot_frame,uncertain_future,/home/ali/projects/RoboLab/output/v1_cosmos_vague/RubiksCubeLeftOfBowlMatchedTask/predicted_chunks/episode_008/chunk_006
/home/ali/projects/RoboLab/output/v1_cosmos_vague/RubiksCubeLeftOfBowlMatchedTask,8,7,6108007,left,,0,0,255,right,False,rigid_object_root_pose_in_robot_frame,uncertain_future,/home/ali/projects/RoboLab/output/v1_cosmos_vague/RubiksCubeLeftOfBowlMatchedTask/predicted_chunks/episode_008/chunk_007
/home/ali/projects/RoboLab/output/v1_cosmos_vague/RubiksCubeLeftOfBowlMatchedTask,8,8,6108008,left,False,3,0,287,right,False,rigid_object_root_pose_in_robot_frame,neither_imagines_nor_executes_requested,/home/ali/projects/RoboLab/output/v1_cosmos_vague/RubiksCubeLeftOfBowlMatchedTask/predicted_chunks/episode_008/chunk_008
/home/ali/projects/RoboLab/output/v1_cosmos_vague/RubiksCubeLeftOfBowlMatchedTask,8,9,6108009,left,False,2,0,319,neutral,False,rigid_object_root_pose_in_robot_frame,neither_imagines_nor_executes_requested,/home/ali/projects/RoboLab/output/v1_cosmos_vague/RubiksCubeLeftOfBowlMatchedTask/predicted_chunks/episode_008/chunk_009
/home/ali/projects/RoboLab/output/v1_cosmos_vague/RubiksCubeLeftOfBowlMatchedTask,8,10,6108010,left,,0,0,351,neutral,False,rigid_object_root_pose_in_robot_frame,uncertain_future,/home/ali/projects/RoboLab/output/v1_cosmos_vague/RubiksCubeLeftOfBowlMatchedTask/predicted_chunks/episode_008/chunk_010
/home/ali/projects/RoboLab/output/v1_cosmos_vague/RubiksCubeLeftOfBowlMatchedTask,8,11,6108011,left,,1,0,383,neutral,False,rigid_object_root_pose_in_robot_frame,uncertain_future,/home/ali/projects/RoboLab/output/v1_cosmos_vague/RubiksCubeLeftOfBowlMatchedTask/predicted_chunks/episode_008/chunk_011
/home/ali/projects/RoboLab/output/v1_cosmos_vague/RubiksCubeLeftOfBowlMatchedTask,8,12,6108012,left,,0,0,415,neutral,False,rigid_object_root_pose_in_robot_frame,uncertain_future,/home/ali/projects/RoboLab/output/v1_cosmos_vague/RubiksCubeLeftOfBowlMatchedTask/predicted_chunks/episode_008/chunk_012
/home/ali/projects/RoboLab/output/v1_cosmos_vague/RubiksCubeLeftOfBowlMatchedTask,8,13,6108013,left,,0,0,447,neutral,False,rigid_object_root_pose_in_robot_frame,uncertain_future,/home/ali/projects/RoboLab/output/v1_cosmos_vague/RubiksCubeLeftOfBowlMatchedTask/predicted_chunks/episode_008/chunk_013
/home/ali/projects/RoboLab/output/v1_cosmos_vague/RubiksCubeLeftOfBowlMatchedTask,8,14,6108014,left,False,3,0,449,neutral,False,rigid_object_root_pose_in_robot_frame,neither_imagines_nor_executes_requested,/home/ali/projects/RoboLab/output/v1_cosmos_vague/RubiksCubeLeftOfBowlMatchedTask/predicted_chunks/episode_008/chunk_014
/home/ali/projects/RoboLab/output/v1_cosmos_vague/RubiksCubeLeftOfBowlMatchedTask,9,0,6109000,left,False,4,0,31,neutral,False,rigid_object_root_pose_in_robot_frame,neither_imagines_nor_executes_requested,/home/ali/projects/RoboLab/output/v1_cosmos_vague/RubiksCubeLeftOfBowlMatchedTask/predicted_chunks/episode_009/chunk_000
/home/ali/projects/RoboLab/output/v1_cosmos_vague/RubiksCubeLeftOfBowlMatchedTask,9,1,6109001,left,False,4,0,63,neutral,False,rigid_object_root_pose_in_robot_frame,neither_imagines_nor_executes_requested,/home/ali/projects/RoboLab/output/v1_cosmos_vague/RubiksCubeLeftOfBowlMatchedTask/predicted_chunks/episode_009/chunk_001
/home/ali/projects/RoboLab/output/v1_cosmos_vague/RubiksCubeLeftOfBowlMatchedTask,9,2,6109002,left,,1,0,95,neutral,False,rigid_object_root_pose_in_robot_frame,uncertain_future,/home/ali/projects/RoboLab/output/v1_cosmos_vague/RubiksCubeLeftOfBowlMatchedTask/predicted_chunks/episode_009/chunk_002
/home/ali/projects/RoboLab/output/v1_cosmos_vague/RubiksCubeLeftOfBowlMatchedTask,9,3,6109003,left,,1,0,127,right,False,rigid_object_root_pose_in_robot_frame,uncertain_future,/home/ali/projects/RoboLab/output/v1_cosmos_vague/RubiksCubeLeftOfBowlMatchedTask/predicted_chunks/episode_009/chunk_003
/home/ali/projects/RoboLab/output/v1_cosmos_vague/RubiksCubeLeftOfBowlMatchedTask,9,4,6109004,left,,1,0,159,right,False,rigid_object_root_pose_in_robot_frame,uncertain_future,/home/ali/projects/RoboLab/output/v1_cosmos_vague/RubiksCubeLeftOfBowlMatchedTask/predicted_chunks/episode_009/chunk_004
/home/ali/projects/RoboLab/output/v1_cosmos_vague/RubiksCubeLeftOfBowlMatchedTask,9,5,6109005,left,False,3,0,191,right,False,rigid_object_root_pose_in_robot_frame,neither_imagines_nor_executes_requested,/home/ali/projects/RoboLab/output/v1_cosmos_vague/RubiksCubeLeftOfBowlMatchedTask/predicted_chunks/episode_009/chunk_005
/home/ali/projects/RoboLab/output/v1_cosmos_vague/RubiksCubeLeftOfBowlMatchedTask,9,6,6109006,left,,0,0,223,right,False,rigid_object_root_pose_in_robot_frame,uncertain_future,/home/ali/projects/RoboLab/output/v1_cosmos_vague/RubiksCubeLeftOfBowlMatchedTask/predicted_chunks/episode_009/chunk_006
/home/ali/projects/RoboLab/output/v1_cosmos_vague/RubiksCubeLeftOfBowlMatchedTask,9,7,6109007,left,False,3,0,255,right,False,rigid_object_root_pose_in_robot_frame,neither_imagines_nor_executes_requested,/home/ali/projects/RoboLab/output/v1_cosmos_vague/RubiksCubeLeftOfBowlMatchedTask/predicted_chunks/episode_009/chunk_007
/home/ali/projects/RoboLab/output/v1_cosmos_vague/RubiksCubeLeftOfBowlMatchedTask,9,8,6109008,left,False,4,0,287,right,False,rigid_object_root_pose_in_robot_frame,neither_imagines_nor_executes_requested,/home/ali/projects/RoboLab/output/v1_cosmos_vague/RubiksCubeLeftOfBowlMatchedTask/predicted_chunks/episode_009/chunk_008
/home/ali/projects/RoboLab/output/v1_cosmos_vague/RubiksCubeLeftOfBowlMatchedTask,9,9,6109009,left,False,2,0,319,neutral,False,rigid_object_root_pose_in_robot_frame,neither_imagines_nor_executes_requested,/home/ali/projects/RoboLab/output/v1_cosmos_vague/RubiksCubeLeftOfBowlMatchedTask/predicted_chunks/episode_009/chunk_009
/home/ali/projects/RoboLab/output/v1_cosmos_vague/RubiksCubeLeftOfBowlMatchedTask,9,10,6109010,left,,1,0,351,right,False,rigid_object_root_pose_in_robot_frame,uncertain_future,/home/ali/projects/RoboLab/output/v1_cosmos_vague/RubiksCubeLeftOfBowlMatchedTask/predicted_chunks/episode_009/chunk_010
/home/ali/projects/RoboLab/output/v1_cosmos_vague/RubiksCubeLeftOfBowlMatchedTask,9,11,6109011,left,,0,0,383,right,False,rigid_object_root_pose_in_robot_frame,uncertain_future,/home/ali/projects/RoboLab/output/v1_cosmos_vague/RubiksCubeLeftOfBowlMatchedTask/predicted_chunks/episode_009/chunk_011
/home/ali/projects/RoboLab/output/v1_cosmos_vague/RubiksCubeLeftOfBowlMatchedTask,9,12,6109012,left,,0,0,415,right,False,rigid_object_root_pose_in_robot_frame,uncertain_future,/home/ali/projects/RoboLab/output/v1_cosmos_vague/RubiksCubeLeftOfBowlMatchedTask/predicted_chunks/episode_009/chunk_012
/home/ali/projects/RoboLab/output/v1_cosmos_vague/RubiksCubeLeftOfBowlMatchedTask,9,13,6109013,left,,0,0,447,neutral,False,rigid_object_root_pose_in_robot_frame,uncertain_future,/home/ali/projects/RoboLab/output/v1_cosmos_vague/RubiksCubeLeftOfBowlMatchedTask/predicted_chunks/episode_009/chunk_013
/home/ali/projects/RoboLab/output/v1_cosmos_vague/RubiksCubeLeftOfBowlMatchedTask,9,14,6109014,left,,0,0,449,left,True,rigid_object_root_pose_in_robot_frame,uncertain_future,/home/ali/projects/RoboLab/output/v1_cosmos_vague/RubiksCubeLeftOfBowlMatchedTask/predicted_chunks/episode_009/chunk_014
/home/ali/projects/RoboLab/output/v1_cosmos_vague/RubiksCubeRightOfBowlMatchedTask,0,0,6100000,right,False,4,0,31,neutral,False,rigid_object_root_pose_in_robot_frame,neither_imagines_nor_executes_requested,/home/ali/projects/RoboLab/output/v1_cosmos_vague/RubiksCubeRightOfBowlMatchedTask/predicted_chunks/episode_000/chunk_000
/home/ali/projects/RoboLab/output/v1_cosmos_vague/RubiksCubeRightOfBowlMatchedTask,0,1,6100001,right,False,2,0,63,neutral,False,rigid_object_root_pose_in_robot_frame,neither_imagines_nor_executes_requested,/home/ali/projects/RoboLab/output/v1_cosmos_vague/RubiksCubeRightOfBowlMatchedTask/predicted_chunks/episode_000/chunk_001
/home/ali/projects/RoboLab/output/v1_cosmos_vague/RubiksCubeRightOfBowlMatchedTask,0,2,6100002,right,,0,0,95,neutral,False,rigid_object_root_pose_in_robot_frame,uncertain_future,/home/ali/projects/RoboLab/output/v1_cosmos_vague/RubiksCubeRightOfBowlMatchedTask/predicted_chunks/episode_000/chunk_002
/home/ali/projects/RoboLab/output/v1_cosmos_vague/RubiksCubeRightOfBowlMatchedTask,0,3,6100003,right,,0,0,127,right,True,rigid_object_root_pose_in_robot_frame,uncertain_future,/home/ali/projects/RoboLab/output/v1_cosmos_vague/RubiksCubeRightOfBowlMatchedTask/predicted_chunks/episode_000/chunk_003
/home/ali/projects/RoboLab/output/v1_cosmos_vague/RubiksCubeRightOfBowlMatchedTask,0,4,6100004,right,True,2,2,158,right,True,rigid_object_root_pose_in_robot_frame,imagines_requested_executes_requested,/home/ali/projects/RoboLab/output/v1_cosmos_vague/RubiksCubeRightOfBowlMatchedTask/predicted_chunks/episode_000/chunk_004
/home/ali/projects/RoboLab/output/v1_cosmos_vague/RubiksCubeRightOfBowlMatchedTask,1,0,6101000,right,False,4,0,31,neutral,False,rigid_object_root_pose_in_robot_frame,neither_imagines_nor_executes_requested,/home/ali/projects/RoboLab/output/v1_cosmos_vague/RubiksCubeRightOfBowlMatchedTask/predicted_chunks/episode_001/chunk_000
/home/ali/projects/RoboLab/output/v1_cosmos_vague/RubiksCubeRightOfBowlMatchedTask,1,1,6101001,right,False,3,0,63,neutral,False,rigid_object_root_pose_in_robot_frame,neither_imagines_nor_executes_requested,/home/ali/projects/RoboLab/output/v1_cosmos_vague/RubiksCubeRightOfBowlMatchedTask/predicted_chunks/episode_001/chunk_001
/home/ali/projects/RoboLab/output/v1_cosmos_vague/RubiksCubeRightOfBowlMatchedTask,1,2,6101002,right,False,3,0,95,neutral,False,rigid_object_root_pose_in_robot_frame,neither_imagines_nor_executes_requested,/home/ali/projects/RoboLab/output/v1_cosmos_vague/RubiksCubeRightOfBowlMatchedTask/predicted_chunks/episode_001/chunk_002
/home/ali/projects/RoboLab/output/v1_cosmos_vague/RubiksCubeRightOfBowlMatchedTask,1,3,6101003,right,,3,1,127,neutral,False,rigid_object_root_pose_in_robot_frame,uncertain_future,/home/ali/projects/RoboLab/output/v1_cosmos_vague/RubiksCubeRightOfBowlMatchedTask/predicted_chunks/episode_001/chunk_003
/home/ali/projects/RoboLab/output/v1_cosmos_vague/RubiksCubeRightOfBowlMatchedTask,1,4,6101004,right,False,3,0,159,right,True,rigid_object_root_pose_in_robot_frame,does_not_imagine_requested_executes_requested,/home/ali/projects/RoboLab/output/v1_cosmos_vague/RubiksCubeRightOfBowlMatchedTask/predicted_chunks/episode_001/chunk_004
/home/ali/projects/RoboLab/output/v1_cosmos_vague/RubiksCubeRightOfBowlMatchedTask,1,5,6101005,right,,0,0,177,right,True,rigid_object_root_pose_in_robot_frame,uncertain_future,/home/ali/projects/RoboLab/output/v1_cosmos_vague/RubiksCubeRightOfBowlMatchedTask/predicted_chunks/episode_001/chunk_005
/home/ali/projects/RoboLab/output/v1_cosmos_vague/RubiksCubeRightOfBowlMatchedTask,2,0,6102000,right,False,4,0,31,neutral,False,rigid_object_root_pose_in_robot_frame,neither_imagines_nor_executes_requested,/home/ali/projects/RoboLab/output/v1_cosmos_vague/RubiksCubeRightOfBowlMatchedTask/predicted_chunks/episode_002/chunk_000
/home/ali/projects/RoboLab/output/v1_cosmos_vague/RubiksCubeRightOfBowlMatchedTask,2,1,6102001,right,False,2,0,63,neutral,False,rigid_object_root_pose_in_robot_frame,neither_imagines_nor_executes_requested,/home/ali/projects/RoboLab/output/v1_cosmos_vague/RubiksCubeRightOfBowlMatchedTask/predicted_chunks/episode_002/chunk_001
/home/ali/projects/RoboLab/output/v1_cosmos_vague/RubiksCubeRightOfBowlMatchedTask,2,2,6102002,right,False,4,1,95,neutral,False,rigid_object_root_pose_in_robot_frame,neither_imagines_nor_executes_requested,/home/ali/projects/RoboLab/output/v1_cosmos_vague/RubiksCubeRightOfBowlMatchedTask/predicted_chunks/episode_002/chunk_002
/home/ali/projects/RoboLab/output/v1_cosmos_vague/RubiksCubeRightOfBowlMatchedTask,2,3,6102003,right,,0,0,127,neutral,False,rigid_object_root_pose_in_robot_frame,uncertain_future,/home/ali/projects/RoboLab/output/v1_cosmos_vague/RubiksCubeRightOfBowlMatchedTask/predicted_chunks/episode_002/chunk_003
/home/ali/projects/RoboLab/output/v1_cosmos_vague/RubiksCubeRightOfBowlMatchedTask,2,4,6102004,right,,2,1,157,right,True,rigid_object_root_pose_in_robot_frame,uncertain_future,/home/ali/projects/RoboLab/output/v1_cosmos_vague/RubiksCubeRightOfBowlMatchedTask/predicted_chunks/episode_002/chunk_004
/home/ali/projects/RoboLab/output/v1_cosmos_vague/RubiksCubeRightOfBowlMatchedTask,3,0,6103000,right,False,4,0,31,neutral,False,rigid_object_root_pose_in_robot_frame,neither_imagines_nor_executes_requested,/home/ali/projects/RoboLab/output/v1_cosmos_vague/RubiksCubeRightOfBowlMatchedTask/predicted_chunks/episode_003/chunk_000
/home/ali/projects/RoboLab/output/v1_cosmos_vague/RubiksCubeRightOfBowlMatchedTask,3,1,6103001,right,False,2,0,63,neutral,False,rigid_object_root_pose_in_robot_frame,neither_imagines_nor_executes_requested,/home/ali/projects/RoboLab/output/v1_cosmos_vague/RubiksCubeRightOfBowlMatchedTask/predicted_chunks/episode_003/chunk_001
/home/ali/projects/RoboLab/output/v1_cosmos_vague/RubiksCubeRightOfBowlMatchedTask,3,2,6103002,right,,1,0,95,neutral,False,rigid_object_root_pose_in_robot_frame,uncertain_future,/home/ali/projects/RoboLab/output/v1_cosmos_vague/RubiksCubeRightOfBowlMatchedTask/predicted_chunks/episode_003/chunk_002
/home/ali/projects/RoboLab/output/v1_cosmos_vague/RubiksCubeRightOfBowlMatchedTask,3,3,6103003,right,,1,0,127,neutral,False,rigid_object_root_pose_in_robot_frame,uncertain_future,/home/ali/projects/RoboLab/output/v1_cosmos_vague/RubiksCubeRightOfBowlMatchedTask/predicted_chunks/episode_003/chunk_003
/home/ali/projects/RoboLab/output/v1_cosmos_vague/RubiksCubeRightOfBowlMatchedTask,3,4,6103004,right,,0,0,159,neutral,False,rigid_object_root_pose_in_robot_frame,uncertain_future,/home/ali/projects/RoboLab/output/v1_cosmos_vague/RubiksCubeRightOfBowlMatchedTask/predicted_chunks/episode_003/chunk_004
/home/ali/projects/RoboLab/output/v1_cosmos_vague/RubiksCubeRightOfBowlMatchedTask,3,5,6103005,right,,1,0,191,neutral,False,rigid_object_root_pose_in_robot_frame,uncertain_future,/home/ali/projects/RoboLab/output/v1_cosmos_vague/RubiksCubeRightOfBowlMatchedTask/predicted_chunks/episode_003/chunk_005
/home/ali/projects/RoboLab/output/v1_cosmos_vague/RubiksCubeRightOfBowlMatchedTask,3,6,6103006,right,,0,0,223,right,True,rigid_object_root_pose_in_robot_frame,uncertain_future,/home/ali/projects/RoboLab/output/v1_cosmos_vague/RubiksCubeRightOfBowlMatchedTask/predicted_chunks/episode_003/chunk_006
/home/ali/projects/RoboLab/output/v1_cosmos_vague/RubiksCubeRightOfBowlMatchedTask,3,7,6103007,right,True,2,2,244,right,True,rigid_object_root_pose_in_robot_frame,imagines_requested_executes_requested,/home/ali/projects/RoboLab/output/v1_cosmos_vague/RubiksCubeRightOfBowlMatchedTask/predicted_chunks/episode_003/chunk_007
/home/ali/projects/RoboLab/output/v1_cosmos_vague/RubiksCubeRightOfBowlMatchedTask,4,0,6104000,right,False,4,0,31,neutral,False,rigid_object_root_pose_in_robot_frame,neither_imagines_nor_executes_requested,/home/ali/projects/RoboLab/output/v1_cosmos_vague/RubiksCubeRightOfBowlMatchedTask/predicted_chunks/episode_004/chunk_000
/home/ali/projects/RoboLab/output/v1_cosmos_vague/RubiksCubeRightOfBowlMatchedTask,4,1,6104001,right,False,3,0,63,neutral,False,rigid_object_root_pose_in_robot_frame,neither_imagines_nor_executes_requested,/home/ali/projects/RoboLab/output/v1_cosmos_vague/RubiksCubeRightOfBowlMatchedTask/predicted_chunks/episode_004/chunk_001
/home/ali/projects/RoboLab/output/v1_cosmos_vague/RubiksCubeRightOfBowlMatchedTask,4,2,6104002,right,,0,0,95,neutral,False,rigid_object_root_pose_in_robot_frame,uncertain_future,/home/ali/projects/RoboLab/output/v1_cosmos_vague/RubiksCubeRightOfBowlMatchedTask/predicted_chunks/episode_004/chunk_002
/home/ali/projects/RoboLab/output/v1_cosmos_vague/RubiksCubeRightOfBowlMatchedTask,4,3,6104003,right,,0,0,127,neutral,False,rigid_object_root_pose_in_robot_frame,uncertain_future,/home/ali/projects/RoboLab/output/v1_cosmos_vague/RubiksCubeRightOfBowlMatchedTask/predicted_chunks/episode_004/chunk_003
/home/ali/projects/RoboLab/output/v1_cosmos_vague/RubiksCubeRightOfBowlMatchedTask,4,4,6104004,right,,1,0,159,neutral,False,rigid_object_root_pose_in_robot_frame,uncertain_future,/home/ali/projects/RoboLab/output/v1_cosmos_vague/RubiksCubeRightOfBowlMatchedTask/predicted_chunks/episode_004/chunk_004
/home/ali/projects/RoboLab/output/v1_cosmos_vague/RubiksCubeRightOfBowlMatchedTask,4,5,6104005,right,,0,0,191,neutral,False,rigid_object_root_pose_in_robot_frame,uncertain_future,/home/ali/projects/RoboLab/output/v1_cosmos_vague/RubiksCubeRightOfBowlMatchedTask/predicted_chunks/episode_004/chunk_005
/home/ali/projects/RoboLab/output/v1_cosmos_vague/RubiksCubeRightOfBowlMatchedTask,4,6,6104006,right,True,2,2,223,right,True,rigid_object_root_pose_in_robot_frame,imagines_requested_executes_requested,/home/ali/projects/RoboLab/output/v1_cosmos_vague/RubiksCubeRightOfBowlMatchedTask/predicted_chunks/episode_004/chunk_006
/home/ali/projects/RoboLab/output/v1_cosmos_vague/RubiksCubeRightOfBowlMatchedTask,4,7,6104007,right,True,2,2,255,neutral,False,rigid_object_root_pose_in_robot_frame,imagines_requested_executes_not_requested,/home/ali/projects/RoboLab/output/v1_cosmos_vague/RubiksCubeRightOfBowlMatchedTask/predicted_chunks/episode_004/chunk_007
/home/ali/projects/RoboLab/output/v1_cosmos_vague/RubiksCubeRightOfBowlMatchedTask,4,8,6104008,right,,0,0,287,right,True,rigid_object_root_pose_in_robot_frame,uncertain_future,/home/ali/projects/RoboLab/output/v1_cosmos_vague/RubiksCubeRightOfBowlMatchedTask/predicted_chunks/episode_004/chunk_008
/home/ali/projects/RoboLab/output/v1_cosmos_vague/RubiksCubeRightOfBowlMatchedTask,4,9,6104009,right,,1,0,319,right,True,rigid_object_root_pose_in_robot_frame,uncertain_future,/home/ali/projects/RoboLab/output/v1_cosmos_vague/RubiksCubeRightOfBowlMatchedTask/predicted_chunks/episode_004/chunk_009
/home/ali/projects/RoboLab/output/v1_cosmos_vague/RubiksCubeRightOfBowlMatchedTask,4,10,6104010,right,,1,1,339,right,True,rigid_object_root_pose_in_robot_frame,uncertain_future,/home/ali/projects/RoboLab/output/v1_cosmos_vague/RubiksCubeRightOfBowlMatchedTask/predicted_chunks/episode_004/chunk_010
/home/ali/projects/RoboLab/output/v1_cosmos_vague/RubiksCubeRightOfBowlMatchedTask,5,0,6105000,right,False,2,0,31,neutral,False,rigid_object_root_pose_in_robot_frame,neither_imagines_nor_executes_requested,/home/ali/projects/RoboLab/output/v1_cosmos_vague/RubiksCubeRightOfBowlMatchedTask/predicted_chunks/episode_005/chunk_000
/home/ali/projects/RoboLab/output/v1_cosmos_vague/RubiksCubeRightOfBowlMatchedTask,5,1,6105001,right,False,2,0,63,neutral,False,rigid_object_root_pose_in_robot_frame,neither_imagines_nor_executes_requested,/home/ali/projects/RoboLab/output/v1_cosmos_vague/RubiksCubeRightOfBowlMatchedTask/predicted_chunks/episode_005/chunk_001
/home/ali/projects/RoboLab/output/v1_cosmos_vague/RubiksCubeRightOfBowlMatchedTask,5,2,6105002,right,,0,0,95,neutral,False,rigid_object_root_pose_in_robot_frame,uncertain_future,/home/ali/projects/RoboLab/output/v1_cosmos_vague/RubiksCubeRightOfBowlMatchedTask/predicted_chunks/episode_005/chunk_002
/home/ali/projects/RoboLab/output/v1_cosmos_vague/RubiksCubeRightOfBowlMatchedTask,5,3,6105003,right,,1,0,127,right,True,rigid_object_root_pose_in_robot_frame,uncertain_future,/home/ali/projects/RoboLab/output/v1_cosmos_vague/RubiksCubeRightOfBowlMatchedTask/predicted_chunks/episode_005/chunk_003
/home/ali/projects/RoboLab/output/v1_cosmos_vague/RubiksCubeRightOfBowlMatchedTask,5,4,6105004,right,True,2,2,153,right,True,rigid_object_root_pose_in_robot_frame,imagines_requested_executes_requested,/home/ali/projects/RoboLab/output/v1_cosmos_vague/RubiksCubeRightOfBowlMatchedTask/predicted_chunks/episode_005/chunk_004
/home/ali/projects/RoboLab/output/v1_cosmos_vague/RubiksCubeRightOfBowlMatchedTask,6,0,6106000,right,False,4,0,31,neutral,False,rigid_object_root_pose_in_robot_frame,neither_imagines_nor_executes_requested,/home/ali/projects/RoboLab/output/v1_cosmos_vague/RubiksCubeRightOfBowlMatchedTask/predicted_chunks/episode_006/chunk_000
/home/ali/projects/RoboLab/output/v1_cosmos_vague/RubiksCubeRightOfBowlMatchedTask,6,1,6106001,right,,1,0,63,neutral,False,rigid_object_root_pose_in_robot_frame,uncertain_future,/home/ali/projects/RoboLab/output/v1_cosmos_vague/RubiksCubeRightOfBowlMatchedTask/predicted_chunks/episode_006/chunk_001
/home/ali/projects/RoboLab/output/v1_cosmos_vague/RubiksCubeRightOfBowlMatchedTask,6,2,6106002,right,,0,0,95,neutral,False,rigid_object_root_pose_in_robot_frame,uncertain_future,/home/ali/projects/RoboLab/output/v1_cosmos_vague/RubiksCubeRightOfBowlMatchedTask/predicted_chunks/episode_006/chunk_002
/home/ali/projects/RoboLab/output/v1_cosmos_vague/RubiksCubeRightOfBowlMatchedTask,6,3,6106003,right,,0,0,127,right,True,rigid_object_root_pose_in_robot_frame,uncertain_future,/home/ali/projects/RoboLab/output/v1_cosmos_vague/RubiksCubeRightOfBowlMatchedTask/predicted_chunks/episode_006/chunk_003
/home/ali/projects/RoboLab/output/v1_cosmos_vague/RubiksCubeRightOfBowlMatchedTask,6,4,6106004,right,,1,0,150,right,True,rigid_object_root_pose_in_robot_frame,uncertain_future,/home/ali/projects/RoboLab/output/v1_cosmos_vague/RubiksCubeRightOfBowlMatchedTask/predicted_chunks/episode_006/chunk_004
/home/ali/projects/RoboLab/output/v1_cosmos_vague/RubiksCubeRightOfBowlMatchedTask,7,0,6107000,right,False,4,0,31,neutral,False,rigid_object_root_pose_in_robot_frame,neither_imagines_nor_executes_requested,/home/ali/projects/RoboLab/output/v1_cosmos_vague/RubiksCubeRightOfBowlMatchedTask/predicted_chunks/episode_007/chunk_000
/home/ali/projects/RoboLab/output/v1_cosmos_vague/RubiksCubeRightOfBowlMatchedTask,7,1,6107001,right,False,4,0,63,neutral,False,rigid_object_root_pose_in_robot_frame,neither_imagines_nor_executes_requested,/home/ali/projects/RoboLab/output/v1_cosmos_vague/RubiksCubeRightOfBowlMatchedTask/predicted_chunks/episode_007/chunk_001
/home/ali/projects/RoboLab/output/v1_cosmos_vague/RubiksCubeRightOfBowlMatchedTask,7,2,6107002,right,,1,0,95,neutral,False,rigid_object_root_pose_in_robot_frame,uncertain_future,/home/ali/projects/RoboLab/output/v1_cosmos_vague/RubiksCubeRightOfBowlMatchedTask/predicted_chunks/episode_007/chunk_002
/home/ali/projects/RoboLab/output/v1_cosmos_vague/RubiksCubeRightOfBowlMatchedTask,7,3,6107003,right,True,2,2,127,neutral,False,rigid_object_root_pose_in_robot_frame,imagines_requested_executes_not_requested,/home/ali/projects/RoboLab/output/v1_cosmos_vague/RubiksCubeRightOfBowlMatchedTask/predicted_chunks/episode_007/chunk_003
/home/ali/projects/RoboLab/output/v1_cosmos_vague/RubiksCubeRightOfBowlMatchedTask,8,0,6108000,right,False,4,0,31,neutral,False,rigid_object_root_pose_in_robot_frame,neither_imagines_nor_executes_requested,/home/ali/projects/RoboLab/output/v1_cosmos_vague/RubiksCubeRightOfBowlMatchedTask/predicted_chunks/episode_008/chunk_000
/home/ali/projects/RoboLab/output/v1_cosmos_vague/RubiksCubeRightOfBowlMatchedTask,8,1,6108001,right,False,2,0,63,neutral,False,rigid_object_root_pose_in_robot_frame,neither_imagines_nor_executes_requested,/home/ali/projects/RoboLab/output/v1_cosmos_vague/RubiksCubeRightOfBowlMatchedTask/predicted_chunks/episode_008/chunk_001
/home/ali/projects/RoboLab/output/v1_cosmos_vague/RubiksCubeRightOfBowlMatchedTask,8,2,6108002,right,,0,0,95,neutral,False,rigid_object_root_pose_in_robot_frame,uncertain_future,/home/ali/projects/RoboLab/output/v1_cosmos_vague/RubiksCubeRightOfBowlMatchedTask/predicted_chunks/episode_008/chunk_002
/home/ali/projects/RoboLab/output/v1_cosmos_vague/RubiksCubeRightOfBowlMatchedTask,8,3,6108003,right,,0,0,127,right,True,rigid_object_root_pose_in_robot_frame,uncertain_future,/home/ali/projects/RoboLab/output/v1_cosmos_vague/RubiksCubeRightOfBowlMatchedTask/predicted_chunks/episode_008/chunk_003
/home/ali/projects/RoboLab/output/v1_cosmos_vague/RubiksCubeRightOfBowlMatchedTask,8,4,6108004,right,,3,2,159,right,True,rigid_object_root_pose_in_robot_frame,uncertain_future,/home/ali/projects/RoboLab/output/v1_cosmos_vague/RubiksCubeRightOfBowlMatchedTask/predicted_chunks/episode_008/chunk_004
/home/ali/projects/RoboLab/output/v1_cosmos_vague/RubiksCubeRightOfBowlMatchedTask,8,5,6108005,right,True,2,2,186,right,True,rigid_object_root_pose_in_robot_frame,imagines_requested_executes_requested,/home/ali/projects/RoboLab/output/v1_cosmos_vague/RubiksCubeRightOfBowlMatchedTask/predicted_chunks/episode_008/chunk_005
/home/ali/projects/RoboLab/output/v1_cosmos_vague/RubiksCubeRightOfBowlMatchedTask,9,0,6109000,right,False,3,0,31,neutral,False,rigid_object_root_pose_in_robot_frame,neither_imagines_nor_executes_requested,/home/ali/projects/RoboLab/output/v1_cosmos_vague/RubiksCubeRightOfBowlMatchedTask/predicted_chunks/episode_009/chunk_000
/home/ali/projects/RoboLab/output/v1_cosmos_vague/RubiksCubeRightOfBowlMatchedTask,9,1,6109001,right,False,2,0,63,neutral,False,rigid_object_root_pose_in_robot_frame,neither_imagines_nor_executes_requested,/home/ali/projects/RoboLab/output/v1_cosmos_vague/RubiksCubeRightOfBowlMatchedTask/predicted_chunks/episode_009/chunk_001
/home/ali/projects/RoboLab/output/v1_cosmos_vague/RubiksCubeRightOfBowlMatchedTask,9,2,6109002,right,False,3,0,95,neutral,False,rigid_object_root_pose_in_robot_frame,neither_imagines_nor_executes_requested,/home/ali/projects/RoboLab/output/v1_cosmos_vague/RubiksCubeRightOfBowlMatchedTask/predicted_chunks/episode_009/chunk_002
/home/ali/projects/RoboLab/output/v1_cosmos_vague/RubiksCubeRightOfBowlMatchedTask,9,3,6109003,right,False,2,0,127,neutral,False,rigid_object_root_pose_in_robot_frame,neither_imagines_nor_executes_requested,/home/ali/projects/RoboLab/output/v1_cosmos_vague/RubiksCubeRightOfBowlMatchedTask/predicted_chunks/episode_009/chunk_003
/home/ali/projects/RoboLab/output/v1_cosmos_vague/RubiksCubeRightOfBowlMatchedTask,9,4,6109004,right,,0,0,159,neutral,False,rigid_object_root_pose_in_robot_frame,uncertain_future,/home/ali/projects/RoboLab/output/v1_cosmos_vague/RubiksCubeRightOfBowlMatchedTask/predicted_chunks/episode_009/chunk_004
/home/ali/projects/RoboLab/output/v1_cosmos_vague/RubiksCubeRightOfBowlMatchedTask,9,5,6109005,right,,0,0,191,neutral,False,rigid_object_root_pose_in_robot_frame,uncertain_future,/home/ali/projects/RoboLab/output/v1_cosmos_vague/RubiksCubeRightOfBowlMatchedTask/predicted_chunks/episode_009/chunk_005
/home/ali/projects/RoboLab/output/v1_cosmos_vague/RubiksCubeRightOfBowlMatchedTask,9,6,6109006,right,,1,1,223,right,True,rigid_object_root_pose_in_robot_frame,uncertain_future,/home/ali/projects/RoboLab/output/v1_cosmos_vague/RubiksCubeRightOfBowlMatchedTask/predicted_chunks/episode_009/chunk_006
/home/ali/projects/RoboLab/output/v1_cosmos_vague/RubiksCubeRightOfBowlMatchedTask,9,7,6109007,right,,1,1,255,right,True,rigid_object_root_pose_in_robot_frame,uncertain_future,/home/ali/projects/RoboLab/output/v1_cosmos_vague/RubiksCubeRightOfBowlMatchedTask/predicted_chunks/episode_009/chunk_007
/home/ali/projects/RoboLab/output/v1_cosmos_vague/RubiksCubeRightOfBowlMatchedTask,9,8,6109008,right,,1,1,264,right,True,rigid_object_root_pose_in_robot_frame,uncertain_future,/home/ali/projects/RoboLab/output/v1_cosmos_vague/RubiksCubeRightOfBowlMatchedTask/predicted_chunks/episode_009/chunk_008
