family,platform,fixture,cohort,grasp_convention,scenario,episodes,grasp_achieved_c6_rule,grasp_achieved_transport_incomplete_only,grasp_rate,wrong_goal_region_count,pilot_grasp_rate,scenario_rank_within_platform,platform_ordering,ordering_claim_limit,platform_cell_episodes_per_scenario,registered_estimand,estimability_note,holm_scope,cross_platform_magnitude_note,grasp_achieved
C6,isaac_droid,containment,confirmatory_final,non_no_grasp,destination_static,128,,,0.234,,,1,"destination_static_ranks_first_only — no stable three-way ordering claimed. C6 move_stop=original_sham exactly tied at final n (both grasp conventions); ranks 2/3 swapped ≥3 times during collection (268 sham>move, 330 move>sham, 337 sham>move; tied at final n) with no stable separation at any n. C8 move_stop=original_sham tied at 3.1%. C6 contributes 128 episodes per scenario (cosmos3_nano_droid released queue); C7 and C8 contribute 256 per scenario — platform×scenario contrast is unbalanced and underpowered.",destination_static_ranks_first_only — no stable three-way ordering claimed,128,platform_x_scenario_grasp_interaction,confirmatory_full_coverage_unbalanced_cells_not_estimable,registered_scenario_contrast_family_with_platform_stratum,Compare C6 ti_only to C8 grasp_rate (C8 has zero wrong_goal_region),
C6,isaac_droid,containment,confirmatory_final,non_no_grasp,move_stop,128,,,0.195,,,2,"destination_static_ranks_first_only — no stable three-way ordering claimed. C6 move_stop=original_sham exactly tied at final n (both grasp conventions); ranks 2/3 swapped ≥3 times during collection (268 sham>move, 330 move>sham, 337 sham>move; tied at final n) with no stable separation at any n. C8 move_stop=original_sham tied at 3.1%. C6 contributes 128 episodes per scenario (cosmos3_nano_droid released queue); C7 and C8 contribute 256 per scenario — platform×scenario contrast is unbalanced and underpowered.",destination_static_ranks_first_only — no stable three-way ordering claimed,128,platform_x_scenario_grasp_interaction,confirmatory_full_coverage_unbalanced_cells_not_estimable,registered_scenario_contrast_family_with_platform_stratum,Compare C6 ti_only to C8 grasp_rate (C8 has zero wrong_goal_region),
C6,isaac_droid,containment,confirmatory_final,non_no_grasp,original_sham,128,,,0.195,,,3,"destination_static_ranks_first_only — no stable three-way ordering claimed. C6 move_stop=original_sham exactly tied at final n (both grasp conventions); ranks 2/3 swapped ≥3 times during collection (268 sham>move, 330 move>sham, 337 sham>move; tied at final n) with no stable separation at any n. C8 move_stop=original_sham tied at 3.1%. C6 contributes 128 episodes per scenario (cosmos3_nano_droid released queue); C7 and C8 contribute 256 per scenario — platform×scenario contrast is unbalanced and underpowered.",destination_static_ranks_first_only — no stable three-way ordering claimed,128,platform_x_scenario_grasp_interaction,confirmatory_full_coverage_unbalanced_cells_not_estimable,registered_scenario_contrast_family_with_platform_stratum,Compare C6 ti_only to C8 grasp_rate (C8 has zero wrong_goal_region),
C6,isaac_droid,containment,confirmatory_final,transport_incomplete_only,destination_static,128,,,0.219,,,1,"destination_static_ranks_first_only — no stable three-way ordering claimed. C6 move_stop=original_sham exactly tied at final n (both grasp conventions); ranks 2/3 swapped ≥3 times during collection (268 sham>move, 330 move>sham, 337 sham>move; tied at final n) with no stable separation at any n. C8 move_stop=original_sham tied at 3.1%. C6 contributes 128 episodes per scenario (cosmos3_nano_droid released queue); C7 and C8 contribute 256 per scenario — platform×scenario contrast is unbalanced and underpowered.",destination_static_ranks_first_only — no stable three-way ordering claimed,128,platform_x_scenario_grasp_interaction,confirmatory_full_coverage_unbalanced_cells_not_estimable,registered_scenario_contrast_family_with_platform_stratum,Compare C6 ti_only to C8 grasp_rate (C8 has zero wrong_goal_region),
C6,isaac_droid,containment,confirmatory_final,transport_incomplete_only,move_stop,128,,,0.18,,,2,"destination_static_ranks_first_only — no stable three-way ordering claimed. C6 move_stop=original_sham exactly tied at final n (both grasp conventions); ranks 2/3 swapped ≥3 times during collection (268 sham>move, 330 move>sham, 337 sham>move; tied at final n) with no stable separation at any n. C8 move_stop=original_sham tied at 3.1%. C6 contributes 128 episodes per scenario (cosmos3_nano_droid released queue); C7 and C8 contribute 256 per scenario — platform×scenario contrast is unbalanced and underpowered.",destination_static_ranks_first_only — no stable three-way ordering claimed,128,platform_x_scenario_grasp_interaction,confirmatory_full_coverage_unbalanced_cells_not_estimable,registered_scenario_contrast_family_with_platform_stratum,Compare C6 ti_only to C8 grasp_rate (C8 has zero wrong_goal_region),
C6,isaac_droid,containment,confirmatory_final,transport_incomplete_only,original_sham,128,,,0.18,,,3,"destination_static_ranks_first_only — no stable three-way ordering claimed. C6 move_stop=original_sham exactly tied at final n (both grasp conventions); ranks 2/3 swapped ≥3 times during collection (268 sham>move, 330 move>sham, 337 sham>move; tied at final n) with no stable separation at any n. C8 move_stop=original_sham tied at 3.1%. C6 contributes 128 episodes per scenario (cosmos3_nano_droid released queue); C7 and C8 contribute 256 per scenario — platform×scenario contrast is unbalanced and underpowered.",destination_static_ranks_first_only — no stable three-way ordering claimed,128,platform_x_scenario_grasp_interaction,confirmatory_full_coverage_unbalanced_cells_not_estimable,registered_scenario_contrast_family_with_platform_stratum,Compare C6 ti_only to C8 grasp_rate (C8 has zero wrong_goal_region),
C8,widowx_simplerenv,second_stack,confirmatory_final,transport_incomplete_only,destination_static,256,,,0.0586,,0.75,1,"destination_static_ranks_first_only — no stable three-way ordering claimed. C6 move_stop=original_sham exactly tied at final n (both grasp conventions); ranks 2/3 swapped ≥3 times during collection (268 sham>move, 330 move>sham, 337 sham>move; tied at final n) with no stable separation at any n. C8 move_stop=original_sham tied at 3.1%. C6 contributes 128 episodes per scenario (cosmos3_nano_droid released queue); C7 and C8 contribute 256 per scenario — platform×scenario contrast is unbalanced and underpowered.",destination_static_ranks_first_only — no stable three-way ordering claimed,256,platform_x_scenario_grasp_interaction,confirmatory_full_coverage_unbalanced_cells_not_estimable,registered_scenario_contrast_family_with_platform_stratum,C8-equivalent convention; zero wrong_goal_region observed,15
C8,widowx_simplerenv,second_stack,confirmatory_final,transport_incomplete_only,move_stop,256,,,0.0312,,0.5,3,"destination_static_ranks_first_only — no stable three-way ordering claimed. C6 move_stop=original_sham exactly tied at final n (both grasp conventions); ranks 2/3 swapped ≥3 times during collection (268 sham>move, 330 move>sham, 337 sham>move; tied at final n) with no stable separation at any n. C8 move_stop=original_sham tied at 3.1%. C6 contributes 128 episodes per scenario (cosmos3_nano_droid released queue); C7 and C8 contribute 256 per scenario — platform×scenario contrast is unbalanced and underpowered.",destination_static_ranks_first_only — no stable three-way ordering claimed,256,platform_x_scenario_grasp_interaction,confirmatory_full_coverage_unbalanced_cells_not_estimable,registered_scenario_contrast_family_with_platform_stratum,C8-equivalent convention; zero wrong_goal_region observed,8
C8,widowx_simplerenv,second_stack,confirmatory_final,transport_incomplete_only,original_sham,256,,,0.0312,,0.25,2,"destination_static_ranks_first_only — no stable three-way ordering claimed. C6 move_stop=original_sham exactly tied at final n (both grasp conventions); ranks 2/3 swapped ≥3 times during collection (268 sham>move, 330 move>sham, 337 sham>move; tied at final n) with no stable separation at any n. C8 move_stop=original_sham tied at 3.1%. C6 contributes 128 episodes per scenario (cosmos3_nano_droid released queue); C7 and C8 contribute 256 per scenario — platform×scenario contrast is unbalanced and underpowered.",destination_static_ranks_first_only — no stable three-way ordering claimed,256,platform_x_scenario_grasp_interaction,confirmatory_full_coverage_unbalanced_cells_not_estimable,registered_scenario_contrast_family_with_platform_stratum,C8-equivalent convention; zero wrong_goal_region observed,8
