cell_id,model_id,model_class,world_model_interface,arena,pair_id,anchor_task,environment_seed,sampling_seed,prompt_family,legacy_v1_wording,requested_relation,native_task_relation,condition_role,prompt_template,rendered_prompt,prompt_rendering_status,execution_batch,video_required,valid_failure_retained
pi0_fast_droid_vla__droid_pair_seed_8300__direct_command__left,pi0_fast_droid_vla,VLA,none,droid_robolab,droid_pair_seed_8300,RubiksCubeLeftOfBowlMatchedTask,8300,8300,direct_command,canonical,left,right,counterfactual_direction,Put the {movable} to the left of the {reference}.,Put the Rubik's cube to the left of the bowl.,fully_rendered,direct_base_competence_gate,True,True
pi0_fast_droid_vla__droid_pair_seed_8300__direct_command__right,pi0_fast_droid_vla,VLA,none,droid_robolab,droid_pair_seed_8300,RubiksCubeRightOfBowlMatchedTask,8300,8300,direct_command,canonical,right,right,counterfactual_direction,Put the {movable} to the right of the {reference}.,Put the Rubik's cube to the right of the bowl.,fully_rendered,direct_base_competence_gate,True,True
pi0_fast_droid_vla__droid_pair_seed_8300__short_command__left,pi0_fast_droid_vla,VLA,none,droid_robolab,droid_pair_seed_8300,RubiksCubeLeftOfBowlMatchedTask,8300,8300,short_command,short_paraphrase,left,right,counterfactual_direction,Put the {movable_short} left of the {reference}.,Put the cube left of the bowl.,fully_rendered,wording_followup_if_base_gate_passes,True,True
pi0_fast_droid_vla__droid_pair_seed_8300__short_command__right,pi0_fast_droid_vla,VLA,none,droid_robolab,droid_pair_seed_8300,RubiksCubeRightOfBowlMatchedTask,8300,8300,short_command,short_paraphrase,right,right,counterfactual_direction,Put the {movable_short} right of the {reference}.,Put the cube right of the bowl.,fully_rendered,wording_followup_if_base_gate_passes,True,True
pi0_fast_droid_vla__droid_pair_seed_8300__goal_as_outcome__left,pi0_fast_droid_vla,VLA,none,droid_robolab,droid_pair_seed_8300,RubiksCubeLeftOfBowlMatchedTask,8300,8300,goal_as_outcome,declarative_goal,left,right,counterfactual_direction,The {movable} should end up to the left of the {reference}.,The Rubik's cube should end up to the left of the bowl.,fully_rendered,wording_followup_if_base_gate_passes,True,True
pi0_fast_droid_vla__droid_pair_seed_8300__goal_as_outcome__right,pi0_fast_droid_vla,VLA,none,droid_robolab,droid_pair_seed_8300,RubiksCubeRightOfBowlMatchedTask,8300,8300,goal_as_outcome,declarative_goal,right,right,counterfactual_direction,The {movable} should end up to the right of the {reference}.,The Rubik's cube should end up to the right of the bowl.,fully_rendered,wording_followup_if_base_gate_passes,True,True
pi0_fast_droid_vla__droid_pair_seed_8300__desired_plus_negated_opposite__left,pi0_fast_droid_vla,VLA,none,droid_robolab,droid_pair_seed_8300,RubiksCubeLeftOfBowlMatchedTask,8300,8300,desired_plus_negated_opposite,contrastive_goal,left,right,counterfactual_direction,"Put the {movable} to the left of the {reference}, not to the right of the {reference}.","Put the Rubik's cube to the left of the bowl, not to the right of the bowl.",fully_rendered,wording_followup_if_base_gate_passes,True,True
pi0_fast_droid_vla__droid_pair_seed_8300__desired_plus_negated_opposite__right,pi0_fast_droid_vla,VLA,none,droid_robolab,droid_pair_seed_8300,RubiksCubeRightOfBowlMatchedTask,8300,8300,desired_plus_negated_opposite,contrastive_goal,right,right,counterfactual_direction,"Put the {movable} to the right of the {reference}, not to the left of the {reference}.","Put the Rubik's cube to the right of the bowl, not to the left of the bowl.",fully_rendered,wording_followup_if_base_gate_passes,True,True
pi0_fast_droid_vla__droid_pair_seed_8301__direct_command__left,pi0_fast_droid_vla,VLA,none,droid_robolab,droid_pair_seed_8301,RubiksCubeLeftOfBowlMatchedTask,8301,8301,direct_command,canonical,left,right,counterfactual_direction,Put the {movable} to the left of the {reference}.,Put the Rubik's cube to the left of the bowl.,fully_rendered,direct_base_competence_gate,True,True
pi0_fast_droid_vla__droid_pair_seed_8301__direct_command__right,pi0_fast_droid_vla,VLA,none,droid_robolab,droid_pair_seed_8301,RubiksCubeRightOfBowlMatchedTask,8301,8301,direct_command,canonical,right,right,counterfactual_direction,Put the {movable} to the right of the {reference}.,Put the Rubik's cube to the right of the bowl.,fully_rendered,direct_base_competence_gate,True,True
pi0_fast_droid_vla__droid_pair_seed_8301__short_command__left,pi0_fast_droid_vla,VLA,none,droid_robolab,droid_pair_seed_8301,RubiksCubeLeftOfBowlMatchedTask,8301,8301,short_command,short_paraphrase,left,right,counterfactual_direction,Put the {movable_short} left of the {reference}.,Put the cube left of the bowl.,fully_rendered,wording_followup_if_base_gate_passes,True,True
pi0_fast_droid_vla__droid_pair_seed_8301__short_command__right,pi0_fast_droid_vla,VLA,none,droid_robolab,droid_pair_seed_8301,RubiksCubeRightOfBowlMatchedTask,8301,8301,short_command,short_paraphrase,right,right,counterfactual_direction,Put the {movable_short} right of the {reference}.,Put the cube right of the bowl.,fully_rendered,wording_followup_if_base_gate_passes,True,True
pi0_fast_droid_vla__droid_pair_seed_8301__goal_as_outcome__left,pi0_fast_droid_vla,VLA,none,droid_robolab,droid_pair_seed_8301,RubiksCubeLeftOfBowlMatchedTask,8301,8301,goal_as_outcome,declarative_goal,left,right,counterfactual_direction,The {movable} should end up to the left of the {reference}.,The Rubik's cube should end up to the left of the bowl.,fully_rendered,wording_followup_if_base_gate_passes,True,True
pi0_fast_droid_vla__droid_pair_seed_8301__goal_as_outcome__right,pi0_fast_droid_vla,VLA,none,droid_robolab,droid_pair_seed_8301,RubiksCubeRightOfBowlMatchedTask,8301,8301,goal_as_outcome,declarative_goal,right,right,counterfactual_direction,The {movable} should end up to the right of the {reference}.,The Rubik's cube should end up to the right of the bowl.,fully_rendered,wording_followup_if_base_gate_passes,True,True
pi0_fast_droid_vla__droid_pair_seed_8301__desired_plus_negated_opposite__left,pi0_fast_droid_vla,VLA,none,droid_robolab,droid_pair_seed_8301,RubiksCubeLeftOfBowlMatchedTask,8301,8301,desired_plus_negated_opposite,contrastive_goal,left,right,counterfactual_direction,"Put the {movable} to the left of the {reference}, not to the right of the {reference}.","Put the Rubik's cube to the left of the bowl, not to the right of the bowl.",fully_rendered,wording_followup_if_base_gate_passes,True,True
pi0_fast_droid_vla__droid_pair_seed_8301__desired_plus_negated_opposite__right,pi0_fast_droid_vla,VLA,none,droid_robolab,droid_pair_seed_8301,RubiksCubeRightOfBowlMatchedTask,8301,8301,desired_plus_negated_opposite,contrastive_goal,right,right,counterfactual_direction,"Put the {movable} to the right of the {reference}, not to the left of the {reference}.","Put the Rubik's cube to the right of the bowl, not to the left of the bowl.",fully_rendered,wording_followup_if_base_gate_passes,True,True
pi0_fast_droid_vla__droid_pair_seed_8302__direct_command__left,pi0_fast_droid_vla,VLA,none,droid_robolab,droid_pair_seed_8302,RubiksCubeLeftOfBowlMatchedTask,8302,8302,direct_command,canonical,left,right,counterfactual_direction,Put the {movable} to the left of the {reference}.,Put the Rubik's cube to the left of the bowl.,fully_rendered,direct_base_competence_gate,True,True
pi0_fast_droid_vla__droid_pair_seed_8302__direct_command__right,pi0_fast_droid_vla,VLA,none,droid_robolab,droid_pair_seed_8302,RubiksCubeRightOfBowlMatchedTask,8302,8302,direct_command,canonical,right,right,counterfactual_direction,Put the {movable} to the right of the {reference}.,Put the Rubik's cube to the right of the bowl.,fully_rendered,direct_base_competence_gate,True,True
pi0_fast_droid_vla__droid_pair_seed_8302__short_command__left,pi0_fast_droid_vla,VLA,none,droid_robolab,droid_pair_seed_8302,RubiksCubeLeftOfBowlMatchedTask,8302,8302,short_command,short_paraphrase,left,right,counterfactual_direction,Put the {movable_short} left of the {reference}.,Put the cube left of the bowl.,fully_rendered,wording_followup_if_base_gate_passes,True,True
pi0_fast_droid_vla__droid_pair_seed_8302__short_command__right,pi0_fast_droid_vla,VLA,none,droid_robolab,droid_pair_seed_8302,RubiksCubeRightOfBowlMatchedTask,8302,8302,short_command,short_paraphrase,right,right,counterfactual_direction,Put the {movable_short} right of the {reference}.,Put the cube right of the bowl.,fully_rendered,wording_followup_if_base_gate_passes,True,True
pi0_fast_droid_vla__droid_pair_seed_8302__goal_as_outcome__left,pi0_fast_droid_vla,VLA,none,droid_robolab,droid_pair_seed_8302,RubiksCubeLeftOfBowlMatchedTask,8302,8302,goal_as_outcome,declarative_goal,left,right,counterfactual_direction,The {movable} should end up to the left of the {reference}.,The Rubik's cube should end up to the left of the bowl.,fully_rendered,wording_followup_if_base_gate_passes,True,True
pi0_fast_droid_vla__droid_pair_seed_8302__goal_as_outcome__right,pi0_fast_droid_vla,VLA,none,droid_robolab,droid_pair_seed_8302,RubiksCubeRightOfBowlMatchedTask,8302,8302,goal_as_outcome,declarative_goal,right,right,counterfactual_direction,The {movable} should end up to the right of the {reference}.,The Rubik's cube should end up to the right of the bowl.,fully_rendered,wording_followup_if_base_gate_passes,True,True
pi0_fast_droid_vla__droid_pair_seed_8302__desired_plus_negated_opposite__left,pi0_fast_droid_vla,VLA,none,droid_robolab,droid_pair_seed_8302,RubiksCubeLeftOfBowlMatchedTask,8302,8302,desired_plus_negated_opposite,contrastive_goal,left,right,counterfactual_direction,"Put the {movable} to the left of the {reference}, not to the right of the {reference}.","Put the Rubik's cube to the left of the bowl, not to the right of the bowl.",fully_rendered,wording_followup_if_base_gate_passes,True,True
pi0_fast_droid_vla__droid_pair_seed_8302__desired_plus_negated_opposite__right,pi0_fast_droid_vla,VLA,none,droid_robolab,droid_pair_seed_8302,RubiksCubeRightOfBowlMatchedTask,8302,8302,desired_plus_negated_opposite,contrastive_goal,right,right,counterfactual_direction,"Put the {movable} to the right of the {reference}, not to the left of the {reference}.","Put the Rubik's cube to the right of the bowl, not to the left of the bowl.",fully_rendered,wording_followup_if_base_gate_passes,True,True
groot_n17_droid_vla__droid_pair_seed_8300__direct_command__left,groot_n17_droid_vla,VLA,none,droid_robolab,droid_pair_seed_8300,RubiksCubeLeftOfBowlMatchedTask,8300,8300,direct_command,canonical,left,right,counterfactual_direction,Put the {movable} to the left of the {reference}.,Put the Rubik's cube to the left of the bowl.,fully_rendered,direct_base_competence_gate,True,True
groot_n17_droid_vla__droid_pair_seed_8300__direct_command__right,groot_n17_droid_vla,VLA,none,droid_robolab,droid_pair_seed_8300,RubiksCubeRightOfBowlMatchedTask,8300,8300,direct_command,canonical,right,right,counterfactual_direction,Put the {movable} to the right of the {reference}.,Put the Rubik's cube to the right of the bowl.,fully_rendered,direct_base_competence_gate,True,True
groot_n17_droid_vla__droid_pair_seed_8300__short_command__left,groot_n17_droid_vla,VLA,none,droid_robolab,droid_pair_seed_8300,RubiksCubeLeftOfBowlMatchedTask,8300,8300,short_command,short_paraphrase,left,right,counterfactual_direction,Put the {movable_short} left of the {reference}.,Put the cube left of the bowl.,fully_rendered,wording_followup_if_base_gate_passes,True,True
groot_n17_droid_vla__droid_pair_seed_8300__short_command__right,groot_n17_droid_vla,VLA,none,droid_robolab,droid_pair_seed_8300,RubiksCubeRightOfBowlMatchedTask,8300,8300,short_command,short_paraphrase,right,right,counterfactual_direction,Put the {movable_short} right of the {reference}.,Put the cube right of the bowl.,fully_rendered,wording_followup_if_base_gate_passes,True,True
groot_n17_droid_vla__droid_pair_seed_8300__goal_as_outcome__left,groot_n17_droid_vla,VLA,none,droid_robolab,droid_pair_seed_8300,RubiksCubeLeftOfBowlMatchedTask,8300,8300,goal_as_outcome,declarative_goal,left,right,counterfactual_direction,The {movable} should end up to the left of the {reference}.,The Rubik's cube should end up to the left of the bowl.,fully_rendered,wording_followup_if_base_gate_passes,True,True
groot_n17_droid_vla__droid_pair_seed_8300__goal_as_outcome__right,groot_n17_droid_vla,VLA,none,droid_robolab,droid_pair_seed_8300,RubiksCubeRightOfBowlMatchedTask,8300,8300,goal_as_outcome,declarative_goal,right,right,counterfactual_direction,The {movable} should end up to the right of the {reference}.,The Rubik's cube should end up to the right of the bowl.,fully_rendered,wording_followup_if_base_gate_passes,True,True
groot_n17_droid_vla__droid_pair_seed_8300__desired_plus_negated_opposite__left,groot_n17_droid_vla,VLA,none,droid_robolab,droid_pair_seed_8300,RubiksCubeLeftOfBowlMatchedTask,8300,8300,desired_plus_negated_opposite,contrastive_goal,left,right,counterfactual_direction,"Put the {movable} to the left of the {reference}, not to the right of the {reference}.","Put the Rubik's cube to the left of the bowl, not to the right of the bowl.",fully_rendered,wording_followup_if_base_gate_passes,True,True
groot_n17_droid_vla__droid_pair_seed_8300__desired_plus_negated_opposite__right,groot_n17_droid_vla,VLA,none,droid_robolab,droid_pair_seed_8300,RubiksCubeRightOfBowlMatchedTask,8300,8300,desired_plus_negated_opposite,contrastive_goal,right,right,counterfactual_direction,"Put the {movable} to the right of the {reference}, not to the left of the {reference}.","Put the Rubik's cube to the right of the bowl, not to the left of the bowl.",fully_rendered,wording_followup_if_base_gate_passes,True,True
groot_n17_droid_vla__droid_pair_seed_8301__direct_command__left,groot_n17_droid_vla,VLA,none,droid_robolab,droid_pair_seed_8301,RubiksCubeLeftOfBowlMatchedTask,8301,8301,direct_command,canonical,left,right,counterfactual_direction,Put the {movable} to the left of the {reference}.,Put the Rubik's cube to the left of the bowl.,fully_rendered,direct_base_competence_gate,True,True
groot_n17_droid_vla__droid_pair_seed_8301__direct_command__right,groot_n17_droid_vla,VLA,none,droid_robolab,droid_pair_seed_8301,RubiksCubeRightOfBowlMatchedTask,8301,8301,direct_command,canonical,right,right,counterfactual_direction,Put the {movable} to the right of the {reference}.,Put the Rubik's cube to the right of the bowl.,fully_rendered,direct_base_competence_gate,True,True
groot_n17_droid_vla__droid_pair_seed_8301__short_command__left,groot_n17_droid_vla,VLA,none,droid_robolab,droid_pair_seed_8301,RubiksCubeLeftOfBowlMatchedTask,8301,8301,short_command,short_paraphrase,left,right,counterfactual_direction,Put the {movable_short} left of the {reference}.,Put the cube left of the bowl.,fully_rendered,wording_followup_if_base_gate_passes,True,True
groot_n17_droid_vla__droid_pair_seed_8301__short_command__right,groot_n17_droid_vla,VLA,none,droid_robolab,droid_pair_seed_8301,RubiksCubeRightOfBowlMatchedTask,8301,8301,short_command,short_paraphrase,right,right,counterfactual_direction,Put the {movable_short} right of the {reference}.,Put the cube right of the bowl.,fully_rendered,wording_followup_if_base_gate_passes,True,True
groot_n17_droid_vla__droid_pair_seed_8301__goal_as_outcome__left,groot_n17_droid_vla,VLA,none,droid_robolab,droid_pair_seed_8301,RubiksCubeLeftOfBowlMatchedTask,8301,8301,goal_as_outcome,declarative_goal,left,right,counterfactual_direction,The {movable} should end up to the left of the {reference}.,The Rubik's cube should end up to the left of the bowl.,fully_rendered,wording_followup_if_base_gate_passes,True,True
groot_n17_droid_vla__droid_pair_seed_8301__goal_as_outcome__right,groot_n17_droid_vla,VLA,none,droid_robolab,droid_pair_seed_8301,RubiksCubeRightOfBowlMatchedTask,8301,8301,goal_as_outcome,declarative_goal,right,right,counterfactual_direction,The {movable} should end up to the right of the {reference}.,The Rubik's cube should end up to the right of the bowl.,fully_rendered,wording_followup_if_base_gate_passes,True,True
groot_n17_droid_vla__droid_pair_seed_8301__desired_plus_negated_opposite__left,groot_n17_droid_vla,VLA,none,droid_robolab,droid_pair_seed_8301,RubiksCubeLeftOfBowlMatchedTask,8301,8301,desired_plus_negated_opposite,contrastive_goal,left,right,counterfactual_direction,"Put the {movable} to the left of the {reference}, not to the right of the {reference}.","Put the Rubik's cube to the left of the bowl, not to the right of the bowl.",fully_rendered,wording_followup_if_base_gate_passes,True,True
groot_n17_droid_vla__droid_pair_seed_8301__desired_plus_negated_opposite__right,groot_n17_droid_vla,VLA,none,droid_robolab,droid_pair_seed_8301,RubiksCubeRightOfBowlMatchedTask,8301,8301,desired_plus_negated_opposite,contrastive_goal,right,right,counterfactual_direction,"Put the {movable} to the right of the {reference}, not to the left of the {reference}.","Put the Rubik's cube to the right of the bowl, not to the left of the bowl.",fully_rendered,wording_followup_if_base_gate_passes,True,True
groot_n17_droid_vla__droid_pair_seed_8302__direct_command__left,groot_n17_droid_vla,VLA,none,droid_robolab,droid_pair_seed_8302,RubiksCubeLeftOfBowlMatchedTask,8302,8302,direct_command,canonical,left,right,counterfactual_direction,Put the {movable} to the left of the {reference}.,Put the Rubik's cube to the left of the bowl.,fully_rendered,direct_base_competence_gate,True,True
groot_n17_droid_vla__droid_pair_seed_8302__direct_command__right,groot_n17_droid_vla,VLA,none,droid_robolab,droid_pair_seed_8302,RubiksCubeRightOfBowlMatchedTask,8302,8302,direct_command,canonical,right,right,counterfactual_direction,Put the {movable} to the right of the {reference}.,Put the Rubik's cube to the right of the bowl.,fully_rendered,direct_base_competence_gate,True,True
groot_n17_droid_vla__droid_pair_seed_8302__short_command__left,groot_n17_droid_vla,VLA,none,droid_robolab,droid_pair_seed_8302,RubiksCubeLeftOfBowlMatchedTask,8302,8302,short_command,short_paraphrase,left,right,counterfactual_direction,Put the {movable_short} left of the {reference}.,Put the cube left of the bowl.,fully_rendered,wording_followup_if_base_gate_passes,True,True
groot_n17_droid_vla__droid_pair_seed_8302__short_command__right,groot_n17_droid_vla,VLA,none,droid_robolab,droid_pair_seed_8302,RubiksCubeRightOfBowlMatchedTask,8302,8302,short_command,short_paraphrase,right,right,counterfactual_direction,Put the {movable_short} right of the {reference}.,Put the cube right of the bowl.,fully_rendered,wording_followup_if_base_gate_passes,True,True
groot_n17_droid_vla__droid_pair_seed_8302__goal_as_outcome__left,groot_n17_droid_vla,VLA,none,droid_robolab,droid_pair_seed_8302,RubiksCubeLeftOfBowlMatchedTask,8302,8302,goal_as_outcome,declarative_goal,left,right,counterfactual_direction,The {movable} should end up to the left of the {reference}.,The Rubik's cube should end up to the left of the bowl.,fully_rendered,wording_followup_if_base_gate_passes,True,True
groot_n17_droid_vla__droid_pair_seed_8302__goal_as_outcome__right,groot_n17_droid_vla,VLA,none,droid_robolab,droid_pair_seed_8302,RubiksCubeRightOfBowlMatchedTask,8302,8302,goal_as_outcome,declarative_goal,right,right,counterfactual_direction,The {movable} should end up to the right of the {reference}.,The Rubik's cube should end up to the right of the bowl.,fully_rendered,wording_followup_if_base_gate_passes,True,True
groot_n17_droid_vla__droid_pair_seed_8302__desired_plus_negated_opposite__left,groot_n17_droid_vla,VLA,none,droid_robolab,droid_pair_seed_8302,RubiksCubeLeftOfBowlMatchedTask,8302,8302,desired_plus_negated_opposite,contrastive_goal,left,right,counterfactual_direction,"Put the {movable} to the left of the {reference}, not to the right of the {reference}.","Put the Rubik's cube to the left of the bowl, not to the right of the bowl.",fully_rendered,wording_followup_if_base_gate_passes,True,True
groot_n17_droid_vla__droid_pair_seed_8302__desired_plus_negated_opposite__right,groot_n17_droid_vla,VLA,none,droid_robolab,droid_pair_seed_8302,RubiksCubeRightOfBowlMatchedTask,8302,8302,desired_plus_negated_opposite,contrastive_goal,right,right,counterfactual_direction,"Put the {movable} to the right of the {reference}, not to the left of the {reference}.","Put the Rubik's cube to the right of the bowl, not to the left of the bowl.",fully_rendered,wording_followup_if_base_gate_passes,True,True
lingbot_vla_4b_robotwin__robotwin_pair_00__direct_command__left,lingbot_vla_4b_robotwin,VLA,none,robotwin_place_a2b,robotwin_pair_00,place_a2b_left,4300000,8400,direct_command,canonical,left,left,native_direction,Put the {movable} to the left of the {reference}.,,requires_frozen_scene_object_metadata,direct_base_competence_gate,True,True
lingbot_vla_4b_robotwin__robotwin_pair_00__direct_command__right,lingbot_vla_4b_robotwin,VLA,none,robotwin_place_a2b,robotwin_pair_00,place_a2b_left,4300000,8400,direct_command,canonical,right,left,counterfactual_direction,Put the {movable} to the right of the {reference}.,,requires_frozen_scene_object_metadata,direct_base_competence_gate,True,True
lingbot_vla_4b_robotwin__robotwin_pair_00__short_command__left,lingbot_vla_4b_robotwin,VLA,none,robotwin_place_a2b,robotwin_pair_00,place_a2b_left,4300000,8400,short_command,short_paraphrase,left,left,native_direction,Put the {movable_short} left of the {reference}.,,requires_frozen_scene_object_metadata,wording_followup_if_base_gate_passes,True,True
lingbot_vla_4b_robotwin__robotwin_pair_00__short_command__right,lingbot_vla_4b_robotwin,VLA,none,robotwin_place_a2b,robotwin_pair_00,place_a2b_left,4300000,8400,short_command,short_paraphrase,right,left,counterfactual_direction,Put the {movable_short} right of the {reference}.,,requires_frozen_scene_object_metadata,wording_followup_if_base_gate_passes,True,True
lingbot_vla_4b_robotwin__robotwin_pair_00__goal_as_outcome__left,lingbot_vla_4b_robotwin,VLA,none,robotwin_place_a2b,robotwin_pair_00,place_a2b_left,4300000,8400,goal_as_outcome,declarative_goal,left,left,native_direction,The {movable} should end up to the left of the {reference}.,,requires_frozen_scene_object_metadata,wording_followup_if_base_gate_passes,True,True
lingbot_vla_4b_robotwin__robotwin_pair_00__goal_as_outcome__right,lingbot_vla_4b_robotwin,VLA,none,robotwin_place_a2b,robotwin_pair_00,place_a2b_left,4300000,8400,goal_as_outcome,declarative_goal,right,left,counterfactual_direction,The {movable} should end up to the right of the {reference}.,,requires_frozen_scene_object_metadata,wording_followup_if_base_gate_passes,True,True
lingbot_vla_4b_robotwin__robotwin_pair_00__desired_plus_negated_opposite__left,lingbot_vla_4b_robotwin,VLA,none,robotwin_place_a2b,robotwin_pair_00,place_a2b_left,4300000,8400,desired_plus_negated_opposite,contrastive_goal,left,left,native_direction,"Put the {movable} to the left of the {reference}, not to the right of the {reference}.",,requires_frozen_scene_object_metadata,wording_followup_if_base_gate_passes,True,True
lingbot_vla_4b_robotwin__robotwin_pair_00__desired_plus_negated_opposite__right,lingbot_vla_4b_robotwin,VLA,none,robotwin_place_a2b,robotwin_pair_00,place_a2b_left,4300000,8400,desired_plus_negated_opposite,contrastive_goal,right,left,counterfactual_direction,"Put the {movable} to the right of the {reference}, not to the left of the {reference}.",,requires_frozen_scene_object_metadata,wording_followup_if_base_gate_passes,True,True
lingbot_vla_4b_robotwin__robotwin_pair_01__direct_command__left,lingbot_vla_4b_robotwin,VLA,none,robotwin_place_a2b,robotwin_pair_01,place_a2b_right,4300001,8401,direct_command,canonical,left,right,counterfactual_direction,Put the {movable} to the left of the {reference}.,,requires_frozen_scene_object_metadata,direct_base_competence_gate,True,True
lingbot_vla_4b_robotwin__robotwin_pair_01__direct_command__right,lingbot_vla_4b_robotwin,VLA,none,robotwin_place_a2b,robotwin_pair_01,place_a2b_right,4300001,8401,direct_command,canonical,right,right,native_direction,Put the {movable} to the right of the {reference}.,,requires_frozen_scene_object_metadata,direct_base_competence_gate,True,True
lingbot_vla_4b_robotwin__robotwin_pair_01__short_command__left,lingbot_vla_4b_robotwin,VLA,none,robotwin_place_a2b,robotwin_pair_01,place_a2b_right,4300001,8401,short_command,short_paraphrase,left,right,counterfactual_direction,Put the {movable_short} left of the {reference}.,,requires_frozen_scene_object_metadata,wording_followup_if_base_gate_passes,True,True
lingbot_vla_4b_robotwin__robotwin_pair_01__short_command__right,lingbot_vla_4b_robotwin,VLA,none,robotwin_place_a2b,robotwin_pair_01,place_a2b_right,4300001,8401,short_command,short_paraphrase,right,right,native_direction,Put the {movable_short} right of the {reference}.,,requires_frozen_scene_object_metadata,wording_followup_if_base_gate_passes,True,True
lingbot_vla_4b_robotwin__robotwin_pair_01__goal_as_outcome__left,lingbot_vla_4b_robotwin,VLA,none,robotwin_place_a2b,robotwin_pair_01,place_a2b_right,4300001,8401,goal_as_outcome,declarative_goal,left,right,counterfactual_direction,The {movable} should end up to the left of the {reference}.,,requires_frozen_scene_object_metadata,wording_followup_if_base_gate_passes,True,True
lingbot_vla_4b_robotwin__robotwin_pair_01__goal_as_outcome__right,lingbot_vla_4b_robotwin,VLA,none,robotwin_place_a2b,robotwin_pair_01,place_a2b_right,4300001,8401,goal_as_outcome,declarative_goal,right,right,native_direction,The {movable} should end up to the right of the {reference}.,,requires_frozen_scene_object_metadata,wording_followup_if_base_gate_passes,True,True
lingbot_vla_4b_robotwin__robotwin_pair_01__desired_plus_negated_opposite__left,lingbot_vla_4b_robotwin,VLA,none,robotwin_place_a2b,robotwin_pair_01,place_a2b_right,4300001,8401,desired_plus_negated_opposite,contrastive_goal,left,right,counterfactual_direction,"Put the {movable} to the left of the {reference}, not to the right of the {reference}.",,requires_frozen_scene_object_metadata,wording_followup_if_base_gate_passes,True,True
lingbot_vla_4b_robotwin__robotwin_pair_01__desired_plus_negated_opposite__right,lingbot_vla_4b_robotwin,VLA,none,robotwin_place_a2b,robotwin_pair_01,place_a2b_right,4300001,8401,desired_plus_negated_opposite,contrastive_goal,right,right,native_direction,"Put the {movable} to the right of the {reference}, not to the left of the {reference}.",,requires_frozen_scene_object_metadata,wording_followup_if_base_gate_passes,True,True
lingbot_vla_4b_robotwin__robotwin_pair_02__direct_command__left,lingbot_vla_4b_robotwin,VLA,none,robotwin_place_a2b,robotwin_pair_02,place_a2b_left,4300002,8402,direct_command,canonical,left,left,native_direction,Put the {movable} to the left of the {reference}.,,requires_frozen_scene_object_metadata,direct_base_competence_gate,True,True
lingbot_vla_4b_robotwin__robotwin_pair_02__direct_command__right,lingbot_vla_4b_robotwin,VLA,none,robotwin_place_a2b,robotwin_pair_02,place_a2b_left,4300002,8402,direct_command,canonical,right,left,counterfactual_direction,Put the {movable} to the right of the {reference}.,,requires_frozen_scene_object_metadata,direct_base_competence_gate,True,True
lingbot_vla_4b_robotwin__robotwin_pair_02__short_command__left,lingbot_vla_4b_robotwin,VLA,none,robotwin_place_a2b,robotwin_pair_02,place_a2b_left,4300002,8402,short_command,short_paraphrase,left,left,native_direction,Put the {movable_short} left of the {reference}.,,requires_frozen_scene_object_metadata,wording_followup_if_base_gate_passes,True,True
lingbot_vla_4b_robotwin__robotwin_pair_02__short_command__right,lingbot_vla_4b_robotwin,VLA,none,robotwin_place_a2b,robotwin_pair_02,place_a2b_left,4300002,8402,short_command,short_paraphrase,right,left,counterfactual_direction,Put the {movable_short} right of the {reference}.,,requires_frozen_scene_object_metadata,wording_followup_if_base_gate_passes,True,True
lingbot_vla_4b_robotwin__robotwin_pair_02__goal_as_outcome__left,lingbot_vla_4b_robotwin,VLA,none,robotwin_place_a2b,robotwin_pair_02,place_a2b_left,4300002,8402,goal_as_outcome,declarative_goal,left,left,native_direction,The {movable} should end up to the left of the {reference}.,,requires_frozen_scene_object_metadata,wording_followup_if_base_gate_passes,True,True
lingbot_vla_4b_robotwin__robotwin_pair_02__goal_as_outcome__right,lingbot_vla_4b_robotwin,VLA,none,robotwin_place_a2b,robotwin_pair_02,place_a2b_left,4300002,8402,goal_as_outcome,declarative_goal,right,left,counterfactual_direction,The {movable} should end up to the right of the {reference}.,,requires_frozen_scene_object_metadata,wording_followup_if_base_gate_passes,True,True
lingbot_vla_4b_robotwin__robotwin_pair_02__desired_plus_negated_opposite__left,lingbot_vla_4b_robotwin,VLA,none,robotwin_place_a2b,robotwin_pair_02,place_a2b_left,4300002,8402,desired_plus_negated_opposite,contrastive_goal,left,left,native_direction,"Put the {movable} to the left of the {reference}, not to the right of the {reference}.",,requires_frozen_scene_object_metadata,wording_followup_if_base_gate_passes,True,True
lingbot_vla_4b_robotwin__robotwin_pair_02__desired_plus_negated_opposite__right,lingbot_vla_4b_robotwin,VLA,none,robotwin_place_a2b,robotwin_pair_02,place_a2b_left,4300002,8402,desired_plus_negated_opposite,contrastive_goal,right,left,counterfactual_direction,"Put the {movable} to the right of the {reference}, not to the left of the {reference}.",,requires_frozen_scene_object_metadata,wording_followup_if_base_gate_passes,True,True
efficient_wam_rt_robotwin__robotwin_pair_00__direct_command__left,efficient_wam_rt_robotwin,WAM,decoded_coarse_future_video_and_actions,robotwin_place_a2b,robotwin_pair_00,place_a2b_left,4300000,8400,direct_command,canonical,left,left,native_direction,Put the {movable} to the left of the {reference}.,,requires_frozen_scene_object_metadata,direct_base_competence_gate,True,True
efficient_wam_rt_robotwin__robotwin_pair_00__direct_command__right,efficient_wam_rt_robotwin,WAM,decoded_coarse_future_video_and_actions,robotwin_place_a2b,robotwin_pair_00,place_a2b_left,4300000,8400,direct_command,canonical,right,left,counterfactual_direction,Put the {movable} to the right of the {reference}.,,requires_frozen_scene_object_metadata,direct_base_competence_gate,True,True
efficient_wam_rt_robotwin__robotwin_pair_00__short_command__left,efficient_wam_rt_robotwin,WAM,decoded_coarse_future_video_and_actions,robotwin_place_a2b,robotwin_pair_00,place_a2b_left,4300000,8400,short_command,short_paraphrase,left,left,native_direction,Put the {movable_short} left of the {reference}.,,requires_frozen_scene_object_metadata,wording_followup_if_base_gate_passes,True,True
efficient_wam_rt_robotwin__robotwin_pair_00__short_command__right,efficient_wam_rt_robotwin,WAM,decoded_coarse_future_video_and_actions,robotwin_place_a2b,robotwin_pair_00,place_a2b_left,4300000,8400,short_command,short_paraphrase,right,left,counterfactual_direction,Put the {movable_short} right of the {reference}.,,requires_frozen_scene_object_metadata,wording_followup_if_base_gate_passes,True,True
efficient_wam_rt_robotwin__robotwin_pair_00__goal_as_outcome__left,efficient_wam_rt_robotwin,WAM,decoded_coarse_future_video_and_actions,robotwin_place_a2b,robotwin_pair_00,place_a2b_left,4300000,8400,goal_as_outcome,declarative_goal,left,left,native_direction,The {movable} should end up to the left of the {reference}.,,requires_frozen_scene_object_metadata,wording_followup_if_base_gate_passes,True,True
efficient_wam_rt_robotwin__robotwin_pair_00__goal_as_outcome__right,efficient_wam_rt_robotwin,WAM,decoded_coarse_future_video_and_actions,robotwin_place_a2b,robotwin_pair_00,place_a2b_left,4300000,8400,goal_as_outcome,declarative_goal,right,left,counterfactual_direction,The {movable} should end up to the right of the {reference}.,,requires_frozen_scene_object_metadata,wording_followup_if_base_gate_passes,True,True
efficient_wam_rt_robotwin__robotwin_pair_00__desired_plus_negated_opposite__left,efficient_wam_rt_robotwin,WAM,decoded_coarse_future_video_and_actions,robotwin_place_a2b,robotwin_pair_00,place_a2b_left,4300000,8400,desired_plus_negated_opposite,contrastive_goal,left,left,native_direction,"Put the {movable} to the left of the {reference}, not to the right of the {reference}.",,requires_frozen_scene_object_metadata,wording_followup_if_base_gate_passes,True,True
efficient_wam_rt_robotwin__robotwin_pair_00__desired_plus_negated_opposite__right,efficient_wam_rt_robotwin,WAM,decoded_coarse_future_video_and_actions,robotwin_place_a2b,robotwin_pair_00,place_a2b_left,4300000,8400,desired_plus_negated_opposite,contrastive_goal,right,left,counterfactual_direction,"Put the {movable} to the right of the {reference}, not to the left of the {reference}.",,requires_frozen_scene_object_metadata,wording_followup_if_base_gate_passes,True,True
efficient_wam_rt_robotwin__robotwin_pair_01__direct_command__left,efficient_wam_rt_robotwin,WAM,decoded_coarse_future_video_and_actions,robotwin_place_a2b,robotwin_pair_01,place_a2b_right,4300001,8401,direct_command,canonical,left,right,counterfactual_direction,Put the {movable} to the left of the {reference}.,,requires_frozen_scene_object_metadata,direct_base_competence_gate,True,True
efficient_wam_rt_robotwin__robotwin_pair_01__direct_command__right,efficient_wam_rt_robotwin,WAM,decoded_coarse_future_video_and_actions,robotwin_place_a2b,robotwin_pair_01,place_a2b_right,4300001,8401,direct_command,canonical,right,right,native_direction,Put the {movable} to the right of the {reference}.,,requires_frozen_scene_object_metadata,direct_base_competence_gate,True,True
efficient_wam_rt_robotwin__robotwin_pair_01__short_command__left,efficient_wam_rt_robotwin,WAM,decoded_coarse_future_video_and_actions,robotwin_place_a2b,robotwin_pair_01,place_a2b_right,4300001,8401,short_command,short_paraphrase,left,right,counterfactual_direction,Put the {movable_short} left of the {reference}.,,requires_frozen_scene_object_metadata,wording_followup_if_base_gate_passes,True,True
efficient_wam_rt_robotwin__robotwin_pair_01__short_command__right,efficient_wam_rt_robotwin,WAM,decoded_coarse_future_video_and_actions,robotwin_place_a2b,robotwin_pair_01,place_a2b_right,4300001,8401,short_command,short_paraphrase,right,right,native_direction,Put the {movable_short} right of the {reference}.,,requires_frozen_scene_object_metadata,wording_followup_if_base_gate_passes,True,True
efficient_wam_rt_robotwin__robotwin_pair_01__goal_as_outcome__left,efficient_wam_rt_robotwin,WAM,decoded_coarse_future_video_and_actions,robotwin_place_a2b,robotwin_pair_01,place_a2b_right,4300001,8401,goal_as_outcome,declarative_goal,left,right,counterfactual_direction,The {movable} should end up to the left of the {reference}.,,requires_frozen_scene_object_metadata,wording_followup_if_base_gate_passes,True,True
efficient_wam_rt_robotwin__robotwin_pair_01__goal_as_outcome__right,efficient_wam_rt_robotwin,WAM,decoded_coarse_future_video_and_actions,robotwin_place_a2b,robotwin_pair_01,place_a2b_right,4300001,8401,goal_as_outcome,declarative_goal,right,right,native_direction,The {movable} should end up to the right of the {reference}.,,requires_frozen_scene_object_metadata,wording_followup_if_base_gate_passes,True,True
efficient_wam_rt_robotwin__robotwin_pair_01__desired_plus_negated_opposite__left,efficient_wam_rt_robotwin,WAM,decoded_coarse_future_video_and_actions,robotwin_place_a2b,robotwin_pair_01,place_a2b_right,4300001,8401,desired_plus_negated_opposite,contrastive_goal,left,right,counterfactual_direction,"Put the {movable} to the left of the {reference}, not to the right of the {reference}.",,requires_frozen_scene_object_metadata,wording_followup_if_base_gate_passes,True,True
efficient_wam_rt_robotwin__robotwin_pair_01__desired_plus_negated_opposite__right,efficient_wam_rt_robotwin,WAM,decoded_coarse_future_video_and_actions,robotwin_place_a2b,robotwin_pair_01,place_a2b_right,4300001,8401,desired_plus_negated_opposite,contrastive_goal,right,right,native_direction,"Put the {movable} to the right of the {reference}, not to the left of the {reference}.",,requires_frozen_scene_object_metadata,wording_followup_if_base_gate_passes,True,True
efficient_wam_rt_robotwin__robotwin_pair_02__direct_command__left,efficient_wam_rt_robotwin,WAM,decoded_coarse_future_video_and_actions,robotwin_place_a2b,robotwin_pair_02,place_a2b_left,4300002,8402,direct_command,canonical,left,left,native_direction,Put the {movable} to the left of the {reference}.,,requires_frozen_scene_object_metadata,direct_base_competence_gate,True,True
efficient_wam_rt_robotwin__robotwin_pair_02__direct_command__right,efficient_wam_rt_robotwin,WAM,decoded_coarse_future_video_and_actions,robotwin_place_a2b,robotwin_pair_02,place_a2b_left,4300002,8402,direct_command,canonical,right,left,counterfactual_direction,Put the {movable} to the right of the {reference}.,,requires_frozen_scene_object_metadata,direct_base_competence_gate,True,True
efficient_wam_rt_robotwin__robotwin_pair_02__short_command__left,efficient_wam_rt_robotwin,WAM,decoded_coarse_future_video_and_actions,robotwin_place_a2b,robotwin_pair_02,place_a2b_left,4300002,8402,short_command,short_paraphrase,left,left,native_direction,Put the {movable_short} left of the {reference}.,,requires_frozen_scene_object_metadata,wording_followup_if_base_gate_passes,True,True
efficient_wam_rt_robotwin__robotwin_pair_02__short_command__right,efficient_wam_rt_robotwin,WAM,decoded_coarse_future_video_and_actions,robotwin_place_a2b,robotwin_pair_02,place_a2b_left,4300002,8402,short_command,short_paraphrase,right,left,counterfactual_direction,Put the {movable_short} right of the {reference}.,,requires_frozen_scene_object_metadata,wording_followup_if_base_gate_passes,True,True
efficient_wam_rt_robotwin__robotwin_pair_02__goal_as_outcome__left,efficient_wam_rt_robotwin,WAM,decoded_coarse_future_video_and_actions,robotwin_place_a2b,robotwin_pair_02,place_a2b_left,4300002,8402,goal_as_outcome,declarative_goal,left,left,native_direction,The {movable} should end up to the left of the {reference}.,,requires_frozen_scene_object_metadata,wording_followup_if_base_gate_passes,True,True
efficient_wam_rt_robotwin__robotwin_pair_02__goal_as_outcome__right,efficient_wam_rt_robotwin,WAM,decoded_coarse_future_video_and_actions,robotwin_place_a2b,robotwin_pair_02,place_a2b_left,4300002,8402,goal_as_outcome,declarative_goal,right,left,counterfactual_direction,The {movable} should end up to the right of the {reference}.,,requires_frozen_scene_object_metadata,wording_followup_if_base_gate_passes,True,True
efficient_wam_rt_robotwin__robotwin_pair_02__desired_plus_negated_opposite__left,efficient_wam_rt_robotwin,WAM,decoded_coarse_future_video_and_actions,robotwin_place_a2b,robotwin_pair_02,place_a2b_left,4300002,8402,desired_plus_negated_opposite,contrastive_goal,left,left,native_direction,"Put the {movable} to the left of the {reference}, not to the right of the {reference}.",,requires_frozen_scene_object_metadata,wording_followup_if_base_gate_passes,True,True
efficient_wam_rt_robotwin__robotwin_pair_02__desired_plus_negated_opposite__right,efficient_wam_rt_robotwin,WAM,decoded_coarse_future_video_and_actions,robotwin_place_a2b,robotwin_pair_02,place_a2b_left,4300002,8402,desired_plus_negated_opposite,contrastive_goal,right,left,counterfactual_direction,"Put the {movable} to the right of the {reference}, not to the left of the {reference}.",,requires_frozen_scene_object_metadata,wording_followup_if_base_gate_passes,True,True
fastwam_robotwin__robotwin_pair_00__direct_command__left,fastwam_robotwin,WAM,world_model_training_action_only_test_time,robotwin_place_a2b,robotwin_pair_00,place_a2b_left,4300000,8400,direct_command,canonical,left,left,native_direction,Put the {movable} to the left of the {reference}.,,requires_frozen_scene_object_metadata,direct_base_competence_gate,True,True
fastwam_robotwin__robotwin_pair_00__direct_command__right,fastwam_robotwin,WAM,world_model_training_action_only_test_time,robotwin_place_a2b,robotwin_pair_00,place_a2b_left,4300000,8400,direct_command,canonical,right,left,counterfactual_direction,Put the {movable} to the right of the {reference}.,,requires_frozen_scene_object_metadata,direct_base_competence_gate,True,True
fastwam_robotwin__robotwin_pair_00__short_command__left,fastwam_robotwin,WAM,world_model_training_action_only_test_time,robotwin_place_a2b,robotwin_pair_00,place_a2b_left,4300000,8400,short_command,short_paraphrase,left,left,native_direction,Put the {movable_short} left of the {reference}.,,requires_frozen_scene_object_metadata,wording_followup_if_base_gate_passes,True,True
fastwam_robotwin__robotwin_pair_00__short_command__right,fastwam_robotwin,WAM,world_model_training_action_only_test_time,robotwin_place_a2b,robotwin_pair_00,place_a2b_left,4300000,8400,short_command,short_paraphrase,right,left,counterfactual_direction,Put the {movable_short} right of the {reference}.,,requires_frozen_scene_object_metadata,wording_followup_if_base_gate_passes,True,True
fastwam_robotwin__robotwin_pair_00__goal_as_outcome__left,fastwam_robotwin,WAM,world_model_training_action_only_test_time,robotwin_place_a2b,robotwin_pair_00,place_a2b_left,4300000,8400,goal_as_outcome,declarative_goal,left,left,native_direction,The {movable} should end up to the left of the {reference}.,,requires_frozen_scene_object_metadata,wording_followup_if_base_gate_passes,True,True
fastwam_robotwin__robotwin_pair_00__goal_as_outcome__right,fastwam_robotwin,WAM,world_model_training_action_only_test_time,robotwin_place_a2b,robotwin_pair_00,place_a2b_left,4300000,8400,goal_as_outcome,declarative_goal,right,left,counterfactual_direction,The {movable} should end up to the right of the {reference}.,,requires_frozen_scene_object_metadata,wording_followup_if_base_gate_passes,True,True
fastwam_robotwin__robotwin_pair_00__desired_plus_negated_opposite__left,fastwam_robotwin,WAM,world_model_training_action_only_test_time,robotwin_place_a2b,robotwin_pair_00,place_a2b_left,4300000,8400,desired_plus_negated_opposite,contrastive_goal,left,left,native_direction,"Put the {movable} to the left of the {reference}, not to the right of the {reference}.",,requires_frozen_scene_object_metadata,wording_followup_if_base_gate_passes,True,True
fastwam_robotwin__robotwin_pair_00__desired_plus_negated_opposite__right,fastwam_robotwin,WAM,world_model_training_action_only_test_time,robotwin_place_a2b,robotwin_pair_00,place_a2b_left,4300000,8400,desired_plus_negated_opposite,contrastive_goal,right,left,counterfactual_direction,"Put the {movable} to the right of the {reference}, not to the left of the {reference}.",,requires_frozen_scene_object_metadata,wording_followup_if_base_gate_passes,True,True
fastwam_robotwin__robotwin_pair_01__direct_command__left,fastwam_robotwin,WAM,world_model_training_action_only_test_time,robotwin_place_a2b,robotwin_pair_01,place_a2b_right,4300001,8401,direct_command,canonical,left,right,counterfactual_direction,Put the {movable} to the left of the {reference}.,,requires_frozen_scene_object_metadata,direct_base_competence_gate,True,True
fastwam_robotwin__robotwin_pair_01__direct_command__right,fastwam_robotwin,WAM,world_model_training_action_only_test_time,robotwin_place_a2b,robotwin_pair_01,place_a2b_right,4300001,8401,direct_command,canonical,right,right,native_direction,Put the {movable} to the right of the {reference}.,,requires_frozen_scene_object_metadata,direct_base_competence_gate,True,True
fastwam_robotwin__robotwin_pair_01__short_command__left,fastwam_robotwin,WAM,world_model_training_action_only_test_time,robotwin_place_a2b,robotwin_pair_01,place_a2b_right,4300001,8401,short_command,short_paraphrase,left,right,counterfactual_direction,Put the {movable_short} left of the {reference}.,,requires_frozen_scene_object_metadata,wording_followup_if_base_gate_passes,True,True
fastwam_robotwin__robotwin_pair_01__short_command__right,fastwam_robotwin,WAM,world_model_training_action_only_test_time,robotwin_place_a2b,robotwin_pair_01,place_a2b_right,4300001,8401,short_command,short_paraphrase,right,right,native_direction,Put the {movable_short} right of the {reference}.,,requires_frozen_scene_object_metadata,wording_followup_if_base_gate_passes,True,True
fastwam_robotwin__robotwin_pair_01__goal_as_outcome__left,fastwam_robotwin,WAM,world_model_training_action_only_test_time,robotwin_place_a2b,robotwin_pair_01,place_a2b_right,4300001,8401,goal_as_outcome,declarative_goal,left,right,counterfactual_direction,The {movable} should end up to the left of the {reference}.,,requires_frozen_scene_object_metadata,wording_followup_if_base_gate_passes,True,True
fastwam_robotwin__robotwin_pair_01__goal_as_outcome__right,fastwam_robotwin,WAM,world_model_training_action_only_test_time,robotwin_place_a2b,robotwin_pair_01,place_a2b_right,4300001,8401,goal_as_outcome,declarative_goal,right,right,native_direction,The {movable} should end up to the right of the {reference}.,,requires_frozen_scene_object_metadata,wording_followup_if_base_gate_passes,True,True
fastwam_robotwin__robotwin_pair_01__desired_plus_negated_opposite__left,fastwam_robotwin,WAM,world_model_training_action_only_test_time,robotwin_place_a2b,robotwin_pair_01,place_a2b_right,4300001,8401,desired_plus_negated_opposite,contrastive_goal,left,right,counterfactual_direction,"Put the {movable} to the left of the {reference}, not to the right of the {reference}.",,requires_frozen_scene_object_metadata,wording_followup_if_base_gate_passes,True,True
fastwam_robotwin__robotwin_pair_01__desired_plus_negated_opposite__right,fastwam_robotwin,WAM,world_model_training_action_only_test_time,robotwin_place_a2b,robotwin_pair_01,place_a2b_right,4300001,8401,desired_plus_negated_opposite,contrastive_goal,right,right,native_direction,"Put the {movable} to the right of the {reference}, not to the left of the {reference}.",,requires_frozen_scene_object_metadata,wording_followup_if_base_gate_passes,True,True
fastwam_robotwin__robotwin_pair_02__direct_command__left,fastwam_robotwin,WAM,world_model_training_action_only_test_time,robotwin_place_a2b,robotwin_pair_02,place_a2b_left,4300002,8402,direct_command,canonical,left,left,native_direction,Put the {movable} to the left of the {reference}.,,requires_frozen_scene_object_metadata,direct_base_competence_gate,True,True
fastwam_robotwin__robotwin_pair_02__direct_command__right,fastwam_robotwin,WAM,world_model_training_action_only_test_time,robotwin_place_a2b,robotwin_pair_02,place_a2b_left,4300002,8402,direct_command,canonical,right,left,counterfactual_direction,Put the {movable} to the right of the {reference}.,,requires_frozen_scene_object_metadata,direct_base_competence_gate,True,True
fastwam_robotwin__robotwin_pair_02__short_command__left,fastwam_robotwin,WAM,world_model_training_action_only_test_time,robotwin_place_a2b,robotwin_pair_02,place_a2b_left,4300002,8402,short_command,short_paraphrase,left,left,native_direction,Put the {movable_short} left of the {reference}.,,requires_frozen_scene_object_metadata,wording_followup_if_base_gate_passes,True,True
fastwam_robotwin__robotwin_pair_02__short_command__right,fastwam_robotwin,WAM,world_model_training_action_only_test_time,robotwin_place_a2b,robotwin_pair_02,place_a2b_left,4300002,8402,short_command,short_paraphrase,right,left,counterfactual_direction,Put the {movable_short} right of the {reference}.,,requires_frozen_scene_object_metadata,wording_followup_if_base_gate_passes,True,True
fastwam_robotwin__robotwin_pair_02__goal_as_outcome__left,fastwam_robotwin,WAM,world_model_training_action_only_test_time,robotwin_place_a2b,robotwin_pair_02,place_a2b_left,4300002,8402,goal_as_outcome,declarative_goal,left,left,native_direction,The {movable} should end up to the left of the {reference}.,,requires_frozen_scene_object_metadata,wording_followup_if_base_gate_passes,True,True
fastwam_robotwin__robotwin_pair_02__goal_as_outcome__right,fastwam_robotwin,WAM,world_model_training_action_only_test_time,robotwin_place_a2b,robotwin_pair_02,place_a2b_left,4300002,8402,goal_as_outcome,declarative_goal,right,left,counterfactual_direction,The {movable} should end up to the right of the {reference}.,,requires_frozen_scene_object_metadata,wording_followup_if_base_gate_passes,True,True
fastwam_robotwin__robotwin_pair_02__desired_plus_negated_opposite__left,fastwam_robotwin,WAM,world_model_training_action_only_test_time,robotwin_place_a2b,robotwin_pair_02,place_a2b_left,4300002,8402,desired_plus_negated_opposite,contrastive_goal,left,left,native_direction,"Put the {movable} to the left of the {reference}, not to the right of the {reference}.",,requires_frozen_scene_object_metadata,wording_followup_if_base_gate_passes,True,True
fastwam_robotwin__robotwin_pair_02__desired_plus_negated_opposite__right,fastwam_robotwin,WAM,world_model_training_action_only_test_time,robotwin_place_a2b,robotwin_pair_02,place_a2b_left,4300002,8402,desired_plus_negated_opposite,contrastive_goal,right,left,counterfactual_direction,"Put the {movable} to the right of the {reference}, not to the left of the {reference}.",,requires_frozen_scene_object_metadata,wording_followup_if_base_gate_passes,True,True
lingbot_va_robotwin__robotwin_pair_00__direct_command__left,lingbot_va_robotwin,WAM,joint_video_latent_and_actions_with_decodable_future,robotwin_place_a2b,robotwin_pair_00,place_a2b_left,4300000,8400,direct_command,canonical,left,left,native_direction,Put the {movable} to the left of the {reference}.,,requires_frozen_scene_object_metadata,direct_base_competence_gate,True,True
lingbot_va_robotwin__robotwin_pair_00__direct_command__right,lingbot_va_robotwin,WAM,joint_video_latent_and_actions_with_decodable_future,robotwin_place_a2b,robotwin_pair_00,place_a2b_left,4300000,8400,direct_command,canonical,right,left,counterfactual_direction,Put the {movable} to the right of the {reference}.,,requires_frozen_scene_object_metadata,direct_base_competence_gate,True,True
lingbot_va_robotwin__robotwin_pair_00__short_command__left,lingbot_va_robotwin,WAM,joint_video_latent_and_actions_with_decodable_future,robotwin_place_a2b,robotwin_pair_00,place_a2b_left,4300000,8400,short_command,short_paraphrase,left,left,native_direction,Put the {movable_short} left of the {reference}.,,requires_frozen_scene_object_metadata,wording_followup_if_base_gate_passes,True,True
lingbot_va_robotwin__robotwin_pair_00__short_command__right,lingbot_va_robotwin,WAM,joint_video_latent_and_actions_with_decodable_future,robotwin_place_a2b,robotwin_pair_00,place_a2b_left,4300000,8400,short_command,short_paraphrase,right,left,counterfactual_direction,Put the {movable_short} right of the {reference}.,,requires_frozen_scene_object_metadata,wording_followup_if_base_gate_passes,True,True
lingbot_va_robotwin__robotwin_pair_00__goal_as_outcome__left,lingbot_va_robotwin,WAM,joint_video_latent_and_actions_with_decodable_future,robotwin_place_a2b,robotwin_pair_00,place_a2b_left,4300000,8400,goal_as_outcome,declarative_goal,left,left,native_direction,The {movable} should end up to the left of the {reference}.,,requires_frozen_scene_object_metadata,wording_followup_if_base_gate_passes,True,True
lingbot_va_robotwin__robotwin_pair_00__goal_as_outcome__right,lingbot_va_robotwin,WAM,joint_video_latent_and_actions_with_decodable_future,robotwin_place_a2b,robotwin_pair_00,place_a2b_left,4300000,8400,goal_as_outcome,declarative_goal,right,left,counterfactual_direction,The {movable} should end up to the right of the {reference}.,,requires_frozen_scene_object_metadata,wording_followup_if_base_gate_passes,True,True
lingbot_va_robotwin__robotwin_pair_00__desired_plus_negated_opposite__left,lingbot_va_robotwin,WAM,joint_video_latent_and_actions_with_decodable_future,robotwin_place_a2b,robotwin_pair_00,place_a2b_left,4300000,8400,desired_plus_negated_opposite,contrastive_goal,left,left,native_direction,"Put the {movable} to the left of the {reference}, not to the right of the {reference}.",,requires_frozen_scene_object_metadata,wording_followup_if_base_gate_passes,True,True
lingbot_va_robotwin__robotwin_pair_00__desired_plus_negated_opposite__right,lingbot_va_robotwin,WAM,joint_video_latent_and_actions_with_decodable_future,robotwin_place_a2b,robotwin_pair_00,place_a2b_left,4300000,8400,desired_plus_negated_opposite,contrastive_goal,right,left,counterfactual_direction,"Put the {movable} to the right of the {reference}, not to the left of the {reference}.",,requires_frozen_scene_object_metadata,wording_followup_if_base_gate_passes,True,True
lingbot_va_robotwin__robotwin_pair_01__direct_command__left,lingbot_va_robotwin,WAM,joint_video_latent_and_actions_with_decodable_future,robotwin_place_a2b,robotwin_pair_01,place_a2b_right,4300001,8401,direct_command,canonical,left,right,counterfactual_direction,Put the {movable} to the left of the {reference}.,,requires_frozen_scene_object_metadata,direct_base_competence_gate,True,True
lingbot_va_robotwin__robotwin_pair_01__direct_command__right,lingbot_va_robotwin,WAM,joint_video_latent_and_actions_with_decodable_future,robotwin_place_a2b,robotwin_pair_01,place_a2b_right,4300001,8401,direct_command,canonical,right,right,native_direction,Put the {movable} to the right of the {reference}.,,requires_frozen_scene_object_metadata,direct_base_competence_gate,True,True
lingbot_va_robotwin__robotwin_pair_01__short_command__left,lingbot_va_robotwin,WAM,joint_video_latent_and_actions_with_decodable_future,robotwin_place_a2b,robotwin_pair_01,place_a2b_right,4300001,8401,short_command,short_paraphrase,left,right,counterfactual_direction,Put the {movable_short} left of the {reference}.,,requires_frozen_scene_object_metadata,wording_followup_if_base_gate_passes,True,True
lingbot_va_robotwin__robotwin_pair_01__short_command__right,lingbot_va_robotwin,WAM,joint_video_latent_and_actions_with_decodable_future,robotwin_place_a2b,robotwin_pair_01,place_a2b_right,4300001,8401,short_command,short_paraphrase,right,right,native_direction,Put the {movable_short} right of the {reference}.,,requires_frozen_scene_object_metadata,wording_followup_if_base_gate_passes,True,True
lingbot_va_robotwin__robotwin_pair_01__goal_as_outcome__left,lingbot_va_robotwin,WAM,joint_video_latent_and_actions_with_decodable_future,robotwin_place_a2b,robotwin_pair_01,place_a2b_right,4300001,8401,goal_as_outcome,declarative_goal,left,right,counterfactual_direction,The {movable} should end up to the left of the {reference}.,,requires_frozen_scene_object_metadata,wording_followup_if_base_gate_passes,True,True
lingbot_va_robotwin__robotwin_pair_01__goal_as_outcome__right,lingbot_va_robotwin,WAM,joint_video_latent_and_actions_with_decodable_future,robotwin_place_a2b,robotwin_pair_01,place_a2b_right,4300001,8401,goal_as_outcome,declarative_goal,right,right,native_direction,The {movable} should end up to the right of the {reference}.,,requires_frozen_scene_object_metadata,wording_followup_if_base_gate_passes,True,True
lingbot_va_robotwin__robotwin_pair_01__desired_plus_negated_opposite__left,lingbot_va_robotwin,WAM,joint_video_latent_and_actions_with_decodable_future,robotwin_place_a2b,robotwin_pair_01,place_a2b_right,4300001,8401,desired_plus_negated_opposite,contrastive_goal,left,right,counterfactual_direction,"Put the {movable} to the left of the {reference}, not to the right of the {reference}.",,requires_frozen_scene_object_metadata,wording_followup_if_base_gate_passes,True,True
lingbot_va_robotwin__robotwin_pair_01__desired_plus_negated_opposite__right,lingbot_va_robotwin,WAM,joint_video_latent_and_actions_with_decodable_future,robotwin_place_a2b,robotwin_pair_01,place_a2b_right,4300001,8401,desired_plus_negated_opposite,contrastive_goal,right,right,native_direction,"Put the {movable} to the right of the {reference}, not to the left of the {reference}.",,requires_frozen_scene_object_metadata,wording_followup_if_base_gate_passes,True,True
lingbot_va_robotwin__robotwin_pair_02__direct_command__left,lingbot_va_robotwin,WAM,joint_video_latent_and_actions_with_decodable_future,robotwin_place_a2b,robotwin_pair_02,place_a2b_left,4300002,8402,direct_command,canonical,left,left,native_direction,Put the {movable} to the left of the {reference}.,,requires_frozen_scene_object_metadata,direct_base_competence_gate,True,True
lingbot_va_robotwin__robotwin_pair_02__direct_command__right,lingbot_va_robotwin,WAM,joint_video_latent_and_actions_with_decodable_future,robotwin_place_a2b,robotwin_pair_02,place_a2b_left,4300002,8402,direct_command,canonical,right,left,counterfactual_direction,Put the {movable} to the right of the {reference}.,,requires_frozen_scene_object_metadata,direct_base_competence_gate,True,True
lingbot_va_robotwin__robotwin_pair_02__short_command__left,lingbot_va_robotwin,WAM,joint_video_latent_and_actions_with_decodable_future,robotwin_place_a2b,robotwin_pair_02,place_a2b_left,4300002,8402,short_command,short_paraphrase,left,left,native_direction,Put the {movable_short} left of the {reference}.,,requires_frozen_scene_object_metadata,wording_followup_if_base_gate_passes,True,True
lingbot_va_robotwin__robotwin_pair_02__short_command__right,lingbot_va_robotwin,WAM,joint_video_latent_and_actions_with_decodable_future,robotwin_place_a2b,robotwin_pair_02,place_a2b_left,4300002,8402,short_command,short_paraphrase,right,left,counterfactual_direction,Put the {movable_short} right of the {reference}.,,requires_frozen_scene_object_metadata,wording_followup_if_base_gate_passes,True,True
lingbot_va_robotwin__robotwin_pair_02__goal_as_outcome__left,lingbot_va_robotwin,WAM,joint_video_latent_and_actions_with_decodable_future,robotwin_place_a2b,robotwin_pair_02,place_a2b_left,4300002,8402,goal_as_outcome,declarative_goal,left,left,native_direction,The {movable} should end up to the left of the {reference}.,,requires_frozen_scene_object_metadata,wording_followup_if_base_gate_passes,True,True
lingbot_va_robotwin__robotwin_pair_02__goal_as_outcome__right,lingbot_va_robotwin,WAM,joint_video_latent_and_actions_with_decodable_future,robotwin_place_a2b,robotwin_pair_02,place_a2b_left,4300002,8402,goal_as_outcome,declarative_goal,right,left,counterfactual_direction,The {movable} should end up to the right of the {reference}.,,requires_frozen_scene_object_metadata,wording_followup_if_base_gate_passes,True,True
lingbot_va_robotwin__robotwin_pair_02__desired_plus_negated_opposite__left,lingbot_va_robotwin,WAM,joint_video_latent_and_actions_with_decodable_future,robotwin_place_a2b,robotwin_pair_02,place_a2b_left,4300002,8402,desired_plus_negated_opposite,contrastive_goal,left,left,native_direction,"Put the {movable} to the left of the {reference}, not to the right of the {reference}.",,requires_frozen_scene_object_metadata,wording_followup_if_base_gate_passes,True,True
lingbot_va_robotwin__robotwin_pair_02__desired_plus_negated_opposite__right,lingbot_va_robotwin,WAM,joint_video_latent_and_actions_with_decodable_future,robotwin_place_a2b,robotwin_pair_02,place_a2b_left,4300002,8402,desired_plus_negated_opposite,contrastive_goal,right,left,counterfactual_direction,"Put the {movable} to the right of the {reference}, not to the left of the {reference}.",,requires_frozen_scene_object_metadata,wording_followup_if_base_gate_passes,True,True
