episode_id,family,fixture,block_id,policy_id,goal,wording,scenario,named_reference,planned,accepted_valid,missing_valid,infra_invalid,blocked,trigger_eligible,event_delivered,event_observed
online_correction_v4-C6-b000-3203ea77ae86399b,C6,containment,0,cosmos3_nano_droid,inside,direct,destination_static,single,1,1,0,0,0,0,0,0
online_correction_v4-C6-b000-53f527666c035188,C6,containment,0,cosmos3_nano_droid,inside,inverse,move_stop,single,1,1,0,0,0,0,0,0
online_correction_v4-C6-b000-54c149fce92a6ada,C6,containment,0,cosmos3_nano_droid,inside,inverse,destination_static,single,1,1,0,0,0,0,0,0
online_correction_v4-C6-b000-72a5270017ef3a70,C6,containment,0,cosmos3_nano_droid,inside,inverse,original_sham,single,1,1,0,0,0,1,0,0
online_correction_v4-C6-b000-e50de7857279b0b3,C6,containment,0,cosmos3_nano_droid,inside,direct,original_sham,single,1,1,0,0,0,0,0,0
online_correction_v4-C6-b000-fb4ccc7961f042b4,C6,containment,0,cosmos3_nano_droid,inside,direct,move_stop,single,1,1,0,0,0,1,1,0
online_correction_v4-C6-b001-139c9ff724dec4c2,C6,containment,1,cosmos3_nano_droid,inside,direct,move_stop,single,1,1,0,0,0,0,0,0
online_correction_v4-C6-b001-1cb75350b11ac3f3,C6,containment,1,cosmos3_nano_droid,inside,direct,original_sham,single,1,1,0,0,0,1,0,0
online_correction_v4-C6-b001-23043d3d0417206f,C6,containment,1,cosmos3_nano_droid,inside,direct,destination_static,single,1,1,0,0,0,0,0,0
online_correction_v4-C6-b001-5facc4f25173dea9,C6,containment,1,cosmos3_nano_droid,inside,inverse,move_stop,single,1,1,0,0,0,0,0,0
online_correction_v4-C6-b001-937cadd1e16c5563,C6,containment,1,cosmos3_nano_droid,inside,inverse,original_sham,single,1,1,0,0,0,0,0,0
online_correction_v4-C6-b001-9cfae1b5c5643fba,C6,containment,1,cosmos3_nano_droid,inside,inverse,destination_static,single,1,1,0,0,0,1,0,0
online_correction_v4-C6-b002-4865c0a5876e8c43,C6,containment,2,cosmos3_nano_droid,inside,direct,original_sham,single,1,1,0,0,0,0,0,0
online_correction_v4-C6-b002-510e590d7c0728f1,C6,containment,2,cosmos3_nano_droid,inside,inverse,original_sham,single,1,1,0,0,0,0,0,0
online_correction_v4-C6-b002-6d0a7cfbd4a09004,C6,containment,2,cosmos3_nano_droid,inside,inverse,move_stop,single,1,1,0,0,0,0,0,0
online_correction_v4-C6-b002-a3ce7ca085acf29a,C6,containment,2,cosmos3_nano_droid,inside,direct,move_stop,single,1,1,0,0,0,0,0,0
online_correction_v4-C6-b002-e2849f0a77f6f493,C6,containment,2,cosmos3_nano_droid,inside,inverse,destination_static,single,1,1,0,0,0,0,0,0
online_correction_v4-C6-b002-f6347caf99e13d61,C6,containment,2,cosmos3_nano_droid,inside,direct,destination_static,single,1,1,0,0,0,0,0,0
online_correction_v4-C6-b003-0faa892936271268,C6,containment,3,cosmos3_nano_droid,inside,direct,destination_static,single,1,1,0,0,0,1,0,0
online_correction_v4-C6-b003-12c52ea9ac231514,C6,containment,3,cosmos3_nano_droid,inside,direct,original_sham,single,1,1,0,0,0,0,0,0
online_correction_v4-C6-b003-2a85312652036738,C6,containment,3,cosmos3_nano_droid,inside,direct,move_stop,single,1,1,0,0,0,0,0,0
online_correction_v4-C6-b003-67c1ed66cea209da,C6,containment,3,cosmos3_nano_droid,inside,inverse,destination_static,single,1,1,0,0,0,0,0,0
online_correction_v4-C6-b003-990c7ebd648d108d,C6,containment,3,cosmos3_nano_droid,inside,inverse,original_sham,single,1,1,0,0,0,0,0,0
online_correction_v4-C6-b003-b6e15415b55edb1e,C6,containment,3,cosmos3_nano_droid,inside,inverse,move_stop,single,1,1,0,0,0,0,0,0
online_correction_v4-C6-b004-152c40b68c322dd5,C6,containment,4,cosmos3_nano_droid,inside,inverse,destination_static,single,1,1,0,0,0,0,0,0
online_correction_v4-C6-b004-4526b45b7647289e,C6,containment,4,cosmos3_nano_droid,inside,inverse,move_stop,single,1,1,0,0,0,0,0,0
online_correction_v4-C6-b004-65f8174fbf8d9280,C6,containment,4,cosmos3_nano_droid,inside,inverse,original_sham,single,1,1,0,0,0,0,0,0
online_correction_v4-C6-b004-6fc0ac9c6409ef32,C6,containment,4,cosmos3_nano_droid,inside,direct,move_stop,single,1,1,0,0,0,0,0,0
online_correction_v4-C6-b004-a3985b9fe7a5c6b1,C6,containment,4,cosmos3_nano_droid,inside,direct,destination_static,single,1,1,0,0,0,0,0,0
online_correction_v4-C6-b004-d04ab9678e994935,C6,containment,4,cosmos3_nano_droid,inside,direct,original_sham,single,1,1,0,0,0,0,0,0
online_correction_v4-C6-b005-0e79e6104a92b3dc,C6,containment,5,cosmos3_nano_droid,inside,direct,original_sham,single,1,1,0,0,0,1,0,0
online_correction_v4-C6-b005-1f1901e947ea50e3,C6,containment,5,cosmos3_nano_droid,inside,inverse,original_sham,single,1,1,0,0,0,1,0,0
online_correction_v4-C6-b005-4bc9298ebe04fe72,C6,containment,5,cosmos3_nano_droid,inside,inverse,move_stop,single,1,1,0,0,0,1,1,0
online_correction_v4-C6-b005-68d317ab61b74600,C6,containment,5,cosmos3_nano_droid,inside,inverse,destination_static,single,1,1,0,0,0,1,0,0
online_correction_v4-C6-b005-731d4fd6ad432ffc,C6,containment,5,cosmos3_nano_droid,inside,direct,destination_static,single,1,1,0,0,0,1,0,0
online_correction_v4-C6-b005-870d99325c97d7b4,C6,containment,5,cosmos3_nano_droid,inside,direct,move_stop,single,1,1,0,0,0,1,1,0
online_correction_v4-C6-b006-60763e0e6879e414,C6,containment,6,cosmos3_nano_droid,inside,direct,move_stop,single,1,1,0,0,0,0,0,0
online_correction_v4-C6-b006-6b3ec549701d0e2e,C6,containment,6,cosmos3_nano_droid,inside,direct,destination_static,single,1,1,0,0,0,0,0,0
online_correction_v4-C6-b006-79df31c8a0a873f5,C6,containment,6,cosmos3_nano_droid,inside,inverse,destination_static,single,1,1,0,0,0,0,0,0
online_correction_v4-C6-b006-cb1b7c645e2ec1cd,C6,containment,6,cosmos3_nano_droid,inside,inverse,move_stop,single,1,1,0,0,0,0,0,0
online_correction_v4-C6-b006-dd156b9515218d05,C6,containment,6,cosmos3_nano_droid,inside,inverse,original_sham,single,1,1,0,0,0,0,0,0
online_correction_v4-C6-b006-e98385a047b99eb8,C6,containment,6,cosmos3_nano_droid,inside,direct,original_sham,single,1,1,0,0,0,0,0,0
online_correction_v4-C6-b007-1c18f47a5f8a6149,C6,containment,7,cosmos3_nano_droid,inside,inverse,move_stop,single,1,1,0,0,0,0,0,0
online_correction_v4-C6-b007-4cf055088abab79d,C6,containment,7,cosmos3_nano_droid,inside,inverse,destination_static,single,1,1,0,0,0,0,0,0
online_correction_v4-C6-b007-51140b14a549dd19,C6,containment,7,cosmos3_nano_droid,inside,direct,original_sham,single,1,1,0,0,0,0,0,0
online_correction_v4-C6-b007-5c55b43a857b681b,C6,containment,7,cosmos3_nano_droid,inside,direct,move_stop,single,1,1,0,0,0,0,0,0
online_correction_v4-C6-b007-816b5acdd704d546,C6,containment,7,cosmos3_nano_droid,inside,direct,destination_static,single,1,1,0,0,0,0,0,0
online_correction_v4-C6-b007-c733992ddc581c79,C6,containment,7,cosmos3_nano_droid,inside,inverse,original_sham,single,1,1,0,0,0,0,0,0
online_correction_v4-C6-b008-06bb21e8a30ee966,C6,containment,8,cosmos3_nano_droid,inside,direct,original_sham,single,1,1,0,0,0,1,0,0
online_correction_v4-C6-b008-0d8bd80aa3449589,C6,containment,8,cosmos3_nano_droid,inside,inverse,move_stop,single,1,1,0,0,0,1,1,0
online_correction_v4-C6-b008-aa6d4650117fb815,C6,containment,8,cosmos3_nano_droid,inside,inverse,destination_static,single,1,1,0,0,0,0,0,0
online_correction_v4-C6-b008-c7a6476b79bece01,C6,containment,8,cosmos3_nano_droid,inside,inverse,original_sham,single,1,1,0,0,0,0,0,0
online_correction_v4-C6-b008-c8b6dbe657465210,C6,containment,8,cosmos3_nano_droid,inside,direct,destination_static,single,1,1,0,0,0,0,0,0
online_correction_v4-C6-b008-ca682b464bed1451,C6,containment,8,cosmos3_nano_droid,inside,direct,move_stop,single,1,1,0,0,0,1,1,0
online_correction_v4-C6-b009-296cf00c4e7dde6e,C6,containment,9,cosmos3_nano_droid,inside,inverse,move_stop,single,1,1,0,0,0,0,0,0
online_correction_v4-C6-b009-3df2eb4116e17740,C6,containment,9,cosmos3_nano_droid,inside,inverse,destination_static,single,1,1,0,0,0,0,0,0
online_correction_v4-C6-b009-a305d0e432e3d01b,C6,containment,9,cosmos3_nano_droid,inside,inverse,original_sham,single,1,1,0,0,0,0,0,0
online_correction_v4-C6-b009-a7c8c64a22df1ea2,C6,containment,9,cosmos3_nano_droid,inside,direct,destination_static,single,1,1,0,0,0,0,0,0
online_correction_v4-C6-b009-e03cc4fcf1d1a148,C6,containment,9,cosmos3_nano_droid,inside,direct,move_stop,single,1,1,0,0,0,0,0,0
online_correction_v4-C6-b009-ec03290e58b82e6b,C6,containment,9,cosmos3_nano_droid,inside,direct,original_sham,single,1,1,0,0,0,0,0,0
online_correction_v4-C6-b010-100689b1ce03fb45,C6,containment,10,cosmos3_nano_droid,inside,direct,destination_static,single,1,1,0,0,0,1,0,0
online_correction_v4-C6-b010-24884943c0a521a6,C6,containment,10,cosmos3_nano_droid,inside,inverse,original_sham,single,1,1,0,0,0,0,0,0
online_correction_v4-C6-b010-471ed07d7ddac063,C6,containment,10,cosmos3_nano_droid,inside,direct,original_sham,single,1,1,0,0,0,0,0,0
online_correction_v4-C6-b010-5fea22d9d266ae93,C6,containment,10,cosmos3_nano_droid,inside,direct,move_stop,single,1,1,0,0,0,0,0,0
online_correction_v4-C6-b010-a1f0e1c599508a51,C6,containment,10,cosmos3_nano_droid,inside,inverse,destination_static,single,1,1,0,0,0,0,0,0
online_correction_v4-C6-b010-ab382ae76f7468b3,C6,containment,10,cosmos3_nano_droid,inside,inverse,move_stop,single,1,1,0,0,0,0,0,0
online_correction_v4-C6-b011-02f3aa18712bacbf,C6,containment,11,cosmos3_nano_droid,inside,direct,move_stop,single,1,1,0,0,0,0,0,0
online_correction_v4-C6-b011-34826119f06a9f98,C6,containment,11,cosmos3_nano_droid,inside,direct,destination_static,single,1,1,0,0,0,0,0,0
online_correction_v4-C6-b011-56db38238736ee24,C6,containment,11,cosmos3_nano_droid,inside,direct,original_sham,single,1,1,0,0,0,0,0,0
online_correction_v4-C6-b011-81c735dd17c0f17b,C6,containment,11,cosmos3_nano_droid,inside,inverse,original_sham,single,1,1,0,0,0,0,0,0
online_correction_v4-C6-b011-9693855b8666b257,C6,containment,11,cosmos3_nano_droid,inside,inverse,move_stop,single,1,1,0,0,0,0,0,0
online_correction_v4-C6-b011-c2f998816be75a8b,C6,containment,11,cosmos3_nano_droid,inside,inverse,destination_static,single,1,1,0,0,0,0,0,0
online_correction_v4-C6-b012-1cae6e06cd05f4a7,C6,containment,12,cosmos3_nano_droid,inside,inverse,move_stop,single,1,1,0,0,0,0,0,0
online_correction_v4-C6-b012-3273900b837bf07b,C6,containment,12,cosmos3_nano_droid,inside,inverse,destination_static,single,1,1,0,0,0,0,0,0
online_correction_v4-C6-b012-6efad2eb571303c3,C6,containment,12,cosmos3_nano_droid,inside,direct,destination_static,single,1,1,0,0,0,0,0,0
online_correction_v4-C6-b012-77821fb95d042c47,C6,containment,12,cosmos3_nano_droid,inside,inverse,original_sham,single,1,1,0,0,0,0,0,0
online_correction_v4-C6-b012-869f066cffd75e0b,C6,containment,12,cosmos3_nano_droid,inside,direct,original_sham,single,1,1,0,0,0,0,0,0
online_correction_v4-C6-b012-907178697cc2930f,C6,containment,12,cosmos3_nano_droid,inside,direct,move_stop,single,1,1,0,0,0,0,0,0
online_correction_v4-C6-b013-1f566bf31e7cdf36,C6,containment,13,cosmos3_nano_droid,inside,inverse,move_stop,single,1,1,0,0,0,0,0,0
online_correction_v4-C6-b013-2363cbf545640451,C6,containment,13,cosmos3_nano_droid,inside,inverse,original_sham,single,1,1,0,0,0,0,0,0
online_correction_v4-C6-b013-2f933db0e0072893,C6,containment,13,cosmos3_nano_droid,inside,inverse,destination_static,single,1,1,0,0,0,0,0,0
online_correction_v4-C6-b013-4b5b69cceadc1e92,C6,containment,13,cosmos3_nano_droid,inside,direct,destination_static,single,1,1,0,0,0,0,0,0
online_correction_v4-C6-b013-70913d1a4590f796,C6,containment,13,cosmos3_nano_droid,inside,direct,original_sham,single,1,1,0,0,0,0,0,0
online_correction_v4-C6-b013-e8e5568055daf389,C6,containment,13,cosmos3_nano_droid,inside,direct,move_stop,single,1,1,0,0,0,0,0,0
online_correction_v4-C6-b014-31c52668f554a026,C6,containment,14,cosmos3_nano_droid,inside,inverse,destination_static,single,1,1,0,0,0,0,0,0
online_correction_v4-C6-b014-366041bf8cb4a2e7,C6,containment,14,cosmos3_nano_droid,inside,inverse,original_sham,single,1,1,0,0,0,0,0,0
online_correction_v4-C6-b014-404604e1acdfbff4,C6,containment,14,cosmos3_nano_droid,inside,inverse,move_stop,single,1,1,0,0,0,0,0,0
online_correction_v4-C6-b014-41f88c65baf7a4c1,C6,containment,14,cosmos3_nano_droid,inside,direct,original_sham,single,1,1,0,0,0,0,0,0
online_correction_v4-C6-b014-971076903cd0c685,C6,containment,14,cosmos3_nano_droid,inside,direct,move_stop,single,1,1,0,0,0,0,0,0
online_correction_v4-C6-b014-e68cf9bc428d2168,C6,containment,14,cosmos3_nano_droid,inside,direct,destination_static,single,1,1,0,0,0,0,0,0
online_correction_v4-C6-b015-414c320359af9578,C6,containment,15,cosmos3_nano_droid,inside,direct,move_stop,single,1,1,0,0,0,1,1,0
online_correction_v4-C6-b015-5276d5e6f91c5eb7,C6,containment,15,cosmos3_nano_droid,inside,direct,destination_static,single,1,1,0,0,0,1,0,0
online_correction_v4-C6-b015-70356de8c791943a,C6,containment,15,cosmos3_nano_droid,inside,inverse,move_stop,single,1,1,0,0,0,0,0,0
online_correction_v4-C6-b015-a125cd673e79afa0,C6,containment,15,cosmos3_nano_droid,inside,inverse,original_sham,single,1,1,0,0,0,1,0,0
online_correction_v4-C6-b015-ad4b9ee047f3f10a,C6,containment,15,cosmos3_nano_droid,inside,inverse,destination_static,single,1,1,0,0,0,0,0,0
online_correction_v4-C6-b015-b07ccb80bbecb01e,C6,containment,15,cosmos3_nano_droid,inside,direct,original_sham,single,1,1,0,0,0,1,0,0
online_correction_v4-C6-b016-5ebba7cc744a7972,C6,containment,16,cosmos3_nano_droid,inside,inverse,move_stop,single,1,1,0,0,0,0,0,0
online_correction_v4-C6-b016-6c6a7f412eb51d06,C6,containment,16,cosmos3_nano_droid,inside,direct,original_sham,single,1,1,0,0,0,0,0,0
online_correction_v4-C6-b016-79b9066a18e7b24a,C6,containment,16,cosmos3_nano_droid,inside,inverse,original_sham,single,1,1,0,0,0,0,0,0
online_correction_v4-C6-b016-87c114861625a047,C6,containment,16,cosmos3_nano_droid,inside,direct,move_stop,single,1,1,0,0,0,0,0,0
online_correction_v4-C6-b016-9428b6f4d355ec27,C6,containment,16,cosmos3_nano_droid,inside,direct,destination_static,single,1,1,0,0,0,0,0,0
online_correction_v4-C6-b016-bfd4a2d14792f60d,C6,containment,16,cosmos3_nano_droid,inside,inverse,destination_static,single,1,1,0,0,0,0,0,0
online_correction_v4-C6-b017-04473e514f83f8e0,C6,containment,17,cosmos3_nano_droid,inside,direct,move_stop,single,1,1,0,0,0,0,0,0
online_correction_v4-C6-b017-18311d8853c27ba7,C6,containment,17,cosmos3_nano_droid,inside,inverse,original_sham,single,1,1,0,0,0,0,0,0
online_correction_v4-C6-b017-19e52e838a952664,C6,containment,17,cosmos3_nano_droid,inside,inverse,move_stop,single,1,1,0,0,0,0,0,0
online_correction_v4-C6-b017-2312cd1aa5136247,C6,containment,17,cosmos3_nano_droid,inside,direct,destination_static,single,1,1,0,0,0,0,0,0
online_correction_v4-C6-b017-d45f6d02e818f3f8,C6,containment,17,cosmos3_nano_droid,inside,inverse,destination_static,single,1,1,0,0,0,0,0,0
online_correction_v4-C6-b017-d7b2992e3651aab3,C6,containment,17,cosmos3_nano_droid,inside,direct,original_sham,single,1,1,0,0,0,0,0,0
online_correction_v4-C6-b018-3d180a2c2a7891f3,C6,containment,18,cosmos3_nano_droid,inside,inverse,destination_static,single,1,1,0,0,0,0,0,0
online_correction_v4-C6-b018-6f5c83d57d27ad90,C6,containment,18,cosmos3_nano_droid,inside,direct,original_sham,single,1,1,0,0,0,0,0,0
online_correction_v4-C6-b018-71e79d04f9074efc,C6,containment,18,cosmos3_nano_droid,inside,inverse,move_stop,single,1,1,0,0,0,0,0,0
online_correction_v4-C6-b018-7e55633ff976f925,C6,containment,18,cosmos3_nano_droid,inside,direct,move_stop,single,1,1,0,0,0,0,0,0
online_correction_v4-C6-b018-b4b6fb3250e4c311,C6,containment,18,cosmos3_nano_droid,inside,direct,destination_static,single,1,1,0,0,0,0,0,0
online_correction_v4-C6-b018-f9e37ad2c6d9bd0e,C6,containment,18,cosmos3_nano_droid,inside,inverse,original_sham,single,1,1,0,0,0,0,0,0
online_correction_v4-C6-b019-3d98ed35a7dc5ec5,C6,containment,19,cosmos3_nano_droid,inside,inverse,destination_static,single,1,1,0,0,0,0,0,0
online_correction_v4-C6-b019-56c8ce9cd270710b,C6,containment,19,cosmos3_nano_droid,inside,inverse,original_sham,single,1,1,0,0,0,0,0,0
online_correction_v4-C6-b019-6696d02380a870d5,C6,containment,19,cosmos3_nano_droid,inside,direct,destination_static,single,1,1,0,0,0,0,0,0
online_correction_v4-C6-b019-7b5da5394d61600a,C6,containment,19,cosmos3_nano_droid,inside,direct,move_stop,single,1,1,0,0,0,1,1,0
online_correction_v4-C6-b019-c05383ce8b9328e3,C6,containment,19,cosmos3_nano_droid,inside,direct,original_sham,single,1,1,0,0,0,0,0,0
online_correction_v4-C6-b019-e3a79c659219ac3a,C6,containment,19,cosmos3_nano_droid,inside,inverse,move_stop,single,1,1,0,0,0,0,0,0
online_correction_v4-C6-b020-0f8e00718d2f5937,C6,containment,20,cosmos3_nano_droid,inside,direct,destination_static,single,1,1,0,0,0,0,0,0
online_correction_v4-C6-b020-5db556c1f65841fb,C6,containment,20,cosmos3_nano_droid,inside,inverse,original_sham,single,1,1,0,0,0,0,0,0
online_correction_v4-C6-b020-8a1d65af6e8033b1,C6,containment,20,cosmos3_nano_droid,inside,inverse,destination_static,single,1,1,0,0,0,0,0,0
online_correction_v4-C6-b020-9927add8c3e19f61,C6,containment,20,cosmos3_nano_droid,inside,direct,move_stop,single,1,1,0,0,0,0,0,0
online_correction_v4-C6-b020-e7e354d39eb93e47,C6,containment,20,cosmos3_nano_droid,inside,direct,original_sham,single,1,1,0,0,0,0,0,0
online_correction_v4-C6-b020-f8b8b3389af7d4f4,C6,containment,20,cosmos3_nano_droid,inside,inverse,move_stop,single,1,1,0,0,0,0,0,0
online_correction_v4-C6-b021-037bdbd623e3e05a,C6,containment,21,cosmos3_nano_droid,inside,direct,destination_static,single,1,1,0,0,0,1,0,0
online_correction_v4-C6-b021-16d9c820e592295a,C6,containment,21,cosmos3_nano_droid,inside,inverse,move_stop,single,1,1,0,0,0,0,0,0
online_correction_v4-C6-b021-6c4f88055a237b75,C6,containment,21,cosmos3_nano_droid,inside,inverse,original_sham,single,1,1,0,0,0,0,0,0
online_correction_v4-C6-b021-bbbca3335004b789,C6,containment,21,cosmos3_nano_droid,inside,inverse,destination_static,single,1,1,0,0,0,1,0,0
online_correction_v4-C6-b021-c23dc0360e39034d,C6,containment,21,cosmos3_nano_droid,inside,direct,move_stop,single,1,1,0,0,0,0,0,0
online_correction_v4-C6-b021-dc85b2f354aa22bb,C6,containment,21,cosmos3_nano_droid,inside,direct,original_sham,single,1,1,0,0,0,0,0,0
online_correction_v4-C6-b022-34d89c690ee0481d,C6,containment,22,cosmos3_nano_droid,inside,inverse,original_sham,single,1,1,0,0,0,0,0,0
online_correction_v4-C6-b022-547ca5c6584f3202,C6,containment,22,cosmos3_nano_droid,inside,direct,move_stop,single,1,1,0,0,0,1,1,0
online_correction_v4-C6-b022-9d59e12af4510629,C6,containment,22,cosmos3_nano_droid,inside,direct,original_sham,single,1,1,0,0,0,0,0,0
online_correction_v4-C6-b022-b28080c74111d834,C6,containment,22,cosmos3_nano_droid,inside,direct,destination_static,single,1,1,0,0,0,0,0,0
online_correction_v4-C6-b022-d41f4696aae0df4c,C6,containment,22,cosmos3_nano_droid,inside,inverse,destination_static,single,1,1,0,0,0,0,0,0
online_correction_v4-C6-b022-fc70e5e7ece77c26,C6,containment,22,cosmos3_nano_droid,inside,inverse,move_stop,single,1,1,0,0,0,0,0,0
online_correction_v4-C6-b023-24e47b2229e9bbbd,C6,containment,23,cosmos3_nano_droid,inside,inverse,destination_static,single,1,1,0,0,0,0,0,0
online_correction_v4-C6-b023-3f9b90cb431d22bd,C6,containment,23,cosmos3_nano_droid,inside,inverse,original_sham,single,1,1,0,0,0,1,0,0
online_correction_v4-C6-b023-63d252107dfd55f9,C6,containment,23,cosmos3_nano_droid,inside,inverse,move_stop,single,1,1,0,0,0,1,1,0
online_correction_v4-C6-b023-99d65ffec8413f9b,C6,containment,23,cosmos3_nano_droid,inside,direct,destination_static,single,1,1,0,0,0,0,0,0
online_correction_v4-C6-b023-cfd25db0c0a895fd,C6,containment,23,cosmos3_nano_droid,inside,direct,move_stop,single,1,1,0,0,0,1,1,0
online_correction_v4-C6-b023-d83fc827fb92e3d2,C6,containment,23,cosmos3_nano_droid,inside,direct,original_sham,single,1,1,0,0,0,0,0,0
online_correction_v4-C6-b024-83a909748c33fc8e,C6,containment,24,cosmos3_nano_droid,inside,direct,move_stop,single,1,1,0,0,0,0,0,0
online_correction_v4-C6-b024-86290610a8eb5f3c,C6,containment,24,cosmos3_nano_droid,inside,direct,original_sham,single,1,1,0,0,0,0,0,0
online_correction_v4-C6-b024-91c7c205a12c6b54,C6,containment,24,cosmos3_nano_droid,inside,inverse,move_stop,single,1,1,0,0,0,0,0,0
online_correction_v4-C6-b024-a7c44a1e73392a47,C6,containment,24,cosmos3_nano_droid,inside,inverse,destination_static,single,1,1,0,0,0,1,0,0
online_correction_v4-C6-b024-be8b5df3146857cb,C6,containment,24,cosmos3_nano_droid,inside,direct,destination_static,single,1,1,0,0,0,1,0,0
online_correction_v4-C6-b024-c7ef8a1f10bf1060,C6,containment,24,cosmos3_nano_droid,inside,inverse,original_sham,single,1,1,0,0,0,1,0,0
online_correction_v4-C6-b025-35eea897935f8119,C6,containment,25,cosmos3_nano_droid,inside,direct,destination_static,single,1,1,0,0,0,0,0,0
online_correction_v4-C6-b025-68398697955cf89e,C6,containment,25,cosmos3_nano_droid,inside,inverse,destination_static,single,1,1,0,0,0,0,0,0
online_correction_v4-C6-b025-7fac51427f2a267f,C6,containment,25,cosmos3_nano_droid,inside,inverse,move_stop,single,1,1,0,0,0,0,0,0
online_correction_v4-C6-b025-a526492a2c59cfd9,C6,containment,25,cosmos3_nano_droid,inside,direct,move_stop,single,1,1,0,0,0,0,0,0
online_correction_v4-C6-b025-e2d472bccea7c799,C6,containment,25,cosmos3_nano_droid,inside,inverse,original_sham,single,1,1,0,0,0,1,0,0
online_correction_v4-C6-b025-f0543bf9f933624e,C6,containment,25,cosmos3_nano_droid,inside,direct,original_sham,single,1,1,0,0,0,0,0,0
online_correction_v4-C6-b026-5c12941ad215456e,C6,containment,26,cosmos3_nano_droid,inside,inverse,move_stop,single,1,1,0,0,0,0,0,0
online_correction_v4-C6-b026-695ac42e6f441805,C6,containment,26,cosmos3_nano_droid,inside,direct,original_sham,single,1,1,0,0,0,0,0,0
online_correction_v4-C6-b026-a0af7f2a815681e3,C6,containment,26,cosmos3_nano_droid,inside,direct,move_stop,single,1,1,0,0,0,0,0,0
online_correction_v4-C6-b026-d7e09521851897b8,C6,containment,26,cosmos3_nano_droid,inside,inverse,destination_static,single,1,1,0,0,0,0,0,0
online_correction_v4-C6-b026-e8770f6854431cef,C6,containment,26,cosmos3_nano_droid,inside,inverse,original_sham,single,1,1,0,0,0,0,0,0
online_correction_v4-C6-b026-f7e82aaf792cc697,C6,containment,26,cosmos3_nano_droid,inside,direct,destination_static,single,1,1,0,0,0,0,0,0
online_correction_v4-C6-b027-37a453d03ff30f3a,C6,containment,27,cosmos3_nano_droid,inside,direct,destination_static,single,1,1,0,0,0,0,0,0
online_correction_v4-C6-b027-37e3df6a122a02f4,C6,containment,27,cosmos3_nano_droid,inside,direct,original_sham,single,1,1,0,0,0,0,0,0
online_correction_v4-C6-b027-522f133f97b83a22,C6,containment,27,cosmos3_nano_droid,inside,inverse,move_stop,single,1,1,0,0,0,0,0,0
online_correction_v4-C6-b027-6705f12d36f8f844,C6,containment,27,cosmos3_nano_droid,inside,direct,move_stop,single,1,1,0,0,0,0,0,0
online_correction_v4-C6-b027-7fe3aaae0ff5b489,C6,containment,27,cosmos3_nano_droid,inside,inverse,original_sham,single,1,1,0,0,0,0,0,0
online_correction_v4-C6-b027-fbfe61939a4fbabb,C6,containment,27,cosmos3_nano_droid,inside,inverse,destination_static,single,1,1,0,0,0,0,0,0
online_correction_v4-C6-b028-216612a921aa1855,C6,containment,28,cosmos3_nano_droid,inside,inverse,move_stop,single,1,1,0,0,0,1,1,0
online_correction_v4-C6-b028-403cd9b33b0a8dc4,C6,containment,28,cosmos3_nano_droid,inside,inverse,destination_static,single,1,1,0,0,0,1,0,0
online_correction_v4-C6-b028-62600c0f308eaacb,C6,containment,28,cosmos3_nano_droid,inside,direct,destination_static,single,1,1,0,0,0,1,0,0
online_correction_v4-C6-b028-90655339c09c95ee,C6,containment,28,cosmos3_nano_droid,inside,direct,original_sham,single,1,1,0,0,0,0,0,0
online_correction_v4-C6-b028-abf81e1268d5e9f8,C6,containment,28,cosmos3_nano_droid,inside,inverse,original_sham,single,1,1,0,0,0,1,0,0
online_correction_v4-C6-b028-fcf334767e2898c6,C6,containment,28,cosmos3_nano_droid,inside,direct,move_stop,single,1,1,0,0,0,1,1,0
online_correction_v4-C6-b029-1116f5b3c1e94206,C6,containment,29,cosmos3_nano_droid,inside,direct,move_stop,single,1,1,0,0,0,0,0,0
online_correction_v4-C6-b029-4e47bd5fa3ccca82,C6,containment,29,cosmos3_nano_droid,inside,inverse,original_sham,single,1,1,0,0,0,0,0,0
online_correction_v4-C6-b029-948e9eafc0204128,C6,containment,29,cosmos3_nano_droid,inside,inverse,move_stop,single,1,1,0,0,0,0,0,0
online_correction_v4-C6-b029-9c6ac4bcc2432c50,C6,containment,29,cosmos3_nano_droid,inside,inverse,destination_static,single,1,1,0,0,0,0,0,0
online_correction_v4-C6-b029-c1dd79cfcc2835e2,C6,containment,29,cosmos3_nano_droid,inside,direct,destination_static,single,1,1,0,0,0,0,0,0
online_correction_v4-C6-b029-f0cd1348fb8f2b09,C6,containment,29,cosmos3_nano_droid,inside,direct,original_sham,single,1,1,0,0,0,0,0,0
online_correction_v4-C6-b030-48f6b3191f7a7292,C6,containment,30,cosmos3_nano_droid,inside,inverse,original_sham,single,1,1,0,0,0,0,0,0
online_correction_v4-C6-b030-4f118a57b9ec6ff1,C6,containment,30,cosmos3_nano_droid,inside,direct,original_sham,single,1,1,0,0,0,0,0,0
online_correction_v4-C6-b030-5817cb2b60046eb6,C6,containment,30,cosmos3_nano_droid,inside,direct,move_stop,single,1,1,0,0,0,0,0,0
online_correction_v4-C6-b030-66bc2028deca0e07,C6,containment,30,cosmos3_nano_droid,inside,direct,destination_static,single,1,1,0,0,0,0,0,0
online_correction_v4-C6-b030-72efbd9de63414ac,C6,containment,30,cosmos3_nano_droid,inside,inverse,move_stop,single,1,1,0,0,0,0,0,0
online_correction_v4-C6-b030-efefa5623912e61f,C6,containment,30,cosmos3_nano_droid,inside,inverse,destination_static,single,1,1,0,0,0,0,0,0
online_correction_v4-C6-b031-32e01b6eb328b62d,C6,containment,31,cosmos3_nano_droid,inside,inverse,destination_static,single,1,1,0,0,0,1,0,0
online_correction_v4-C6-b031-4dfe504b778520ac,C6,containment,31,cosmos3_nano_droid,inside,inverse,move_stop,single,1,1,0,0,0,1,1,0
online_correction_v4-C6-b031-8b3cc66edbe4217e,C6,containment,31,cosmos3_nano_droid,inside,inverse,original_sham,single,1,1,0,0,0,1,0,0
online_correction_v4-C6-b031-94282bfdbc79d9c0,C6,containment,31,cosmos3_nano_droid,inside,direct,move_stop,single,1,1,0,0,0,1,1,0
online_correction_v4-C6-b031-b702dfc8203b131a,C6,containment,31,cosmos3_nano_droid,inside,direct,destination_static,single,1,1,0,0,0,1,0,0
online_correction_v4-C6-b031-be4d5683a8ba7d5f,C6,containment,31,cosmos3_nano_droid,inside,direct,original_sham,single,1,1,0,0,0,1,0,0
online_correction_v4-C6-b032-051b46f71efcbf78,C6,containment,32,cosmos3_nano_droid,inside,direct,destination_static,single,1,1,0,0,0,0,0,0
online_correction_v4-C6-b032-3fddc5d666cfb77a,C6,containment,32,cosmos3_nano_droid,inside,direct,move_stop,single,1,1,0,0,0,0,0,0
online_correction_v4-C6-b032-74fde41f4ea0ea95,C6,containment,32,cosmos3_nano_droid,inside,direct,original_sham,single,1,1,0,0,0,1,0,0
online_correction_v4-C6-b032-7f1d2a17521e3962,C6,containment,32,cosmos3_nano_droid,inside,inverse,move_stop,single,1,1,0,0,0,1,1,0
online_correction_v4-C6-b032-8b50c280cbda6e2e,C6,containment,32,cosmos3_nano_droid,inside,inverse,original_sham,single,1,1,0,0,0,0,0,0
online_correction_v4-C6-b032-a126cf3de40ec604,C6,containment,32,cosmos3_nano_droid,inside,inverse,destination_static,single,1,1,0,0,0,0,0,0
online_correction_v4-C6-b033-24a0a0ca3ae5acbd,C6,containment,33,cosmos3_nano_droid,inside,direct,original_sham,single,1,1,0,0,0,0,0,0
online_correction_v4-C6-b033-3cc23d1535c57a6a,C6,containment,33,cosmos3_nano_droid,inside,direct,destination_static,single,1,1,0,0,0,0,0,0
online_correction_v4-C6-b033-56df0336c70de94d,C6,containment,33,cosmos3_nano_droid,inside,direct,move_stop,single,1,1,0,0,0,0,0,0
online_correction_v4-C6-b033-7db79baf88980b5c,C6,containment,33,cosmos3_nano_droid,inside,inverse,original_sham,single,1,1,0,0,0,1,0,0
online_correction_v4-C6-b033-f4def3e6204c2d9c,C6,containment,33,cosmos3_nano_droid,inside,inverse,destination_static,single,1,1,0,0,0,0,0,0
online_correction_v4-C6-b033-f5c3bd62ed78e4f2,C6,containment,33,cosmos3_nano_droid,inside,inverse,move_stop,single,1,1,0,0,0,0,0,0
online_correction_v4-C6-b034-05c1f65eacfcf4e0,C6,containment,34,cosmos3_nano_droid,inside,inverse,original_sham,single,1,1,0,0,0,0,0,0
online_correction_v4-C6-b034-58e6fedd41b5c5bd,C6,containment,34,cosmos3_nano_droid,inside,inverse,move_stop,single,1,1,0,0,0,0,0,0
online_correction_v4-C6-b034-aa0cc6941cbe9097,C6,containment,34,cosmos3_nano_droid,inside,direct,original_sham,single,1,1,0,0,0,0,0,0
online_correction_v4-C6-b034-abfce426a691a36b,C6,containment,34,cosmos3_nano_droid,inside,direct,destination_static,single,1,1,0,0,0,1,0,0
online_correction_v4-C6-b034-d20011ced763275f,C6,containment,34,cosmos3_nano_droid,inside,direct,move_stop,single,1,1,0,0,0,0,0,0
online_correction_v4-C6-b034-f9d0b72dc0ea69db,C6,containment,34,cosmos3_nano_droid,inside,inverse,destination_static,single,1,1,0,0,0,0,0,0
online_correction_v4-C6-b035-1fa864f1ce4d4dbf,C6,containment,35,cosmos3_nano_droid,inside,inverse,original_sham,single,1,1,0,0,0,0,0,0
online_correction_v4-C6-b035-72fb681fe2a3c9f3,C6,containment,35,cosmos3_nano_droid,inside,direct,destination_static,single,1,1,0,0,0,0,0,0
online_correction_v4-C6-b035-cbeca1ec8e7d7b00,C6,containment,35,cosmos3_nano_droid,inside,direct,original_sham,single,1,1,0,0,0,0,0,0
online_correction_v4-C6-b035-d738958c16d21d44,C6,containment,35,cosmos3_nano_droid,inside,inverse,destination_static,single,1,1,0,0,0,0,0,0
online_correction_v4-C6-b035-d7852ee7e93993eb,C6,containment,35,cosmos3_nano_droid,inside,inverse,move_stop,single,1,1,0,0,0,0,0,0
online_correction_v4-C6-b035-eb3adbdfc1437a6f,C6,containment,35,cosmos3_nano_droid,inside,direct,move_stop,single,1,1,0,0,0,0,0,0
online_correction_v4-C6-b036-5b7ae0113a9fd219,C6,containment,36,cosmos3_nano_droid,inside,inverse,move_stop,single,1,1,0,0,0,0,0,0
online_correction_v4-C6-b036-73593e242681aed1,C6,containment,36,cosmos3_nano_droid,inside,inverse,destination_static,single,1,1,0,0,0,1,0,0
online_correction_v4-C6-b036-74c4c536746bcd91,C6,containment,36,cosmos3_nano_droid,inside,direct,destination_static,single,1,1,0,0,0,1,0,0
online_correction_v4-C6-b036-831cefcfa52667a3,C6,containment,36,cosmos3_nano_droid,inside,inverse,original_sham,single,1,1,0,0,0,1,0,0
online_correction_v4-C6-b036-9afe2754bf5e98e5,C6,containment,36,cosmos3_nano_droid,inside,direct,original_sham,single,1,1,0,0,0,0,0,0
online_correction_v4-C6-b036-d231eb1566fcaa95,C6,containment,36,cosmos3_nano_droid,inside,direct,move_stop,single,1,1,0,0,0,1,1,0
online_correction_v4-C6-b037-28699c4ea9600e47,C6,containment,37,cosmos3_nano_droid,inside,direct,move_stop,single,1,1,0,0,0,0,0,0
online_correction_v4-C6-b037-6cbd7c7f7783128e,C6,containment,37,cosmos3_nano_droid,inside,inverse,destination_static,single,1,1,0,0,0,0,0,0
online_correction_v4-C6-b037-c82a85e0b35dcfc3,C6,containment,37,cosmos3_nano_droid,inside,direct,original_sham,single,1,1,0,0,0,0,0,0
online_correction_v4-C6-b037-d70b193b4246c06c,C6,containment,37,cosmos3_nano_droid,inside,inverse,original_sham,single,1,1,0,0,0,0,0,0
online_correction_v4-C6-b037-de440f8f5fe57943,C6,containment,37,cosmos3_nano_droid,inside,inverse,move_stop,single,1,1,0,0,0,0,0,0
online_correction_v4-C6-b037-f3be81553f692d11,C6,containment,37,cosmos3_nano_droid,inside,direct,destination_static,single,1,1,0,0,0,0,0,0
online_correction_v4-C6-b038-3a17eeef395d97fa,C6,containment,38,cosmos3_nano_droid,inside,direct,move_stop,single,1,1,0,0,0,1,1,0
online_correction_v4-C6-b038-52d96a6ae34a56ee,C6,containment,38,cosmos3_nano_droid,inside,inverse,destination_static,single,1,1,0,0,0,0,0,0
online_correction_v4-C6-b038-84b49f2837a4c9f3,C6,containment,38,cosmos3_nano_droid,inside,inverse,move_stop,single,1,1,0,0,0,1,1,0
online_correction_v4-C6-b038-9eaf469abd64ad1a,C6,containment,38,cosmos3_nano_droid,inside,direct,original_sham,single,1,1,0,0,0,0,0,0
online_correction_v4-C6-b038-aba4a8affacef82e,C6,containment,38,cosmos3_nano_droid,inside,inverse,original_sham,single,1,1,0,0,0,1,0,0
online_correction_v4-C6-b038-f767b5e2e9fdaf6c,C6,containment,38,cosmos3_nano_droid,inside,direct,destination_static,single,1,1,0,0,0,1,0,0
online_correction_v4-C6-b039-39953f10f1f9e430,C6,containment,39,cosmos3_nano_droid,inside,direct,move_stop,single,1,1,0,0,0,0,0,0
online_correction_v4-C6-b039-509a015ef90bd737,C6,containment,39,cosmos3_nano_droid,inside,direct,original_sham,single,1,1,0,0,0,0,0,0
online_correction_v4-C6-b039-7cdd9f5b9170f7fa,C6,containment,39,cosmos3_nano_droid,inside,inverse,original_sham,single,1,1,0,0,0,0,0,0
online_correction_v4-C6-b039-ae557154c713ad6d,C6,containment,39,cosmos3_nano_droid,inside,direct,destination_static,single,1,1,0,0,0,0,0,0
online_correction_v4-C6-b039-b4449dd78a4234c8,C6,containment,39,cosmos3_nano_droid,inside,inverse,destination_static,single,1,1,0,0,0,0,0,0
online_correction_v4-C6-b039-bfca049fd289103b,C6,containment,39,cosmos3_nano_droid,inside,inverse,move_stop,single,1,1,0,0,0,0,0,0
online_correction_v4-C6-b040-061066e4fc218ea3,C6,containment,40,cosmos3_nano_droid,inside,inverse,original_sham,single,1,1,0,0,0,0,0,0
online_correction_v4-C6-b040-06b69ee0b939ed1c,C6,containment,40,cosmos3_nano_droid,inside,direct,original_sham,single,1,1,0,0,0,0,0,0
online_correction_v4-C6-b040-3da1f293d033a5e3,C6,containment,40,cosmos3_nano_droid,inside,inverse,destination_static,single,1,1,0,0,0,0,0,0
online_correction_v4-C6-b040-985c48d9029c5d46,C6,containment,40,cosmos3_nano_droid,inside,inverse,move_stop,single,1,1,0,0,0,0,0,0
online_correction_v4-C6-b040-a51da5530bf1826b,C6,containment,40,cosmos3_nano_droid,inside,direct,destination_static,single,1,1,0,0,0,0,0,0
online_correction_v4-C6-b040-e5750de5846316e0,C6,containment,40,cosmos3_nano_droid,inside,direct,move_stop,single,1,1,0,0,0,0,0,0
online_correction_v4-C6-b041-3d6ba05e1ed2e2e5,C6,containment,41,cosmos3_nano_droid,inside,direct,destination_static,single,1,1,0,0,0,1,0,0
online_correction_v4-C6-b041-a3188723e67f9c54,C6,containment,41,cosmos3_nano_droid,inside,direct,original_sham,single,1,1,0,0,0,0,0,0
online_correction_v4-C6-b041-a54efcb1f0d5cf62,C6,containment,41,cosmos3_nano_droid,inside,direct,move_stop,single,1,1,0,0,0,0,0,0
online_correction_v4-C6-b041-dc0dc210a9d85153,C6,containment,41,cosmos3_nano_droid,inside,inverse,destination_static,single,1,1,0,0,0,0,0,0
online_correction_v4-C6-b041-e497591d59fa13af,C6,containment,41,cosmos3_nano_droid,inside,inverse,original_sham,single,1,1,0,0,0,0,0,0
online_correction_v4-C6-b041-fecba0b0d7a808c0,C6,containment,41,cosmos3_nano_droid,inside,inverse,move_stop,single,1,1,0,0,0,0,0,0
online_correction_v4-C6-b042-1e06db169a24a329,C6,containment,42,cosmos3_nano_droid,inside,direct,original_sham,single,1,1,0,0,0,0,0,0
online_correction_v4-C6-b042-2858fbdcd64fe3e0,C6,containment,42,cosmos3_nano_droid,inside,inverse,original_sham,single,1,1,0,0,0,0,0,0
online_correction_v4-C6-b042-3064f84b0833078f,C6,containment,42,cosmos3_nano_droid,inside,direct,destination_static,single,1,1,0,0,0,0,0,0
online_correction_v4-C6-b042-3fc4b2bbf1c7d405,C6,containment,42,cosmos3_nano_droid,inside,direct,move_stop,single,1,1,0,0,0,0,0,0
online_correction_v4-C6-b042-75ae4fb6f2bcf30a,C6,containment,42,cosmos3_nano_droid,inside,inverse,destination_static,single,1,1,0,0,0,0,0,0
online_correction_v4-C6-b042-f915d5564558f018,C6,containment,42,cosmos3_nano_droid,inside,inverse,move_stop,single,1,1,0,0,0,0,0,0
online_correction_v4-C6-b043-15eb666b445fb944,C6,containment,43,cosmos3_nano_droid,inside,direct,move_stop,single,1,1,0,0,0,0,0,0
online_correction_v4-C6-b043-464daacb3ad70e93,C6,containment,43,cosmos3_nano_droid,inside,inverse,destination_static,single,1,1,0,0,0,0,0,0
online_correction_v4-C6-b043-6a176ddea77b2ed3,C6,containment,43,cosmos3_nano_droid,inside,direct,destination_static,single,1,1,0,0,0,0,0,0
online_correction_v4-C6-b043-a32344bdb47f9231,C6,containment,43,cosmos3_nano_droid,inside,direct,original_sham,single,1,1,0,0,0,0,0,0
online_correction_v4-C6-b043-fb4001ef498717f8,C6,containment,43,cosmos3_nano_droid,inside,inverse,move_stop,single,1,1,0,0,0,0,0,0
online_correction_v4-C6-b043-ff3c48279a4f30d1,C6,containment,43,cosmos3_nano_droid,inside,inverse,original_sham,single,1,1,0,0,0,0,0,0
online_correction_v4-C6-b044-961a6fdec8d38f72,C6,containment,44,cosmos3_nano_droid,inside,direct,destination_static,single,1,1,0,0,0,0,0,0
online_correction_v4-C6-b044-a1cfe4e65a6a2402,C6,containment,44,cosmos3_nano_droid,inside,inverse,move_stop,single,1,1,0,0,0,0,0,0
online_correction_v4-C6-b044-a289901ee6be0a58,C6,containment,44,cosmos3_nano_droid,inside,direct,move_stop,single,1,1,0,0,0,0,0,0
online_correction_v4-C6-b044-d08af359baf1650d,C6,containment,44,cosmos3_nano_droid,inside,inverse,destination_static,single,1,1,0,0,0,0,0,0
online_correction_v4-C6-b044-d1899a5edd208603,C6,containment,44,cosmos3_nano_droid,inside,direct,original_sham,single,1,1,0,0,0,0,0,0
online_correction_v4-C6-b044-da7b2087d6149001,C6,containment,44,cosmos3_nano_droid,inside,inverse,original_sham,single,1,1,0,0,0,0,0,0
online_correction_v4-C6-b045-0a9f0d4d059437f7,C6,containment,45,cosmos3_nano_droid,inside,inverse,move_stop,single,1,1,0,0,0,1,1,0
online_correction_v4-C6-b045-2d8054001c2a610b,C6,containment,45,cosmos3_nano_droid,inside,inverse,original_sham,single,1,1,0,0,0,1,0,0
online_correction_v4-C6-b045-53ed10d6f87186fe,C6,containment,45,cosmos3_nano_droid,inside,direct,original_sham,single,1,1,0,0,0,1,0,0
online_correction_v4-C6-b045-74e2bb93dbf5026c,C6,containment,45,cosmos3_nano_droid,inside,inverse,destination_static,single,1,1,0,0,0,1,0,0
online_correction_v4-C6-b045-90d8089c04c499d6,C6,containment,45,cosmos3_nano_droid,inside,direct,move_stop,single,1,1,0,0,0,0,0,0
online_correction_v4-C6-b045-f98e68ec7ac22843,C6,containment,45,cosmos3_nano_droid,inside,direct,destination_static,single,1,1,0,0,0,1,0,0
online_correction_v4-C6-b046-036c0d92ad1277b0,C6,containment,46,cosmos3_nano_droid,inside,direct,original_sham,single,1,1,0,0,0,1,0,0
online_correction_v4-C6-b046-3275a43c33970670,C6,containment,46,cosmos3_nano_droid,inside,direct,destination_static,single,1,1,0,0,0,1,0,0
online_correction_v4-C6-b046-38db4f7db6e3b793,C6,containment,46,cosmos3_nano_droid,inside,inverse,move_stop,single,1,1,0,0,0,0,0,0
online_correction_v4-C6-b046-6db9334b830277bb,C6,containment,46,cosmos3_nano_droid,inside,inverse,destination_static,single,1,1,0,0,0,0,0,0
online_correction_v4-C6-b046-6e061a081bd78de1,C6,containment,46,cosmos3_nano_droid,inside,direct,move_stop,single,1,1,0,0,0,0,0,0
online_correction_v4-C6-b046-88232c324ea2b10a,C6,containment,46,cosmos3_nano_droid,inside,inverse,original_sham,single,1,1,0,0,0,0,0,0
online_correction_v4-C6-b047-001706dd4d922e80,C6,containment,47,cosmos3_nano_droid,inside,inverse,destination_static,single,1,1,0,0,0,1,0,0
online_correction_v4-C6-b047-0496f44aa0696387,C6,containment,47,cosmos3_nano_droid,inside,direct,move_stop,single,1,1,0,0,0,0,0,0
online_correction_v4-C6-b047-a68685073d753f16,C6,containment,47,cosmos3_nano_droid,inside,inverse,original_sham,single,1,1,0,0,0,0,0,0
online_correction_v4-C6-b047-cd57f263ca9dcf67,C6,containment,47,cosmos3_nano_droid,inside,inverse,move_stop,single,1,1,0,0,0,0,0,0
online_correction_v4-C6-b047-cf08de65664de42a,C6,containment,47,cosmos3_nano_droid,inside,direct,original_sham,single,1,1,0,0,0,0,0,0
online_correction_v4-C6-b047-f855df9d7c897d34,C6,containment,47,cosmos3_nano_droid,inside,direct,destination_static,single,1,1,0,0,0,1,0,0
online_correction_v4-C6-b048-04bbe385de45bd4d,C6,containment,48,cosmos3_nano_droid,inside,inverse,original_sham,single,1,1,0,0,0,0,0,0
online_correction_v4-C6-b048-1bdfe2457f8e271a,C6,containment,48,cosmos3_nano_droid,inside,direct,move_stop,single,1,1,0,0,0,1,1,0
online_correction_v4-C6-b048-40cc0e7731dcbd16,C6,containment,48,cosmos3_nano_droid,inside,direct,original_sham,single,1,1,0,0,0,1,0,0
online_correction_v4-C6-b048-6d6f051db547613d,C6,containment,48,cosmos3_nano_droid,inside,inverse,destination_static,single,1,1,0,0,0,0,0,0
online_correction_v4-C6-b048-e2a8dd024c308233,C6,containment,48,cosmos3_nano_droid,inside,inverse,move_stop,single,1,1,0,0,0,0,0,0
online_correction_v4-C6-b048-edb66371e19c90cf,C6,containment,48,cosmos3_nano_droid,inside,direct,destination_static,single,1,1,0,0,0,1,0,0
online_correction_v4-C6-b049-2941697c437cbeca,C6,containment,49,cosmos3_nano_droid,inside,direct,move_stop,single,1,1,0,0,0,1,1,0
online_correction_v4-C6-b049-44af1ffa96a73b4c,C6,containment,49,cosmos3_nano_droid,inside,direct,original_sham,single,1,1,0,0,0,1,0,0
online_correction_v4-C6-b049-aeda42d3f188a738,C6,containment,49,cosmos3_nano_droid,inside,inverse,original_sham,single,1,1,0,0,0,1,0,0
online_correction_v4-C6-b049-cd889769a4f86ef1,C6,containment,49,cosmos3_nano_droid,inside,direct,destination_static,single,1,1,0,0,0,0,0,0
online_correction_v4-C6-b049-d3b18732d21fae69,C6,containment,49,cosmos3_nano_droid,inside,inverse,move_stop,single,1,1,0,0,0,1,1,0
online_correction_v4-C6-b049-e7bef9abd22256ba,C6,containment,49,cosmos3_nano_droid,inside,inverse,destination_static,single,1,1,0,0,0,1,0,0
online_correction_v4-C6-b050-266a101181f5777a,C6,containment,50,cosmos3_nano_droid,inside,direct,move_stop,single,1,1,0,0,0,0,0,0
online_correction_v4-C6-b050-2ea32dffcbc64acd,C6,containment,50,cosmos3_nano_droid,inside,inverse,original_sham,single,1,1,0,0,0,0,0,0
online_correction_v4-C6-b050-34d85a3533e0ee45,C6,containment,50,cosmos3_nano_droid,inside,direct,original_sham,single,1,1,0,0,0,0,0,0
online_correction_v4-C6-b050-6a186f8d730db25f,C6,containment,50,cosmos3_nano_droid,inside,direct,destination_static,single,1,1,0,0,0,0,0,0
online_correction_v4-C6-b050-889cdb5d6b7b680e,C6,containment,50,cosmos3_nano_droid,inside,inverse,move_stop,single,1,1,0,0,0,0,0,0
online_correction_v4-C6-b050-a07c6b4877bc731c,C6,containment,50,cosmos3_nano_droid,inside,inverse,destination_static,single,1,1,0,0,0,0,0,0
online_correction_v4-C6-b051-080d3cc178d49733,C6,containment,51,cosmos3_nano_droid,inside,inverse,original_sham,single,1,1,0,0,0,0,0,0
online_correction_v4-C6-b051-8b1b6864c70ee4c0,C6,containment,51,cosmos3_nano_droid,inside,direct,destination_static,single,1,1,0,0,0,0,0,0
online_correction_v4-C6-b051-97016237fa210891,C6,containment,51,cosmos3_nano_droid,inside,direct,move_stop,single,1,1,0,0,0,1,1,0
online_correction_v4-C6-b051-bd9cd1aaa5b3b640,C6,containment,51,cosmos3_nano_droid,inside,inverse,move_stop,single,1,1,0,0,0,0,0,0
online_correction_v4-C6-b051-f8a448f607fe73f7,C6,containment,51,cosmos3_nano_droid,inside,direct,original_sham,single,1,1,0,0,0,0,0,0
online_correction_v4-C6-b051-fd95c875c3786452,C6,containment,51,cosmos3_nano_droid,inside,inverse,destination_static,single,1,1,0,0,0,0,0,0
online_correction_v4-C6-b052-123eb8bfba65399c,C6,containment,52,cosmos3_nano_droid,inside,inverse,move_stop,single,1,1,0,0,0,0,0,0
online_correction_v4-C6-b052-18c44cb0eb6c335c,C6,containment,52,cosmos3_nano_droid,inside,inverse,destination_static,single,1,1,0,0,0,0,0,0
online_correction_v4-C6-b052-5bce32dc3a5f5d36,C6,containment,52,cosmos3_nano_droid,inside,inverse,original_sham,single,1,1,0,0,0,0,0,0
online_correction_v4-C6-b052-9d958da59ae237b8,C6,containment,52,cosmos3_nano_droid,inside,direct,destination_static,single,1,1,0,0,0,0,0,0
online_correction_v4-C6-b052-b100457cf4caaa79,C6,containment,52,cosmos3_nano_droid,inside,direct,original_sham,single,1,1,0,0,0,0,0,0
online_correction_v4-C6-b052-c2ded537ccb5425a,C6,containment,52,cosmos3_nano_droid,inside,direct,move_stop,single,1,1,0,0,0,0,0,0
online_correction_v4-C6-b053-249be05cdd33b5f3,C6,containment,53,cosmos3_nano_droid,inside,direct,destination_static,single,1,1,0,0,0,0,0,0
online_correction_v4-C6-b053-3bb037f403a0b120,C6,containment,53,cosmos3_nano_droid,inside,inverse,destination_static,single,1,1,0,0,0,0,0,0
online_correction_v4-C6-b053-3da6b7727eaf7abf,C6,containment,53,cosmos3_nano_droid,inside,direct,original_sham,single,1,1,0,0,0,0,0,0
online_correction_v4-C6-b053-45441b1ed0ac4172,C6,containment,53,cosmos3_nano_droid,inside,inverse,move_stop,single,1,1,0,0,0,0,0,0
online_correction_v4-C6-b053-4ce8ea5047c023a3,C6,containment,53,cosmos3_nano_droid,inside,inverse,original_sham,single,1,1,0,0,0,0,0,0
online_correction_v4-C6-b053-901ca08f3be0e749,C6,containment,53,cosmos3_nano_droid,inside,direct,move_stop,single,1,1,0,0,0,0,0,0
online_correction_v4-C6-b054-0076ce679c046e1b,C6,containment,54,cosmos3_nano_droid,inside,inverse,original_sham,single,1,1,0,0,0,0,0,0
online_correction_v4-C6-b054-1c8f150ea645a805,C6,containment,54,cosmos3_nano_droid,inside,inverse,destination_static,single,1,1,0,0,0,0,0,0
online_correction_v4-C6-b054-57c101f062a7128f,C6,containment,54,cosmos3_nano_droid,inside,inverse,move_stop,single,1,1,0,0,0,0,0,0
online_correction_v4-C6-b054-5c848523a129f785,C6,containment,54,cosmos3_nano_droid,inside,direct,original_sham,single,1,1,0,0,0,0,0,0
online_correction_v4-C6-b054-bf6d1b552c53f989,C6,containment,54,cosmos3_nano_droid,inside,direct,move_stop,single,1,1,0,0,0,0,0,0
online_correction_v4-C6-b054-bfd1b5fa548eda57,C6,containment,54,cosmos3_nano_droid,inside,direct,destination_static,single,1,1,0,0,0,0,0,0
online_correction_v4-C6-b055-0b35e1203b88f107,C6,containment,55,cosmos3_nano_droid,inside,direct,destination_static,single,1,1,0,0,0,1,0,0
online_correction_v4-C6-b055-5f83bbb40b63f25a,C6,containment,55,cosmos3_nano_droid,inside,inverse,original_sham,single,1,1,0,0,0,0,0,0
online_correction_v4-C6-b055-7034ff113323ec9e,C6,containment,55,cosmos3_nano_droid,inside,inverse,destination_static,single,1,1,0,0,0,1,0,0
online_correction_v4-C6-b055-9574b49a2f8d8ecf,C6,containment,55,cosmos3_nano_droid,inside,direct,move_stop,single,1,1,0,0,0,0,0,0
online_correction_v4-C6-b055-aaa5dd77227ceb36,C6,containment,55,cosmos3_nano_droid,inside,inverse,move_stop,single,1,1,0,0,0,0,0,0
online_correction_v4-C6-b055-c8a7cd623e427cee,C6,containment,55,cosmos3_nano_droid,inside,direct,original_sham,single,1,1,0,0,0,1,0,0
online_correction_v4-C6-b056-46baf2ab7404454c,C6,containment,56,cosmos3_nano_droid,inside,inverse,move_stop,single,1,1,0,0,0,0,0,0
online_correction_v4-C6-b056-538fdabaa3097837,C6,containment,56,cosmos3_nano_droid,inside,inverse,original_sham,single,1,1,0,0,0,0,0,0
online_correction_v4-C6-b056-62ae4f983a107170,C6,containment,56,cosmos3_nano_droid,inside,direct,destination_static,single,1,1,0,0,0,0,0,0
online_correction_v4-C6-b056-9f32c6536abbe2ec,C6,containment,56,cosmos3_nano_droid,inside,inverse,destination_static,single,1,1,0,0,0,0,0,0
online_correction_v4-C6-b056-abe60a87c016c4a2,C6,containment,56,cosmos3_nano_droid,inside,direct,original_sham,single,1,1,0,0,0,0,0,0
online_correction_v4-C6-b056-d883b532ce6b2ceb,C6,containment,56,cosmos3_nano_droid,inside,direct,move_stop,single,1,1,0,0,0,0,0,0
online_correction_v4-C6-b057-13dcdf261efd1c0f,C6,containment,57,cosmos3_nano_droid,inside,inverse,original_sham,single,1,1,0,0,0,0,0,0
online_correction_v4-C6-b057-24a7e5eff5b652e2,C6,containment,57,cosmos3_nano_droid,inside,inverse,destination_static,single,1,1,0,0,0,0,0,0
online_correction_v4-C6-b057-6f42f23e42a682f6,C6,containment,57,cosmos3_nano_droid,inside,direct,original_sham,single,1,1,0,0,0,1,0,0
online_correction_v4-C6-b057-be9be5dc96547a33,C6,containment,57,cosmos3_nano_droid,inside,direct,move_stop,single,1,1,0,0,0,0,0,0
online_correction_v4-C6-b057-cc5819f8c8d7409e,C6,containment,57,cosmos3_nano_droid,inside,direct,destination_static,single,1,1,0,0,0,1,0,0
online_correction_v4-C6-b057-eaccb1aaf1e21617,C6,containment,57,cosmos3_nano_droid,inside,inverse,move_stop,single,1,1,0,0,0,0,0,0
online_correction_v4-C6-b058-0d890b0f1ae5431d,C6,containment,58,cosmos3_nano_droid,inside,direct,destination_static,single,1,1,0,0,0,0,0,0
online_correction_v4-C6-b058-18f498451c1d9f3c,C6,containment,58,cosmos3_nano_droid,inside,inverse,original_sham,single,1,1,0,0,0,0,0,0
online_correction_v4-C6-b058-2389091b7027ee1a,C6,containment,58,cosmos3_nano_droid,inside,inverse,destination_static,single,1,1,0,0,0,0,0,0
online_correction_v4-C6-b058-4407506ca7bf2641,C6,containment,58,cosmos3_nano_droid,inside,direct,move_stop,single,1,1,0,0,0,0,0,0
online_correction_v4-C6-b058-578451384a20cb9b,C6,containment,58,cosmos3_nano_droid,inside,inverse,move_stop,single,1,1,0,0,0,0,0,0
online_correction_v4-C6-b058-6fc3d76c92d8bda0,C6,containment,58,cosmos3_nano_droid,inside,direct,original_sham,single,1,1,0,0,0,0,0,0
online_correction_v4-C6-b059-1830ffb690169b0e,C6,containment,59,cosmos3_nano_droid,inside,inverse,destination_static,single,1,1,0,0,0,0,0,0
online_correction_v4-C6-b059-33a2277485e33083,C6,containment,59,cosmos3_nano_droid,inside,inverse,move_stop,single,1,1,0,0,0,1,1,0
online_correction_v4-C6-b059-63a3db0d652ca454,C6,containment,59,cosmos3_nano_droid,inside,direct,destination_static,single,1,1,0,0,0,0,0,0
online_correction_v4-C6-b059-a6f3bdf0c8e68326,C6,containment,59,cosmos3_nano_droid,inside,direct,original_sham,single,1,1,0,0,0,0,0,0
online_correction_v4-C6-b059-cb907ec98598967b,C6,containment,59,cosmos3_nano_droid,inside,inverse,original_sham,single,1,1,0,0,0,0,0,0
online_correction_v4-C6-b059-e32a1ca20660c46a,C6,containment,59,cosmos3_nano_droid,inside,direct,move_stop,single,1,1,0,0,0,0,0,0
online_correction_v4-C6-b060-11b8311456fc0084,C6,containment,60,cosmos3_nano_droid,inside,direct,move_stop,single,1,1,0,0,0,0,0,0
online_correction_v4-C6-b060-206b5448f8a82662,C6,containment,60,cosmos3_nano_droid,inside,inverse,move_stop,single,1,1,0,0,0,0,0,0
online_correction_v4-C6-b060-5a18e0b8be785803,C6,containment,60,cosmos3_nano_droid,inside,inverse,destination_static,single,1,1,0,0,0,0,0,0
online_correction_v4-C6-b060-986d0030c91b61d6,C6,containment,60,cosmos3_nano_droid,inside,direct,original_sham,single,1,1,0,0,0,0,0,0
online_correction_v4-C6-b060-cafa9a40f2764f8f,C6,containment,60,cosmos3_nano_droid,inside,direct,destination_static,single,1,1,0,0,0,0,0,0
online_correction_v4-C6-b060-e0100d013c38a7b8,C6,containment,60,cosmos3_nano_droid,inside,inverse,original_sham,single,1,1,0,0,0,0,0,0
online_correction_v4-C6-b061-099683b64ac9fb9d,C6,containment,61,cosmos3_nano_droid,inside,direct,destination_static,single,1,1,0,0,0,0,0,0
online_correction_v4-C6-b061-2035c9fe71547ec2,C6,containment,61,cosmos3_nano_droid,inside,inverse,destination_static,single,1,1,0,0,0,0,0,0
online_correction_v4-C6-b061-2316d54e9f097aec,C6,containment,61,cosmos3_nano_droid,inside,direct,original_sham,single,1,1,0,0,0,0,0,0
online_correction_v4-C6-b061-7a3027e77ac4cdf1,C6,containment,61,cosmos3_nano_droid,inside,direct,move_stop,single,1,1,0,0,0,0,0,0
online_correction_v4-C6-b061-7dea1c18de1fa991,C6,containment,61,cosmos3_nano_droid,inside,inverse,move_stop,single,1,1,0,0,0,0,0,0
online_correction_v4-C6-b061-fe3701e447205dc4,C6,containment,61,cosmos3_nano_droid,inside,inverse,original_sham,single,1,1,0,0,0,0,0,0
online_correction_v4-C6-b062-1d3becf26ad1b3e7,C6,containment,62,cosmos3_nano_droid,inside,direct,move_stop,single,1,1,0,0,0,0,0,0
online_correction_v4-C6-b062-669ae5fa9316b47f,C6,containment,62,cosmos3_nano_droid,inside,inverse,destination_static,single,1,1,0,0,0,0,0,0
online_correction_v4-C6-b062-c1c47d2dcf3c5a84,C6,containment,62,cosmos3_nano_droid,inside,inverse,move_stop,single,1,1,0,0,0,0,0,0
online_correction_v4-C6-b062-d73743170e07f21c,C6,containment,62,cosmos3_nano_droid,inside,direct,original_sham,single,1,1,0,0,0,0,0,0
online_correction_v4-C6-b062-e111ca349b10b577,C6,containment,62,cosmos3_nano_droid,inside,inverse,original_sham,single,1,1,0,0,0,0,0,0
online_correction_v4-C6-b062-e1daacd479a9614e,C6,containment,62,cosmos3_nano_droid,inside,direct,destination_static,single,1,1,0,0,0,0,0,0
online_correction_v4-C6-b063-19eaa15eb535f80d,C6,containment,63,cosmos3_nano_droid,inside,inverse,move_stop,single,1,1,0,0,0,0,0,0
online_correction_v4-C6-b063-2cb820163e76ff5d,C6,containment,63,cosmos3_nano_droid,inside,direct,destination_static,single,1,1,0,0,0,0,0,0
online_correction_v4-C6-b063-3fb290eff9afd2da,C6,containment,63,cosmos3_nano_droid,inside,direct,original_sham,single,1,1,0,0,0,0,0,0
online_correction_v4-C6-b063-472378626508ed71,C6,containment,63,cosmos3_nano_droid,inside,inverse,destination_static,single,1,1,0,0,0,0,0,0
online_correction_v4-C6-b063-e2cc047389ecaa49,C6,containment,63,cosmos3_nano_droid,inside,direct,move_stop,single,1,1,0,0,0,0,0,0
online_correction_v4-C6-b063-f05173af47593659,C6,containment,63,cosmos3_nano_droid,inside,inverse,original_sham,single,1,1,0,0,0,0,0,0
