cell_id,phase,layout_pair_id,model_config,layout_arm,command,replicate_id,candidate_effective_policy_seed,action_cap,stop_on_success,selected,status,pose_manifest,forecast_mapping
wmf1__pilot__P00__N3__original__left,pilot,P00,N3,original,left,0,2026091000,450,false,true,NOT_RELEASED,UNQUALIFIED,UNQUALIFIED
wmf1__pilot__P00__N3__original__right,pilot,P00,N3,original,right,0,2026091000,450,false,true,NOT_RELEASED,UNQUALIFIED,UNQUALIFIED
wmf1__pilot__P00__N3__reflected__left,pilot,P00,N3,reflected,left,0,2026091000,450,false,true,NOT_RELEASED,UNQUALIFIED,UNQUALIFIED
wmf1__pilot__P00__N3__reflected__right,pilot,P00,N3,reflected,right,0,2026091000,450,false,true,NOT_RELEASED,UNQUALIFIED,UNQUALIFIED
wmf1__pilot__P00__D1__original__left,pilot,P00,D1,original,left,0,1140,450,false,true,NOT_RELEASED,UNQUALIFIED,UNQUALIFIED
wmf1__pilot__P00__D1__original__right,pilot,P00,D1,original,right,0,1140,450,false,true,NOT_RELEASED,UNQUALIFIED,UNQUALIFIED
wmf1__pilot__P00__D1__reflected__left,pilot,P00,D1,reflected,left,0,1140,450,false,true,NOT_RELEASED,UNQUALIFIED,UNQUALIFIED
wmf1__pilot__P00__D1__reflected__right,pilot,P00,D1,reflected,right,0,1140,450,false,true,NOT_RELEASED,UNQUALIFIED,UNQUALIFIED
wmf1__development__D01__N3__original__left,development,D01,N3,original,left,0,2026091101,450,false,true,NOT_RELEASED,UNQUALIFIED,UNQUALIFIED
wmf1__development__D01__N3__original__right,development,D01,N3,original,right,0,2026091101,450,false,true,NOT_RELEASED,UNQUALIFIED,UNQUALIFIED
wmf1__development__D01__N3__reflected__left,development,D01,N3,reflected,left,0,2026091101,450,false,true,NOT_RELEASED,UNQUALIFIED,UNQUALIFIED
wmf1__development__D01__N3__reflected__right,development,D01,N3,reflected,right,0,2026091101,450,false,true,NOT_RELEASED,UNQUALIFIED,UNQUALIFIED
wmf1__development__D01__D1__original__left,development,D01,D1,original,left,0,1140,450,false,true,NOT_RELEASED,UNQUALIFIED,UNQUALIFIED
wmf1__development__D01__D1__original__right,development,D01,D1,original,right,0,1140,450,false,true,NOT_RELEASED,UNQUALIFIED,UNQUALIFIED
wmf1__development__D01__D1__reflected__left,development,D01,D1,reflected,left,0,1140,450,false,true,NOT_RELEASED,UNQUALIFIED,UNQUALIFIED
wmf1__development__D01__D1__reflected__right,development,D01,D1,reflected,right,0,1140,450,false,true,NOT_RELEASED,UNQUALIFIED,UNQUALIFIED
wmf1__development__D02__N3__original__left,development,D02,N3,original,left,0,2026091102,450,false,true,NOT_RELEASED,UNQUALIFIED,UNQUALIFIED
wmf1__development__D02__N3__original__right,development,D02,N3,original,right,0,2026091102,450,false,true,NOT_RELEASED,UNQUALIFIED,UNQUALIFIED
wmf1__development__D02__N3__reflected__left,development,D02,N3,reflected,left,0,2026091102,450,false,true,NOT_RELEASED,UNQUALIFIED,UNQUALIFIED
wmf1__development__D02__N3__reflected__right,development,D02,N3,reflected,right,0,2026091102,450,false,true,NOT_RELEASED,UNQUALIFIED,UNQUALIFIED
wmf1__development__D02__D1__original__left,development,D02,D1,original,left,0,1140,450,false,true,NOT_RELEASED,UNQUALIFIED,UNQUALIFIED
wmf1__development__D02__D1__original__right,development,D02,D1,original,right,0,1140,450,false,true,NOT_RELEASED,UNQUALIFIED,UNQUALIFIED
wmf1__development__D02__D1__reflected__left,development,D02,D1,reflected,left,0,1140,450,false,true,NOT_RELEASED,UNQUALIFIED,UNQUALIFIED
wmf1__development__D02__D1__reflected__right,development,D02,D1,reflected,right,0,1140,450,false,true,NOT_RELEASED,UNQUALIFIED,UNQUALIFIED
wmf1__development__D03__N3__original__left,development,D03,N3,original,left,0,2026091103,450,false,true,NOT_RELEASED,UNQUALIFIED,UNQUALIFIED
wmf1__development__D03__N3__original__right,development,D03,N3,original,right,0,2026091103,450,false,true,NOT_RELEASED,UNQUALIFIED,UNQUALIFIED
wmf1__development__D03__N3__reflected__left,development,D03,N3,reflected,left,0,2026091103,450,false,true,NOT_RELEASED,UNQUALIFIED,UNQUALIFIED
wmf1__development__D03__N3__reflected__right,development,D03,N3,reflected,right,0,2026091103,450,false,true,NOT_RELEASED,UNQUALIFIED,UNQUALIFIED
wmf1__development__D03__D1__original__left,development,D03,D1,original,left,0,1140,450,false,true,NOT_RELEASED,UNQUALIFIED,UNQUALIFIED
wmf1__development__D03__D1__original__right,development,D03,D1,original,right,0,1140,450,false,true,NOT_RELEASED,UNQUALIFIED,UNQUALIFIED
wmf1__development__D03__D1__reflected__left,development,D03,D1,reflected,left,0,1140,450,false,true,NOT_RELEASED,UNQUALIFIED,UNQUALIFIED
wmf1__development__D03__D1__reflected__right,development,D03,D1,reflected,right,0,1140,450,false,true,NOT_RELEASED,UNQUALIFIED,UNQUALIFIED
wmf1__development__D04__N3__original__left,development,D04,N3,original,left,0,2026091104,450,false,true,NOT_RELEASED,UNQUALIFIED,UNQUALIFIED
wmf1__development__D04__N3__original__right,development,D04,N3,original,right,0,2026091104,450,false,true,NOT_RELEASED,UNQUALIFIED,UNQUALIFIED
wmf1__development__D04__N3__reflected__left,development,D04,N3,reflected,left,0,2026091104,450,false,true,NOT_RELEASED,UNQUALIFIED,UNQUALIFIED
wmf1__development__D04__N3__reflected__right,development,D04,N3,reflected,right,0,2026091104,450,false,true,NOT_RELEASED,UNQUALIFIED,UNQUALIFIED
wmf1__development__D04__D1__original__left,development,D04,D1,original,left,0,1140,450,false,true,NOT_RELEASED,UNQUALIFIED,UNQUALIFIED
wmf1__development__D04__D1__original__right,development,D04,D1,original,right,0,1140,450,false,true,NOT_RELEASED,UNQUALIFIED,UNQUALIFIED
wmf1__development__D04__D1__reflected__left,development,D04,D1,reflected,left,0,1140,450,false,true,NOT_RELEASED,UNQUALIFIED,UNQUALIFIED
wmf1__development__D04__D1__reflected__right,development,D04,D1,reflected,right,0,1140,450,false,true,NOT_RELEASED,UNQUALIFIED,UNQUALIFIED
wmf1__confirmation__C01__N3__original__left,confirmation,C01,N3,original,left,0,2026091201,450,false,true,NOT_RELEASED,UNQUALIFIED,UNQUALIFIED
wmf1__confirmation__C01__N3__original__right,confirmation,C01,N3,original,right,0,2026091201,450,false,true,NOT_RELEASED,UNQUALIFIED,UNQUALIFIED
wmf1__confirmation__C01__N3__reflected__left,confirmation,C01,N3,reflected,left,0,2026091201,450,false,true,NOT_RELEASED,UNQUALIFIED,UNQUALIFIED
wmf1__confirmation__C01__N3__reflected__right,confirmation,C01,N3,reflected,right,0,2026091201,450,false,true,NOT_RELEASED,UNQUALIFIED,UNQUALIFIED
wmf1__confirmation__C01__D1__original__left,confirmation,C01,D1,original,left,0,1140,450,false,true,NOT_RELEASED,UNQUALIFIED,UNQUALIFIED
wmf1__confirmation__C01__D1__original__right,confirmation,C01,D1,original,right,0,1140,450,false,true,NOT_RELEASED,UNQUALIFIED,UNQUALIFIED
wmf1__confirmation__C01__D1__reflected__left,confirmation,C01,D1,reflected,left,0,1140,450,false,true,NOT_RELEASED,UNQUALIFIED,UNQUALIFIED
wmf1__confirmation__C01__D1__reflected__right,confirmation,C01,D1,reflected,right,0,1140,450,false,true,NOT_RELEASED,UNQUALIFIED,UNQUALIFIED
wmf1__confirmation__C02__N3__original__left,confirmation,C02,N3,original,left,0,2026091202,450,false,true,NOT_RELEASED,UNQUALIFIED,UNQUALIFIED
wmf1__confirmation__C02__N3__original__right,confirmation,C02,N3,original,right,0,2026091202,450,false,true,NOT_RELEASED,UNQUALIFIED,UNQUALIFIED
wmf1__confirmation__C02__N3__reflected__left,confirmation,C02,N3,reflected,left,0,2026091202,450,false,true,NOT_RELEASED,UNQUALIFIED,UNQUALIFIED
wmf1__confirmation__C02__N3__reflected__right,confirmation,C02,N3,reflected,right,0,2026091202,450,false,true,NOT_RELEASED,UNQUALIFIED,UNQUALIFIED
wmf1__confirmation__C02__D1__original__left,confirmation,C02,D1,original,left,0,1140,450,false,true,NOT_RELEASED,UNQUALIFIED,UNQUALIFIED
wmf1__confirmation__C02__D1__original__right,confirmation,C02,D1,original,right,0,1140,450,false,true,NOT_RELEASED,UNQUALIFIED,UNQUALIFIED
wmf1__confirmation__C02__D1__reflected__left,confirmation,C02,D1,reflected,left,0,1140,450,false,true,NOT_RELEASED,UNQUALIFIED,UNQUALIFIED
wmf1__confirmation__C02__D1__reflected__right,confirmation,C02,D1,reflected,right,0,1140,450,false,true,NOT_RELEASED,UNQUALIFIED,UNQUALIFIED
wmf1__confirmation__C03__N3__original__left,confirmation,C03,N3,original,left,0,2026091203,450,false,true,NOT_RELEASED,UNQUALIFIED,UNQUALIFIED
wmf1__confirmation__C03__N3__original__right,confirmation,C03,N3,original,right,0,2026091203,450,false,true,NOT_RELEASED,UNQUALIFIED,UNQUALIFIED
wmf1__confirmation__C03__N3__reflected__left,confirmation,C03,N3,reflected,left,0,2026091203,450,false,true,NOT_RELEASED,UNQUALIFIED,UNQUALIFIED
wmf1__confirmation__C03__N3__reflected__right,confirmation,C03,N3,reflected,right,0,2026091203,450,false,true,NOT_RELEASED,UNQUALIFIED,UNQUALIFIED
wmf1__confirmation__C03__D1__original__left,confirmation,C03,D1,original,left,0,1140,450,false,true,NOT_RELEASED,UNQUALIFIED,UNQUALIFIED
wmf1__confirmation__C03__D1__original__right,confirmation,C03,D1,original,right,0,1140,450,false,true,NOT_RELEASED,UNQUALIFIED,UNQUALIFIED
wmf1__confirmation__C03__D1__reflected__left,confirmation,C03,D1,reflected,left,0,1140,450,false,true,NOT_RELEASED,UNQUALIFIED,UNQUALIFIED
wmf1__confirmation__C03__D1__reflected__right,confirmation,C03,D1,reflected,right,0,1140,450,false,true,NOT_RELEASED,UNQUALIFIED,UNQUALIFIED
wmf1__confirmation__C04__N3__original__left,confirmation,C04,N3,original,left,0,2026091204,450,false,true,NOT_RELEASED,UNQUALIFIED,UNQUALIFIED
wmf1__confirmation__C04__N3__original__right,confirmation,C04,N3,original,right,0,2026091204,450,false,true,NOT_RELEASED,UNQUALIFIED,UNQUALIFIED
wmf1__confirmation__C04__N3__reflected__left,confirmation,C04,N3,reflected,left,0,2026091204,450,false,true,NOT_RELEASED,UNQUALIFIED,UNQUALIFIED
wmf1__confirmation__C04__N3__reflected__right,confirmation,C04,N3,reflected,right,0,2026091204,450,false,true,NOT_RELEASED,UNQUALIFIED,UNQUALIFIED
wmf1__confirmation__C04__D1__original__left,confirmation,C04,D1,original,left,0,1140,450,false,true,NOT_RELEASED,UNQUALIFIED,UNQUALIFIED
wmf1__confirmation__C04__D1__original__right,confirmation,C04,D1,original,right,0,1140,450,false,true,NOT_RELEASED,UNQUALIFIED,UNQUALIFIED
wmf1__confirmation__C04__D1__reflected__left,confirmation,C04,D1,reflected,left,0,1140,450,false,true,NOT_RELEASED,UNQUALIFIED,UNQUALIFIED
wmf1__confirmation__C04__D1__reflected__right,confirmation,C04,D1,reflected,right,0,1140,450,false,true,NOT_RELEASED,UNQUALIFIED,UNQUALIFIED
wmf1__confirmation__C05__N3__original__left,confirmation,C05,N3,original,left,0,2026091205,450,false,true,NOT_RELEASED,UNQUALIFIED,UNQUALIFIED
wmf1__confirmation__C05__N3__original__right,confirmation,C05,N3,original,right,0,2026091205,450,false,true,NOT_RELEASED,UNQUALIFIED,UNQUALIFIED
wmf1__confirmation__C05__N3__reflected__left,confirmation,C05,N3,reflected,left,0,2026091205,450,false,true,NOT_RELEASED,UNQUALIFIED,UNQUALIFIED
wmf1__confirmation__C05__N3__reflected__right,confirmation,C05,N3,reflected,right,0,2026091205,450,false,true,NOT_RELEASED,UNQUALIFIED,UNQUALIFIED
wmf1__confirmation__C05__D1__original__left,confirmation,C05,D1,original,left,0,1140,450,false,true,NOT_RELEASED,UNQUALIFIED,UNQUALIFIED
wmf1__confirmation__C05__D1__original__right,confirmation,C05,D1,original,right,0,1140,450,false,true,NOT_RELEASED,UNQUALIFIED,UNQUALIFIED
wmf1__confirmation__C05__D1__reflected__left,confirmation,C05,D1,reflected,left,0,1140,450,false,true,NOT_RELEASED,UNQUALIFIED,UNQUALIFIED
wmf1__confirmation__C05__D1__reflected__right,confirmation,C05,D1,reflected,right,0,1140,450,false,true,NOT_RELEASED,UNQUALIFIED,UNQUALIFIED
wmf1__confirmation__C06__N3__original__left,confirmation,C06,N3,original,left,0,2026091206,450,false,true,NOT_RELEASED,UNQUALIFIED,UNQUALIFIED
wmf1__confirmation__C06__N3__original__right,confirmation,C06,N3,original,right,0,2026091206,450,false,true,NOT_RELEASED,UNQUALIFIED,UNQUALIFIED
wmf1__confirmation__C06__N3__reflected__left,confirmation,C06,N3,reflected,left,0,2026091206,450,false,true,NOT_RELEASED,UNQUALIFIED,UNQUALIFIED
wmf1__confirmation__C06__N3__reflected__right,confirmation,C06,N3,reflected,right,0,2026091206,450,false,true,NOT_RELEASED,UNQUALIFIED,UNQUALIFIED
wmf1__confirmation__C06__D1__original__left,confirmation,C06,D1,original,left,0,1140,450,false,true,NOT_RELEASED,UNQUALIFIED,UNQUALIFIED
wmf1__confirmation__C06__D1__original__right,confirmation,C06,D1,original,right,0,1140,450,false,true,NOT_RELEASED,UNQUALIFIED,UNQUALIFIED
wmf1__confirmation__C06__D1__reflected__left,confirmation,C06,D1,reflected,left,0,1140,450,false,true,NOT_RELEASED,UNQUALIFIED,UNQUALIFIED
wmf1__confirmation__C06__D1__reflected__right,confirmation,C06,D1,reflected,right,0,1140,450,false,true,NOT_RELEASED,UNQUALIFIED,UNQUALIFIED
wmf1__confirmation__C07__N3__original__left,confirmation,C07,N3,original,left,0,2026091207,450,false,true,NOT_RELEASED,UNQUALIFIED,UNQUALIFIED
wmf1__confirmation__C07__N3__original__right,confirmation,C07,N3,original,right,0,2026091207,450,false,true,NOT_RELEASED,UNQUALIFIED,UNQUALIFIED
wmf1__confirmation__C07__N3__reflected__left,confirmation,C07,N3,reflected,left,0,2026091207,450,false,true,NOT_RELEASED,UNQUALIFIED,UNQUALIFIED
wmf1__confirmation__C07__N3__reflected__right,confirmation,C07,N3,reflected,right,0,2026091207,450,false,true,NOT_RELEASED,UNQUALIFIED,UNQUALIFIED
wmf1__confirmation__C07__D1__original__left,confirmation,C07,D1,original,left,0,1140,450,false,true,NOT_RELEASED,UNQUALIFIED,UNQUALIFIED
wmf1__confirmation__C07__D1__original__right,confirmation,C07,D1,original,right,0,1140,450,false,true,NOT_RELEASED,UNQUALIFIED,UNQUALIFIED
wmf1__confirmation__C07__D1__reflected__left,confirmation,C07,D1,reflected,left,0,1140,450,false,true,NOT_RELEASED,UNQUALIFIED,UNQUALIFIED
wmf1__confirmation__C07__D1__reflected__right,confirmation,C07,D1,reflected,right,0,1140,450,false,true,NOT_RELEASED,UNQUALIFIED,UNQUALIFIED
wmf1__confirmation__C08__N3__original__left,confirmation,C08,N3,original,left,0,2026091208,450,false,true,NOT_RELEASED,UNQUALIFIED,UNQUALIFIED
wmf1__confirmation__C08__N3__original__right,confirmation,C08,N3,original,right,0,2026091208,450,false,true,NOT_RELEASED,UNQUALIFIED,UNQUALIFIED
wmf1__confirmation__C08__N3__reflected__left,confirmation,C08,N3,reflected,left,0,2026091208,450,false,true,NOT_RELEASED,UNQUALIFIED,UNQUALIFIED
wmf1__confirmation__C08__N3__reflected__right,confirmation,C08,N3,reflected,right,0,2026091208,450,false,true,NOT_RELEASED,UNQUALIFIED,UNQUALIFIED
wmf1__confirmation__C08__D1__original__left,confirmation,C08,D1,original,left,0,1140,450,false,true,NOT_RELEASED,UNQUALIFIED,UNQUALIFIED
wmf1__confirmation__C08__D1__original__right,confirmation,C08,D1,original,right,0,1140,450,false,true,NOT_RELEASED,UNQUALIFIED,UNQUALIFIED
wmf1__confirmation__C08__D1__reflected__left,confirmation,C08,D1,reflected,left,0,1140,450,false,true,NOT_RELEASED,UNQUALIFIED,UNQUALIFIED
wmf1__confirmation__C08__D1__reflected__right,confirmation,C08,D1,reflected,right,0,1140,450,false,true,NOT_RELEASED,UNQUALIFIED,UNQUALIFIED
wmf1__confirmation__C09__N3__original__left,confirmation,C09,N3,original,left,0,2026091209,450,false,true,NOT_RELEASED,UNQUALIFIED,UNQUALIFIED
wmf1__confirmation__C09__N3__original__right,confirmation,C09,N3,original,right,0,2026091209,450,false,true,NOT_RELEASED,UNQUALIFIED,UNQUALIFIED
wmf1__confirmation__C09__N3__reflected__left,confirmation,C09,N3,reflected,left,0,2026091209,450,false,true,NOT_RELEASED,UNQUALIFIED,UNQUALIFIED
wmf1__confirmation__C09__N3__reflected__right,confirmation,C09,N3,reflected,right,0,2026091209,450,false,true,NOT_RELEASED,UNQUALIFIED,UNQUALIFIED
wmf1__confirmation__C09__D1__original__left,confirmation,C09,D1,original,left,0,1140,450,false,true,NOT_RELEASED,UNQUALIFIED,UNQUALIFIED
wmf1__confirmation__C09__D1__original__right,confirmation,C09,D1,original,right,0,1140,450,false,true,NOT_RELEASED,UNQUALIFIED,UNQUALIFIED
wmf1__confirmation__C09__D1__reflected__left,confirmation,C09,D1,reflected,left,0,1140,450,false,true,NOT_RELEASED,UNQUALIFIED,UNQUALIFIED
wmf1__confirmation__C09__D1__reflected__right,confirmation,C09,D1,reflected,right,0,1140,450,false,true,NOT_RELEASED,UNQUALIFIED,UNQUALIFIED
wmf1__confirmation__C10__N3__original__left,confirmation,C10,N3,original,left,0,2026091210,450,false,true,NOT_RELEASED,UNQUALIFIED,UNQUALIFIED
wmf1__confirmation__C10__N3__original__right,confirmation,C10,N3,original,right,0,2026091210,450,false,true,NOT_RELEASED,UNQUALIFIED,UNQUALIFIED
wmf1__confirmation__C10__N3__reflected__left,confirmation,C10,N3,reflected,left,0,2026091210,450,false,true,NOT_RELEASED,UNQUALIFIED,UNQUALIFIED
wmf1__confirmation__C10__N3__reflected__right,confirmation,C10,N3,reflected,right,0,2026091210,450,false,true,NOT_RELEASED,UNQUALIFIED,UNQUALIFIED
wmf1__confirmation__C10__D1__original__left,confirmation,C10,D1,original,left,0,1140,450,false,true,NOT_RELEASED,UNQUALIFIED,UNQUALIFIED
wmf1__confirmation__C10__D1__original__right,confirmation,C10,D1,original,right,0,1140,450,false,true,NOT_RELEASED,UNQUALIFIED,UNQUALIFIED
wmf1__confirmation__C10__D1__reflected__left,confirmation,C10,D1,reflected,left,0,1140,450,false,true,NOT_RELEASED,UNQUALIFIED,UNQUALIFIED
wmf1__confirmation__C10__D1__reflected__right,confirmation,C10,D1,reflected,right,0,1140,450,false,true,NOT_RELEASED,UNQUALIFIED,UNQUALIFIED
wmf1__confirmation__C11__N3__original__left,confirmation,C11,N3,original,left,0,2026091211,450,false,true,NOT_RELEASED,UNQUALIFIED,UNQUALIFIED
wmf1__confirmation__C11__N3__original__right,confirmation,C11,N3,original,right,0,2026091211,450,false,true,NOT_RELEASED,UNQUALIFIED,UNQUALIFIED
wmf1__confirmation__C11__N3__reflected__left,confirmation,C11,N3,reflected,left,0,2026091211,450,false,true,NOT_RELEASED,UNQUALIFIED,UNQUALIFIED
wmf1__confirmation__C11__N3__reflected__right,confirmation,C11,N3,reflected,right,0,2026091211,450,false,true,NOT_RELEASED,UNQUALIFIED,UNQUALIFIED
wmf1__confirmation__C11__D1__original__left,confirmation,C11,D1,original,left,0,1140,450,false,true,NOT_RELEASED,UNQUALIFIED,UNQUALIFIED
wmf1__confirmation__C11__D1__original__right,confirmation,C11,D1,original,right,0,1140,450,false,true,NOT_RELEASED,UNQUALIFIED,UNQUALIFIED
wmf1__confirmation__C11__D1__reflected__left,confirmation,C11,D1,reflected,left,0,1140,450,false,true,NOT_RELEASED,UNQUALIFIED,UNQUALIFIED
wmf1__confirmation__C11__D1__reflected__right,confirmation,C11,D1,reflected,right,0,1140,450,false,true,NOT_RELEASED,UNQUALIFIED,UNQUALIFIED
wmf1__confirmation__C12__N3__original__left,confirmation,C12,N3,original,left,0,2026091212,450,false,true,NOT_RELEASED,UNQUALIFIED,UNQUALIFIED
wmf1__confirmation__C12__N3__original__right,confirmation,C12,N3,original,right,0,2026091212,450,false,true,NOT_RELEASED,UNQUALIFIED,UNQUALIFIED
wmf1__confirmation__C12__N3__reflected__left,confirmation,C12,N3,reflected,left,0,2026091212,450,false,true,NOT_RELEASED,UNQUALIFIED,UNQUALIFIED
wmf1__confirmation__C12__N3__reflected__right,confirmation,C12,N3,reflected,right,0,2026091212,450,false,true,NOT_RELEASED,UNQUALIFIED,UNQUALIFIED
wmf1__confirmation__C12__D1__original__left,confirmation,C12,D1,original,left,0,1140,450,false,true,NOT_RELEASED,UNQUALIFIED,UNQUALIFIED
wmf1__confirmation__C12__D1__original__right,confirmation,C12,D1,original,right,0,1140,450,false,true,NOT_RELEASED,UNQUALIFIED,UNQUALIFIED
wmf1__confirmation__C12__D1__reflected__left,confirmation,C12,D1,reflected,left,0,1140,450,false,true,NOT_RELEASED,UNQUALIFIED,UNQUALIFIED
wmf1__confirmation__C12__D1__reflected__right,confirmation,C12,D1,reflected,right,0,1140,450,false,true,NOT_RELEASED,UNQUALIFIED,UNQUALIFIED
wmf1__confirmation__C13__N3__original__left,confirmation,C13,N3,original,left,0,2026091213,450,false,true,NOT_RELEASED,UNQUALIFIED,UNQUALIFIED
wmf1__confirmation__C13__N3__original__right,confirmation,C13,N3,original,right,0,2026091213,450,false,true,NOT_RELEASED,UNQUALIFIED,UNQUALIFIED
wmf1__confirmation__C13__N3__reflected__left,confirmation,C13,N3,reflected,left,0,2026091213,450,false,true,NOT_RELEASED,UNQUALIFIED,UNQUALIFIED
wmf1__confirmation__C13__N3__reflected__right,confirmation,C13,N3,reflected,right,0,2026091213,450,false,true,NOT_RELEASED,UNQUALIFIED,UNQUALIFIED
wmf1__confirmation__C13__D1__original__left,confirmation,C13,D1,original,left,0,1140,450,false,true,NOT_RELEASED,UNQUALIFIED,UNQUALIFIED
wmf1__confirmation__C13__D1__original__right,confirmation,C13,D1,original,right,0,1140,450,false,true,NOT_RELEASED,UNQUALIFIED,UNQUALIFIED
wmf1__confirmation__C13__D1__reflected__left,confirmation,C13,D1,reflected,left,0,1140,450,false,true,NOT_RELEASED,UNQUALIFIED,UNQUALIFIED
wmf1__confirmation__C13__D1__reflected__right,confirmation,C13,D1,reflected,right,0,1140,450,false,true,NOT_RELEASED,UNQUALIFIED,UNQUALIFIED
wmf1__confirmation__C14__N3__original__left,confirmation,C14,N3,original,left,0,2026091214,450,false,true,NOT_RELEASED,UNQUALIFIED,UNQUALIFIED
wmf1__confirmation__C14__N3__original__right,confirmation,C14,N3,original,right,0,2026091214,450,false,true,NOT_RELEASED,UNQUALIFIED,UNQUALIFIED
wmf1__confirmation__C14__N3__reflected__left,confirmation,C14,N3,reflected,left,0,2026091214,450,false,true,NOT_RELEASED,UNQUALIFIED,UNQUALIFIED
wmf1__confirmation__C14__N3__reflected__right,confirmation,C14,N3,reflected,right,0,2026091214,450,false,true,NOT_RELEASED,UNQUALIFIED,UNQUALIFIED
wmf1__confirmation__C14__D1__original__left,confirmation,C14,D1,original,left,0,1140,450,false,true,NOT_RELEASED,UNQUALIFIED,UNQUALIFIED
wmf1__confirmation__C14__D1__original__right,confirmation,C14,D1,original,right,0,1140,450,false,true,NOT_RELEASED,UNQUALIFIED,UNQUALIFIED
wmf1__confirmation__C14__D1__reflected__left,confirmation,C14,D1,reflected,left,0,1140,450,false,true,NOT_RELEASED,UNQUALIFIED,UNQUALIFIED
wmf1__confirmation__C14__D1__reflected__right,confirmation,C14,D1,reflected,right,0,1140,450,false,true,NOT_RELEASED,UNQUALIFIED,UNQUALIFIED
wmf1__confirmation__C15__N3__original__left,confirmation,C15,N3,original,left,0,2026091215,450,false,true,NOT_RELEASED,UNQUALIFIED,UNQUALIFIED
wmf1__confirmation__C15__N3__original__right,confirmation,C15,N3,original,right,0,2026091215,450,false,true,NOT_RELEASED,UNQUALIFIED,UNQUALIFIED
wmf1__confirmation__C15__N3__reflected__left,confirmation,C15,N3,reflected,left,0,2026091215,450,false,true,NOT_RELEASED,UNQUALIFIED,UNQUALIFIED
wmf1__confirmation__C15__N3__reflected__right,confirmation,C15,N3,reflected,right,0,2026091215,450,false,true,NOT_RELEASED,UNQUALIFIED,UNQUALIFIED
wmf1__confirmation__C15__D1__original__left,confirmation,C15,D1,original,left,0,1140,450,false,true,NOT_RELEASED,UNQUALIFIED,UNQUALIFIED
wmf1__confirmation__C15__D1__original__right,confirmation,C15,D1,original,right,0,1140,450,false,true,NOT_RELEASED,UNQUALIFIED,UNQUALIFIED
wmf1__confirmation__C15__D1__reflected__left,confirmation,C15,D1,reflected,left,0,1140,450,false,true,NOT_RELEASED,UNQUALIFIED,UNQUALIFIED
wmf1__confirmation__C15__D1__reflected__right,confirmation,C15,D1,reflected,right,0,1140,450,false,true,NOT_RELEASED,UNQUALIFIED,UNQUALIFIED
wmf1__confirmation__C16__N3__original__left,confirmation,C16,N3,original,left,0,2026091216,450,false,true,NOT_RELEASED,UNQUALIFIED,UNQUALIFIED
wmf1__confirmation__C16__N3__original__right,confirmation,C16,N3,original,right,0,2026091216,450,false,true,NOT_RELEASED,UNQUALIFIED,UNQUALIFIED
wmf1__confirmation__C16__N3__reflected__left,confirmation,C16,N3,reflected,left,0,2026091216,450,false,true,NOT_RELEASED,UNQUALIFIED,UNQUALIFIED
wmf1__confirmation__C16__N3__reflected__right,confirmation,C16,N3,reflected,right,0,2026091216,450,false,true,NOT_RELEASED,UNQUALIFIED,UNQUALIFIED
wmf1__confirmation__C16__D1__original__left,confirmation,C16,D1,original,left,0,1140,450,false,true,NOT_RELEASED,UNQUALIFIED,UNQUALIFIED
wmf1__confirmation__C16__D1__original__right,confirmation,C16,D1,original,right,0,1140,450,false,true,NOT_RELEASED,UNQUALIFIED,UNQUALIFIED
wmf1__confirmation__C16__D1__reflected__left,confirmation,C16,D1,reflected,left,0,1140,450,false,true,NOT_RELEASED,UNQUALIFIED,UNQUALIFIED
wmf1__confirmation__C16__D1__reflected__right,confirmation,C16,D1,reflected,right,0,1140,450,false,true,NOT_RELEASED,UNQUALIFIED,UNQUALIFIED
wmf1__confirmation__C17__N3__original__left,confirmation,C17,N3,original,left,0,2026091217,450,false,true,NOT_RELEASED,UNQUALIFIED,UNQUALIFIED
wmf1__confirmation__C17__N3__original__right,confirmation,C17,N3,original,right,0,2026091217,450,false,true,NOT_RELEASED,UNQUALIFIED,UNQUALIFIED
wmf1__confirmation__C17__N3__reflected__left,confirmation,C17,N3,reflected,left,0,2026091217,450,false,true,NOT_RELEASED,UNQUALIFIED,UNQUALIFIED
wmf1__confirmation__C17__N3__reflected__right,confirmation,C17,N3,reflected,right,0,2026091217,450,false,true,NOT_RELEASED,UNQUALIFIED,UNQUALIFIED
wmf1__confirmation__C17__D1__original__left,confirmation,C17,D1,original,left,0,1140,450,false,true,NOT_RELEASED,UNQUALIFIED,UNQUALIFIED
wmf1__confirmation__C17__D1__original__right,confirmation,C17,D1,original,right,0,1140,450,false,true,NOT_RELEASED,UNQUALIFIED,UNQUALIFIED
wmf1__confirmation__C17__D1__reflected__left,confirmation,C17,D1,reflected,left,0,1140,450,false,true,NOT_RELEASED,UNQUALIFIED,UNQUALIFIED
wmf1__confirmation__C17__D1__reflected__right,confirmation,C17,D1,reflected,right,0,1140,450,false,true,NOT_RELEASED,UNQUALIFIED,UNQUALIFIED
wmf1__confirmation__C18__N3__original__left,confirmation,C18,N3,original,left,0,2026091218,450,false,true,NOT_RELEASED,UNQUALIFIED,UNQUALIFIED
wmf1__confirmation__C18__N3__original__right,confirmation,C18,N3,original,right,0,2026091218,450,false,true,NOT_RELEASED,UNQUALIFIED,UNQUALIFIED
wmf1__confirmation__C18__N3__reflected__left,confirmation,C18,N3,reflected,left,0,2026091218,450,false,true,NOT_RELEASED,UNQUALIFIED,UNQUALIFIED
wmf1__confirmation__C18__N3__reflected__right,confirmation,C18,N3,reflected,right,0,2026091218,450,false,true,NOT_RELEASED,UNQUALIFIED,UNQUALIFIED
wmf1__confirmation__C18__D1__original__left,confirmation,C18,D1,original,left,0,1140,450,false,true,NOT_RELEASED,UNQUALIFIED,UNQUALIFIED
wmf1__confirmation__C18__D1__original__right,confirmation,C18,D1,original,right,0,1140,450,false,true,NOT_RELEASED,UNQUALIFIED,UNQUALIFIED
wmf1__confirmation__C18__D1__reflected__left,confirmation,C18,D1,reflected,left,0,1140,450,false,true,NOT_RELEASED,UNQUALIFIED,UNQUALIFIED
wmf1__confirmation__C18__D1__reflected__right,confirmation,C18,D1,reflected,right,0,1140,450,false,true,NOT_RELEASED,UNQUALIFIED,UNQUALIFIED
wmf1__confirmation__C19__N3__original__left,confirmation,C19,N3,original,left,0,2026091219,450,false,true,NOT_RELEASED,UNQUALIFIED,UNQUALIFIED
wmf1__confirmation__C19__N3__original__right,confirmation,C19,N3,original,right,0,2026091219,450,false,true,NOT_RELEASED,UNQUALIFIED,UNQUALIFIED
wmf1__confirmation__C19__N3__reflected__left,confirmation,C19,N3,reflected,left,0,2026091219,450,false,true,NOT_RELEASED,UNQUALIFIED,UNQUALIFIED
wmf1__confirmation__C19__N3__reflected__right,confirmation,C19,N3,reflected,right,0,2026091219,450,false,true,NOT_RELEASED,UNQUALIFIED,UNQUALIFIED
wmf1__confirmation__C19__D1__original__left,confirmation,C19,D1,original,left,0,1140,450,false,true,NOT_RELEASED,UNQUALIFIED,UNQUALIFIED
wmf1__confirmation__C19__D1__original__right,confirmation,C19,D1,original,right,0,1140,450,false,true,NOT_RELEASED,UNQUALIFIED,UNQUALIFIED
wmf1__confirmation__C19__D1__reflected__left,confirmation,C19,D1,reflected,left,0,1140,450,false,true,NOT_RELEASED,UNQUALIFIED,UNQUALIFIED
wmf1__confirmation__C19__D1__reflected__right,confirmation,C19,D1,reflected,right,0,1140,450,false,true,NOT_RELEASED,UNQUALIFIED,UNQUALIFIED
wmf1__confirmation__C20__N3__original__left,confirmation,C20,N3,original,left,0,2026091220,450,false,true,NOT_RELEASED,UNQUALIFIED,UNQUALIFIED
wmf1__confirmation__C20__N3__original__right,confirmation,C20,N3,original,right,0,2026091220,450,false,true,NOT_RELEASED,UNQUALIFIED,UNQUALIFIED
wmf1__confirmation__C20__N3__reflected__left,confirmation,C20,N3,reflected,left,0,2026091220,450,false,true,NOT_RELEASED,UNQUALIFIED,UNQUALIFIED
wmf1__confirmation__C20__N3__reflected__right,confirmation,C20,N3,reflected,right,0,2026091220,450,false,true,NOT_RELEASED,UNQUALIFIED,UNQUALIFIED
wmf1__confirmation__C20__D1__original__left,confirmation,C20,D1,original,left,0,1140,450,false,true,NOT_RELEASED,UNQUALIFIED,UNQUALIFIED
wmf1__confirmation__C20__D1__original__right,confirmation,C20,D1,original,right,0,1140,450,false,true,NOT_RELEASED,UNQUALIFIED,UNQUALIFIED
wmf1__confirmation__C20__D1__reflected__left,confirmation,C20,D1,reflected,left,0,1140,450,false,true,NOT_RELEASED,UNQUALIFIED,UNQUALIFIED
wmf1__confirmation__C20__D1__reflected__right,confirmation,C20,D1,reflected,right,0,1140,450,false,true,NOT_RELEASED,UNQUALIFIED,UNQUALIFIED
wmf1__confirmation__C21__N3__original__left,confirmation,C21,N3,original,left,0,2026091221,450,false,true,NOT_RELEASED,UNQUALIFIED,UNQUALIFIED
wmf1__confirmation__C21__N3__original__right,confirmation,C21,N3,original,right,0,2026091221,450,false,true,NOT_RELEASED,UNQUALIFIED,UNQUALIFIED
wmf1__confirmation__C21__N3__reflected__left,confirmation,C21,N3,reflected,left,0,2026091221,450,false,true,NOT_RELEASED,UNQUALIFIED,UNQUALIFIED
wmf1__confirmation__C21__N3__reflected__right,confirmation,C21,N3,reflected,right,0,2026091221,450,false,true,NOT_RELEASED,UNQUALIFIED,UNQUALIFIED
wmf1__confirmation__C21__D1__original__left,confirmation,C21,D1,original,left,0,1140,450,false,true,NOT_RELEASED,UNQUALIFIED,UNQUALIFIED
wmf1__confirmation__C21__D1__original__right,confirmation,C21,D1,original,right,0,1140,450,false,true,NOT_RELEASED,UNQUALIFIED,UNQUALIFIED
wmf1__confirmation__C21__D1__reflected__left,confirmation,C21,D1,reflected,left,0,1140,450,false,true,NOT_RELEASED,UNQUALIFIED,UNQUALIFIED
wmf1__confirmation__C21__D1__reflected__right,confirmation,C21,D1,reflected,right,0,1140,450,false,true,NOT_RELEASED,UNQUALIFIED,UNQUALIFIED
wmf1__confirmation__C22__N3__original__left,confirmation,C22,N3,original,left,0,2026091222,450,false,true,NOT_RELEASED,UNQUALIFIED,UNQUALIFIED
wmf1__confirmation__C22__N3__original__right,confirmation,C22,N3,original,right,0,2026091222,450,false,true,NOT_RELEASED,UNQUALIFIED,UNQUALIFIED
wmf1__confirmation__C22__N3__reflected__left,confirmation,C22,N3,reflected,left,0,2026091222,450,false,true,NOT_RELEASED,UNQUALIFIED,UNQUALIFIED
wmf1__confirmation__C22__N3__reflected__right,confirmation,C22,N3,reflected,right,0,2026091222,450,false,true,NOT_RELEASED,UNQUALIFIED,UNQUALIFIED
wmf1__confirmation__C22__D1__original__left,confirmation,C22,D1,original,left,0,1140,450,false,true,NOT_RELEASED,UNQUALIFIED,UNQUALIFIED
wmf1__confirmation__C22__D1__original__right,confirmation,C22,D1,original,right,0,1140,450,false,true,NOT_RELEASED,UNQUALIFIED,UNQUALIFIED
wmf1__confirmation__C22__D1__reflected__left,confirmation,C22,D1,reflected,left,0,1140,450,false,true,NOT_RELEASED,UNQUALIFIED,UNQUALIFIED
wmf1__confirmation__C22__D1__reflected__right,confirmation,C22,D1,reflected,right,0,1140,450,false,true,NOT_RELEASED,UNQUALIFIED,UNQUALIFIED
wmf1__confirmation__C23__N3__original__left,confirmation,C23,N3,original,left,0,2026091223,450,false,true,NOT_RELEASED,UNQUALIFIED,UNQUALIFIED
wmf1__confirmation__C23__N3__original__right,confirmation,C23,N3,original,right,0,2026091223,450,false,true,NOT_RELEASED,UNQUALIFIED,UNQUALIFIED
wmf1__confirmation__C23__N3__reflected__left,confirmation,C23,N3,reflected,left,0,2026091223,450,false,true,NOT_RELEASED,UNQUALIFIED,UNQUALIFIED
wmf1__confirmation__C23__N3__reflected__right,confirmation,C23,N3,reflected,right,0,2026091223,450,false,true,NOT_RELEASED,UNQUALIFIED,UNQUALIFIED
wmf1__confirmation__C23__D1__original__left,confirmation,C23,D1,original,left,0,1140,450,false,true,NOT_RELEASED,UNQUALIFIED,UNQUALIFIED
wmf1__confirmation__C23__D1__original__right,confirmation,C23,D1,original,right,0,1140,450,false,true,NOT_RELEASED,UNQUALIFIED,UNQUALIFIED
wmf1__confirmation__C23__D1__reflected__left,confirmation,C23,D1,reflected,left,0,1140,450,false,true,NOT_RELEASED,UNQUALIFIED,UNQUALIFIED
wmf1__confirmation__C23__D1__reflected__right,confirmation,C23,D1,reflected,right,0,1140,450,false,true,NOT_RELEASED,UNQUALIFIED,UNQUALIFIED
wmf1__confirmation__C24__N3__original__left,confirmation,C24,N3,original,left,0,2026091224,450,false,true,NOT_RELEASED,UNQUALIFIED,UNQUALIFIED
wmf1__confirmation__C24__N3__original__right,confirmation,C24,N3,original,right,0,2026091224,450,false,true,NOT_RELEASED,UNQUALIFIED,UNQUALIFIED
wmf1__confirmation__C24__N3__reflected__left,confirmation,C24,N3,reflected,left,0,2026091224,450,false,true,NOT_RELEASED,UNQUALIFIED,UNQUALIFIED
wmf1__confirmation__C24__N3__reflected__right,confirmation,C24,N3,reflected,right,0,2026091224,450,false,true,NOT_RELEASED,UNQUALIFIED,UNQUALIFIED
wmf1__confirmation__C24__D1__original__left,confirmation,C24,D1,original,left,0,1140,450,false,true,NOT_RELEASED,UNQUALIFIED,UNQUALIFIED
wmf1__confirmation__C24__D1__original__right,confirmation,C24,D1,original,right,0,1140,450,false,true,NOT_RELEASED,UNQUALIFIED,UNQUALIFIED
wmf1__confirmation__C24__D1__reflected__left,confirmation,C24,D1,reflected,left,0,1140,450,false,true,NOT_RELEASED,UNQUALIFIED,UNQUALIFIED
wmf1__confirmation__C24__D1__reflected__right,confirmation,C24,D1,reflected,right,0,1140,450,false,true,NOT_RELEASED,UNQUALIFIED,UNQUALIFIED
