model_class,model,arena,evidence_kind,publication_role,path,bytes,sha256,source_manifest
WAM,Cosmos3 Nano Policy DROID — V2-A015 g=1,DROID / RoboLab,actual rollout,CFG ablation complete actual execution,artifacts/vla_wam_shared_v2/media/cfg_v2a015/cosmos3_nano_g1/cosmos3_nano_no_cfg_g1_all_seeds_actual.mp4,2298283,9cfe25e80ebd033adafb9b081f89203080471af8b42b7f0b03fa702c681da0f7,artifacts/vla_wam_shared_v2/media/cfg_v2a015/cosmos3_nano_g1/media_manifest.json
WAM,Cosmos3 Nano Policy DROID — V2-A015 g=1,DROID / RoboLab,model prediction / local horizon,CFG ablation complete local prediction,artifacts/vla_wam_shared_v2/media/cfg_v2a015/cosmos3_nano_g1/cosmos3_nano_no_cfg_g1_all_seeds_local_predictions.mp4,7962854,9a53dba82a0348805462c083c673e3be49804be3f9eda3304e29a24466ab666e,artifacts/vla_wam_shared_v2/media/cfg_v2a015/cosmos3_nano_g1/media_manifest.json
WAM,DreamZero DROID — V2-A015 s=2,DROID / RoboLab,actual rollout,CFG ablation complete actual execution,artifacts/vla_wam_shared_v2/media/cfg_v2a015/dreamzero_action_cfg_s2/dreamzero_action_cfg_s2_all_seeds_actual.mp4,2180954,de40f08c4d83f3b54a1537b6706f3d1b1cdcc729fd9d7804aecf2322f8d889a6,artifacts/vla_wam_shared_v2/media/cfg_v2a015/dreamzero_action_cfg_s2/media_manifest.json
WAM,DreamZero DROID — V2-A015 s=2,DROID / RoboLab,model prediction / imagination,CFG ablation complete imagination,artifacts/vla_wam_shared_v2/media/cfg_v2a015/dreamzero_action_cfg_s2/dreamzero_action_cfg_s2_all_seeds_imagination.mp4,22135191,57eaf8a1ea2283f37b52c30396aa5ddd1b2d653d18a471d828725e97b96c28ec,artifacts/vla_wam_shared_v2/media/cfg_v2a015/dreamzero_action_cfg_s2/media_manifest.json
WAM,Cosmos3 Edge base — DROID,DROID / RoboLab,prediction-only interface probe,canonical gallery,artifacts/vla_wam_shared_v2/media/cosmos3_edge_base_v2a013/cosmos3_edge_base_v2a013_seed8300_paired_model_prediction.mp4,465926,42cf54de658b568716c91d004d3a17c2f3b53cd17e69a1f40d4fb93af8f1eb1c,artifacts/vla_wam_shared_v2/media/cosmos3_edge_base_v2a013/media_manifest.json
WAM,Cosmos3 Edge DROID,DROID / RoboLab,actual rollout,canonical gallery,artifacts/vla_wam_shared_v2/media/cosmos3_edge_droid/cosmos3_edge_seed8302_paired.mp4,2612489,5eed8b8468aff6070617e126eac1c67a19fd62309279ca1a06f2d3b5abf4bdc9,artifacts/vla_wam_shared_v2/media/cosmos3_edge_droid/media_manifest.json
WAM,Cosmos3 Nano Policy DROID — V2-A011,DROID / RoboLab,actual rollout,canonical gallery,artifacts/vla_wam_shared_v2/media/cosmos3_nano_policy_droid_v2a011/cosmos3_nano_v2a011_seed8300_paired_actual.mp4,2175403,17f7d7f9120020db70bb007c0fee9e46c450b043b5132c30d72c1dc5b745f706,artifacts/vla_wam_shared_v2/media/cosmos3_nano_policy_droid_v2a011/media_manifest.json
WAM,Cosmos3 Nano Policy DROID — V2-A011,DROID / RoboLab,model prediction,canonical paired comparison,artifacts/vla_wam_shared_v2/media/cosmos3_nano_policy_droid_v2a011/cosmos3_nano_v2a011_seed8300_paired_model_prediction.mp4,699636,61c8664966304813f96ad59932879ba8f4fe094176e055b279a719feabe40938,artifacts/vla_wam_shared_v2/media/cosmos3_nano_policy_droid_v2a011/media_manifest.json
WAM,Cosmos3-Super base,DROID / RoboLab conditioning image only,prediction-only interface probe,canonical gallery,artifacts/vla_wam_shared_v2/media/cosmos3_super_base_v2a014/cosmos3_super_v2a014_paired_prediction_and_actions.mp4,423424,b43e6df303cca34367c57515cc5191668d5bf9c88b5d4d9825d44e56c7dd2bc1,artifacts/vla_wam_shared_v2/media/cosmos3_super_base_v2a014/media_manifest.json
WAM,DreamZero DROID,DROID / RoboLab,actual rollout,canonical gallery,artifacts/vla_wam_shared_v2/media/dreamzero_droid/dreamzero_droid_seed8300_paired.mp4,261958,cc00f5b5de10152b73d6a86d76c99ac3970dfa2a1d021b53f49d0ecf7e2231d2,artifacts/vla_wam_shared_v2/media/dreamzero_droid/media_manifest.json
WAM,DreamZero DROID,DROID / RoboLab,actual rollout,canonical gallery,artifacts/vla_wam_shared_v2/media/dreamzero_droid/dreamzero_droid_seed8301_paired.mp4,466133,f885b845365a990cd700350f0e5e2b773930217cfcc455a8e665850ac80025ec,artifacts/vla_wam_shared_v2/media/dreamzero_droid/media_manifest.json
WAM,DreamZero DROID,DROID / RoboLab,actual rollout,canonical gallery,artifacts/vla_wam_shared_v2/media/dreamzero_droid/dreamzero_droid_seed8302_paired.mp4,457648,e9feb9ccdb3c8935f87ddf251327f95d9d93400719d25d8a91de04cd0fc6bb71,artifacts/vla_wam_shared_v2/media/dreamzero_droid/media_manifest.json
WAM,DreamZero DROID,DROID / RoboLab,model prediction / imagination,complete decode archive,artifacts/vla_wam_shared_v2/media/dreamzero_droid/imagination/official_decodes/behavioral_seed8300_left_official_decode.mp4,2485564,b28cbcfc69d131107f5987ea04f9a50864602015e09fd60fbfdb6789a831c5c3,artifacts/vla_wam_shared_v2/media/dreamzero_droid/imagination/imagination_media_manifest.json
WAM,DreamZero DROID,DROID / RoboLab,model prediction / imagination,complete decode archive,artifacts/vla_wam_shared_v2/media/dreamzero_droid/imagination/official_decodes/behavioral_seed8300_right_official_decode.mp4,2528227,806f9323708538b302afe307af9bb2b4c7285816f268498c2bb03c13a074bb83,artifacts/vla_wam_shared_v2/media/dreamzero_droid/imagination/imagination_media_manifest.json
WAM,DreamZero DROID,DROID / RoboLab,model prediction / imagination,complete decode archive,artifacts/vla_wam_shared_v2/media/dreamzero_droid/imagination/official_decodes/behavioral_seed8301_left_official_decode.mp4,5153669,41c24b9d997277aaaafceb276c947ba37a990f32a64a013f5d12c9e7be2932bb,artifacts/vla_wam_shared_v2/media/dreamzero_droid/imagination/imagination_media_manifest.json
WAM,DreamZero DROID,DROID / RoboLab,model prediction / imagination,complete decode archive,artifacts/vla_wam_shared_v2/media/dreamzero_droid/imagination/official_decodes/behavioral_seed8301_right_official_decode.mp4,5357824,eb6a4b8703e844458b89612907473526df406f335f29c4819ce7815868a5e6b7,artifacts/vla_wam_shared_v2/media/dreamzero_droid/imagination/imagination_media_manifest.json
WAM,DreamZero DROID,DROID / RoboLab,model prediction / imagination,complete decode archive,artifacts/vla_wam_shared_v2/media/dreamzero_droid/imagination/official_decodes/behavioral_seed8302_left_official_decode.mp4,3906776,7a5b76ee925cdeeae12d19c18266fa9ca9704adcc0aac91794ca4ecc46bdfccd,artifacts/vla_wam_shared_v2/media/dreamzero_droid/imagination/imagination_media_manifest.json
WAM,DreamZero DROID,DROID / RoboLab,model prediction / imagination,complete decode archive,artifacts/vla_wam_shared_v2/media/dreamzero_droid/imagination/official_decodes/behavioral_seed8302_right_official_decode.mp4,5289740,60f0139c63dda97c2f98ee38aaa0e842488280d37711c070d00317aa00252c37,artifacts/vla_wam_shared_v2/media/dreamzero_droid/imagination/imagination_media_manifest.json
WAM,DreamZero DROID,DROID / RoboLab,model prediction / imagination,complete decode archive,artifacts/vla_wam_shared_v2/media/dreamzero_droid/imagination/official_decodes/fixed_probe_left_a_official_decode.mp4,98878,6abcdd9cb48f4ce01339fb4e23e8113a2e42724ca8404b1f7f194efa98c14f64,artifacts/vla_wam_shared_v2/media/dreamzero_droid/imagination/imagination_media_manifest.json
WAM,DreamZero DROID,DROID / RoboLab,model prediction / imagination,complete decode archive,artifacts/vla_wam_shared_v2/media/dreamzero_droid/imagination/official_decodes/fixed_probe_left_b_exact_repeat_official_decode.mp4,98878,6abcdd9cb48f4ce01339fb4e23e8113a2e42724ca8404b1f7f194efa98c14f64,artifacts/vla_wam_shared_v2/media/dreamzero_droid/imagination/imagination_media_manifest.json
WAM,DreamZero DROID,DROID / RoboLab,model prediction / imagination,complete decode archive,artifacts/vla_wam_shared_v2/media/dreamzero_droid/imagination/official_decodes/fixed_probe_right_official_decode.mp4,103765,0d32aaca8d6dc9b493847bf2f73f88e941728c6d2e48147f15112e3e86ae1c62,artifacts/vla_wam_shared_v2/media/dreamzero_droid/imagination/imagination_media_manifest.json
WAM,DreamZero DROID,DROID / RoboLab,model prediction / imagination,canonical paired comparison,artifacts/vla_wam_shared_v2/media/dreamzero_droid/imagination/paired/dreamzero_seed8300_left_right_imagined_futures.mp4,3644841,869db8d72d3066ba417f3088f06f53c76ed3741164ca601d5831d6a8fd6d0e45,artifacts/vla_wam_shared_v2/media/dreamzero_droid/imagination/imagination_media_manifest.json
WAM,DreamZero DROID,DROID / RoboLab,model prediction / imagination,canonical paired comparison,artifacts/vla_wam_shared_v2/media/dreamzero_droid/imagination/paired/dreamzero_seed8301_left_right_imagined_futures.mp4,7576193,7106b2ff4811c508ef53e669f17eacb2c6ed26d144495dd51cfb42d8c395c45a,artifacts/vla_wam_shared_v2/media/dreamzero_droid/imagination/imagination_media_manifest.json
WAM,DreamZero DROID,DROID / RoboLab,model prediction / imagination,canonical paired comparison,artifacts/vla_wam_shared_v2/media/dreamzero_droid/imagination/paired/dreamzero_seed8302_left_right_imagined_futures.mp4,6646528,4155ae6184d16ceb57dffebf4c5450a1f50d6c17ad6cc725992c87fef35942fc,artifacts/vla_wam_shared_v2/media/dreamzero_droid/imagination/imagination_media_manifest.json
VLA,π0-FAST DROID — historical frozen-stack reference,DROID / RoboLab,actual rollout,canonical gallery,artifacts/vla_wam_shared_v2/media/droid_pi0_fast_pairs/pi0_fast_seed8300_left_failure_right_success.mp4,1407040,84a424cdfb796bbce02a88eb6d9a22de74fc3b264b4a103bece09aea99ed3a6a,artifacts/vla_wam_shared_v2/media/droid_pi0_fast_pairs/media_index.json
VLA,π0-FAST DROID — historical frozen-stack reference,DROID / RoboLab,actual rollout,alternate square encode,artifacts/vla_wam_shared_v2/media/droid_pi0_fast_pairs/pi0_fast_seed8300_left_failure_right_success_1200x1200.mp4,887242,d9eef591684d6cda2983559368dce46f9d96a306810caa33dd743ae1526bc500,
VLA,GR00T N1.7 DROID,DROID / RoboLab,actual rollout,canonical gallery,artifacts/vla_wam_shared_v2/media/groot_n17_droid/groot_n17_droid_seed8301_pair.mp4,3546735,3ff5ac38d8bd224f336531b93c09cd77dee565ab724647f4019a8b2e5d60600d,artifacts/vla_wam_shared_v2/media/groot_n17_droid/media_index.json
WAM,Light-WAM,RoboTwin place-A-relative-to-B,actual rollout,canonical gallery,artifacts/vla_wam_shared_v2/media/light_wam_robotwin/light_wam_pair00_left_success_right_failure.mp4,1634716,1830c4a0339ffc47eebb38eb4f14a00b7adb8a507cf130e3dc3c1700fa299386,artifacts/vla_wam_shared_v2/media/light_wam_robotwin/media_manifest.json
VLA,π0.5 DROID — current-stack V2-A010,DROID / RoboLab,actual rollout,canonical gallery,artifacts/vla_wam_shared_v2/media/pi05_current_stack_v2a010/pi05_current_stack_v2a010_seed8300_paired_actual.mp4,2655507,1195a4f5bafc20d099644dc6c150d69113b1c88ed03d566308a7c7e7d61e294d,artifacts/vla_wam_shared_v2/media/pi05_current_stack_v2a010/media_manifest.json
WAM,Efficient-WAM-RT,RoboTwin place-A-relative-to-B,actual rollout,canonical gallery,artifacts/vla_wam_shared_v2/media/robotwin_wam_confirmation/efficient_wam_rt_pair05_left_right_both_success.mp4,183829,bbc833fc1faf84f38bd8307b8d7f6b73d0fad957ce5a822c7f07a1db6ba2e1a4,artifacts/vla_wam_shared_v2/media/robotwin_wam_confirmation/media_index.json
WAM,LingBot-VA,RoboTwin place-A-relative-to-B,actual rollout,canonical gallery,artifacts/vla_wam_shared_v2/media/robotwin_wam_confirmation/lingbot_va_pair03_left_right_normalized_full_rollouts.mp4,539046,074abb4d5ef3b39328535d6e86037c680da5afb45384884745df0624bcc09341,artifacts/vla_wam_shared_v2/media/robotwin_wam_confirmation/media_index.json
WAM,Efficient-WAM-RT,RoboTwin place-A-relative-to-B,actual rollout,canonical gallery,artifacts/vla_wam_shared_v2/media/robotwin_wam_pairs/efficient_wam_rt_pair00_left_success_right_failure.mp4,854683,bad140d1872ee904bd364c0f8c022b7e5944e3c7529d68f43b93ae72a194a7aa,artifacts/vla_wam_shared_v2/media/robotwin_wam_pairs/media_index.json
WAM,Efficient-WAM-RT,RoboTwin place-A-relative-to-B,actual rollout,alternate square encode,artifacts/vla_wam_shared_v2/media/robotwin_wam_pairs/efficient_wam_rt_pair00_left_success_right_failure_1200x1200.mp4,650591,e993d6999b8f63f63b5860fdb0a4c0e6382cc8b614f8e5db0846edd659216b89,
WAM,FastWAM,RoboTwin place-A-relative-to-B,actual rollout,canonical gallery,artifacts/vla_wam_shared_v2/media/robotwin_wam_pairs/fastwam_pair02_left_success_right_failure.mp4,4400504,7a152b61292fdfe9d341950d4448dce4c8c5d4b797aa073b246bafafbaaae4f2,artifacts/vla_wam_shared_v2/media/robotwin_wam_pairs/media_index.json
WAM,FastWAM,RoboTwin place-A-relative-to-B,actual rollout,alternate square encode,artifacts/vla_wam_shared_v2/media/robotwin_wam_pairs/fastwam_pair02_left_success_right_failure_1200x1200.mp4,3121167,1140ee60cea2b60c7bac244fe715b837874e315bcd7cdcab7dab0343618a38a3,
WAM,FastWAM,RoboTwin place-A-relative-to-B,actual rollout,reconstruction component,artifacts/vla_wam_shared_v2/media/robotwin_wam_pairs/fastwam_pair02_left_success_right_failure_left_reconstructed_head.mp4,423336,6ab636ebf99c61221052982031ceedc83efc9a9bdc89b3df0a633f2bf59b2f15,
WAM,FastWAM,RoboTwin place-A-relative-to-B,actual rollout,reconstruction component,artifacts/vla_wam_shared_v2/media/robotwin_wam_pairs/fastwam_pair02_left_success_right_failure_right_reconstructed_head.mp4,1223296,b756bada8a6ba7cd9056048feeef72af6af8a585096599bd8053a41e5a2c56b8,
WAM,LingBot-VA,RoboTwin place-A-relative-to-B,actual rollout,canonical gallery,artifacts/vla_wam_shared_v2/media/robotwin_wam_pairs/lingbot_va_pair00_left_success_right_failure.mp4,2822783,d7f5addbfbf0074a2e116d197b12b679e5489e81dd0120334221347c406c8a0b,artifacts/vla_wam_shared_v2/media/robotwin_wam_pairs/media_index.json
WAM,LingBot-VA,RoboTwin place-A-relative-to-B,actual rollout,alternate square encode,artifacts/vla_wam_shared_v2/media/robotwin_wam_pairs/lingbot_va_pair00_left_success_right_failure_1200x1200.mp4,1952844,1d8bc1eea79cd7a274fed1dd8338f51f5b8d1d9b5ac75fdc3a9f9fdb18021064,
VLA,LingBot-VLA 4B,RoboTwin place-A-relative-to-B,actual rollout,canonical gallery,artifacts/vla_wam_shared_v2/pilot/expansion/media/lingbot_vla_4b_pair00_matched.mp4,105124,6fdf9383bcee0abf5cd6910afd477b3aa6bd69a0fd36ee4b8ab3eaf059b697ae,artifacts/vla_wam_shared_v2/pilot/expansion/lingbot_vla_4b_direct_gate.json
