episode_id,family,policy_id,block_id,goal,scenario,accepted_valid,success,failure_stage,failure_label,trigger_eligible,event_delivered,event_observed,motion_truncated_by_release,intervention_exposure_label
online_correction_v4-C7-b000-0f7d332241178968,C7,cosmos3_nano_droid,0,front,move_stop,1,0,pickup,no_grasp,0,0,0,0,
online_correction_v4-C7-b000-223a77b823bd05ad,C7,cosmos3_nano_droid,0,behind,move_stop,1,0,pickup,no_grasp,0,0,0,0,
online_correction_v4-C7-b000-357a87b15e3e008a,C7,cosmos3_nano_droid,0,left,destination_static,1,0,pickup,no_grasp,0,0,0,0,
online_correction_v4-C7-b000-57ace99812464a9d,C7,cosmos3_nano_droid,0,front,original_sham,1,0,pickup,no_grasp,0,0,0,0,
online_correction_v4-C7-b000-73e4ddd92ed640e3,C7,cosmos3_nano_droid,0,left,original_sham,1,0,pickup,no_grasp,0,0,0,0,
online_correction_v4-C7-b000-80a851d13d29ce40,C7,cosmos3_nano_droid,0,behind,destination_static,1,0,pickup,no_grasp,0,0,0,0,
online_correction_v4-C7-b000-845b0436b052923e,C7,cosmos3_nano_droid,0,right,original_sham,1,0,pickup,no_grasp,0,0,0,0,
online_correction_v4-C7-b000-a5af515ad613af78,C7,cosmos3_nano_droid,0,behind,original_sham,1,0,pickup,no_grasp,0,0,0,0,
online_correction_v4-C7-b000-ad5ad35713d67965,C7,cosmos3_nano_droid,0,right,destination_static,1,0,pickup,no_grasp,0,0,0,0,
online_correction_v4-C7-b000-e0d5b70e939705f3,C7,cosmos3_nano_droid,0,front,destination_static,1,0,pickup,no_grasp,0,0,0,0,
online_correction_v4-C7-b000-f2edd0becad33890,C7,cosmos3_nano_droid,0,right,move_stop,1,0,pickup,no_grasp,0,0,0,0,
online_correction_v4-C7-b000-f76a587dea91ab28,C7,cosmos3_nano_droid,0,left,move_stop,1,0,pickup,no_grasp,0,0,0,0,
online_correction_v4-C7-b001-0a9387ed28965137,C7,cosmos3_nano_droid,1,left,destination_static,1,0,pickup,no_grasp,0,0,0,0,
online_correction_v4-C7-b001-1dde9da39c949b4d,C7,cosmos3_nano_droid,1,front,original_sham,1,0,pickup,no_grasp,0,0,0,0,
online_correction_v4-C7-b001-23759382d571e35f,C7,cosmos3_nano_droid,1,right,move_stop,1,0,pickup,no_grasp,0,0,0,0,
online_correction_v4-C7-b001-2b7335a420143b5d,C7,cosmos3_nano_droid,1,front,move_stop,1,0,pickup,no_grasp,0,0,0,0,
online_correction_v4-C7-b001-2f0c8c20bd169966,C7,cosmos3_nano_droid,1,front,destination_static,1,0,pickup,no_grasp,0,0,0,0,
online_correction_v4-C7-b001-38437245ea522d64,C7,cosmos3_nano_droid,1,behind,original_sham,1,0,pickup,no_grasp,0,0,0,0,
online_correction_v4-C7-b001-38f5b638edfaa054,C7,cosmos3_nano_droid,1,behind,destination_static,1,0,pickup,no_grasp,0,0,0,0,
online_correction_v4-C7-b001-4e1d003f60685724,C7,cosmos3_nano_droid,1,left,move_stop,1,0,pickup,no_grasp,0,0,0,0,
online_correction_v4-C7-b001-5d0b15e2c5a93afc,C7,cosmos3_nano_droid,1,behind,move_stop,1,0,pickup,no_grasp,0,0,0,0,
online_correction_v4-C7-b001-5e75205fcfec894a,C7,cosmos3_nano_droid,1,right,destination_static,1,0,pickup,no_grasp,0,0,0,0,
online_correction_v4-C7-b001-62a2cb7640780ff0,C7,cosmos3_nano_droid,1,left,original_sham,1,0,pickup,no_grasp,0,0,0,0,
online_correction_v4-C7-b001-67447eec625901e1,C7,cosmos3_nano_droid,1,right,original_sham,1,0,pickup,no_grasp,0,0,0,0,
online_correction_v4-C7-b002-1bd2eadaadabe79c,C7,cosmos3_nano_droid,2,right,move_stop,1,0,pickup,no_grasp,0,0,0,0,
online_correction_v4-C7-b002-3dc9e911ec4b96e2,C7,cosmos3_nano_droid,2,front,destination_static,1,0,pickup,no_grasp,0,0,0,0,
online_correction_v4-C7-b002-4601b07dfb0a6e39,C7,cosmos3_nano_droid,2,right,destination_static,1,0,pickup,no_grasp,0,0,0,0,
online_correction_v4-C7-b002-63ee7f10790c8629,C7,cosmos3_nano_droid,2,behind,original_sham,1,0,pickup,no_grasp,0,0,0,0,
online_correction_v4-C7-b002-645454dd2fd4115d,C7,cosmos3_nano_droid,2,left,destination_static,1,0,pickup,no_grasp,0,0,0,0,
online_correction_v4-C7-b002-720c173bba15de57,C7,cosmos3_nano_droid,2,left,original_sham,1,0,pickup,no_grasp,0,0,0,0,
online_correction_v4-C7-b002-7beb190fb941b162,C7,cosmos3_nano_droid,2,right,original_sham,1,0,pickup,no_grasp,0,0,0,0,
online_correction_v4-C7-b002-c8b699c207f6fb5d,C7,cosmos3_nano_droid,2,front,move_stop,1,0,pickup,no_grasp,0,0,0,0,
online_correction_v4-C7-b002-d03651e6900234bf,C7,cosmos3_nano_droid,2,left,move_stop,1,0,pickup,no_grasp,0,0,0,0,
online_correction_v4-C7-b002-d213a500be3a656a,C7,cosmos3_nano_droid,2,front,original_sham,1,0,pickup,no_grasp,0,0,0,0,
online_correction_v4-C7-b002-d5bcf60fec46a4cb,C7,cosmos3_nano_droid,2,behind,move_stop,1,0,pickup,no_grasp,0,0,0,0,
online_correction_v4-C7-b002-e6a179864b89a264,C7,cosmos3_nano_droid,2,behind,destination_static,1,0,pickup,no_grasp,0,0,0,0,
online_correction_v4-C7-b003-000f246c9a0cd20e,C7,cosmos3_nano_droid,3,left,original_sham,1,0,pickup,no_grasp,0,0,0,0,
online_correction_v4-C7-b003-16fc1138b338e280,C7,cosmos3_nano_droid,3,front,move_stop,1,0,pickup,no_grasp,0,0,0,0,
online_correction_v4-C7-b003-29c1445b368706c1,C7,cosmos3_nano_droid,3,behind,move_stop,1,0,pickup,no_grasp,0,0,0,0,
online_correction_v4-C7-b003-30ab094d19fd13cf,C7,cosmos3_nano_droid,3,behind,destination_static,1,0,pickup,no_grasp,0,0,0,0,
online_correction_v4-C7-b003-3c5687743bb17801,C7,cosmos3_nano_droid,3,front,destination_static,1,0,pickup,no_grasp,0,0,0,0,
online_correction_v4-C7-b003-8b6fcdec62f503cf,C7,cosmos3_nano_droid,3,right,move_stop,1,0,pickup,no_grasp,0,0,0,0,
online_correction_v4-C7-b003-9566bd7dfb261849,C7,cosmos3_nano_droid,3,front,original_sham,1,0,pickup,no_grasp,0,0,0,0,
online_correction_v4-C7-b003-ab67cbbe96539bcd,C7,cosmos3_nano_droid,3,behind,original_sham,1,0,pickup,no_grasp,0,0,0,0,
online_correction_v4-C7-b003-c4530f6af03f9120,C7,cosmos3_nano_droid,3,left,destination_static,1,0,pickup,no_grasp,0,0,0,0,
online_correction_v4-C7-b003-c5ca38e8634cc777,C7,cosmos3_nano_droid,3,right,destination_static,1,0,pickup,no_grasp,0,0,0,0,
online_correction_v4-C7-b003-cbb692a25d828131,C7,cosmos3_nano_droid,3,left,move_stop,1,0,pickup,no_grasp,0,0,0,0,
online_correction_v4-C7-b003-fb1ce69b5e4369c5,C7,cosmos3_nano_droid,3,right,original_sham,1,0,pickup,no_grasp,0,0,0,0,
online_correction_v4-C7-b004-11f6eee8acf105f2,C7,cosmos3_nano_droid,4,front,destination_static,1,0,pickup,no_grasp,0,0,0,0,
online_correction_v4-C7-b004-12f170fbce1d1136,C7,cosmos3_nano_droid,4,right,original_sham,1,0,pickup,no_grasp,0,0,0,0,
online_correction_v4-C7-b004-2dc5c646076b7734,C7,cosmos3_nano_droid,4,left,move_stop,1,0,pickup,no_grasp,0,0,0,0,
online_correction_v4-C7-b004-2ea551735b646d03,C7,cosmos3_nano_droid,4,front,original_sham,1,0,pickup,no_grasp,0,0,0,0,
online_correction_v4-C7-b004-2fd0c698e8b63d32,C7,cosmos3_nano_droid,4,left,destination_static,1,0,pickup,no_grasp,0,0,0,0,
online_correction_v4-C7-b004-37945d6300d12157,C7,cosmos3_nano_droid,4,right,move_stop,1,0,pickup,no_grasp,0,0,0,0,
online_correction_v4-C7-b004-3c561063b5ca236d,C7,cosmos3_nano_droid,4,behind,destination_static,1,0,pickup,no_grasp,0,0,0,0,
online_correction_v4-C7-b004-5dd92ecad5813b2b,C7,cosmos3_nano_droid,4,front,move_stop,1,0,pickup,no_grasp,0,0,0,0,
online_correction_v4-C7-b004-97ea9e37f39c9edc,C7,cosmos3_nano_droid,4,behind,move_stop,1,0,pickup,no_grasp,0,0,0,0,
online_correction_v4-C7-b004-b1d087be3e9547b2,C7,cosmos3_nano_droid,4,left,original_sham,1,0,pickup,no_grasp,0,0,0,0,
online_correction_v4-C7-b004-c67d559d8d32b862,C7,cosmos3_nano_droid,4,behind,original_sham,1,0,pickup,no_grasp,0,0,0,0,
online_correction_v4-C7-b004-c9917ddfdf9903d3,C7,cosmos3_nano_droid,4,right,destination_static,1,0,pickup,no_grasp,0,0,0,0,
online_correction_v4-C7-b005-1c38ae9e89f7781b,C7,cosmos3_nano_droid,5,behind,destination_static,1,0,pickup,no_grasp,0,0,0,0,
online_correction_v4-C7-b005-49c4bf47f147dfef,C7,cosmos3_nano_droid,5,front,original_sham,1,0,pickup,no_grasp,0,0,0,0,
online_correction_v4-C7-b005-6c0c8dfb32becc8b,C7,cosmos3_nano_droid,5,front,destination_static,1,0,pickup,no_grasp,0,0,0,0,
online_correction_v4-C7-b005-6fa43f76ff61c0e0,C7,cosmos3_nano_droid,5,left,original_sham,1,0,pickup,no_grasp,0,0,0,0,
online_correction_v4-C7-b005-706f88f436dfe87a,C7,cosmos3_nano_droid,5,right,move_stop,1,0,pickup,no_grasp,0,0,0,0,
online_correction_v4-C7-b005-88705cf10700b262,C7,cosmos3_nano_droid,5,left,destination_static,1,0,pickup,no_grasp,0,0,0,0,
online_correction_v4-C7-b005-bb36f5bad29a5482,C7,cosmos3_nano_droid,5,right,destination_static,1,0,pickup,no_grasp,0,0,0,0,
online_correction_v4-C7-b005-c0905c4f190e7178,C7,cosmos3_nano_droid,5,left,move_stop,1,0,pickup,no_grasp,0,0,0,0,
online_correction_v4-C7-b005-c54725f69a841c51,C7,cosmos3_nano_droid,5,behind,original_sham,1,0,pickup,no_grasp,0,0,0,0,
online_correction_v4-C7-b005-d67da66cc1ff31c0,C7,cosmos3_nano_droid,5,front,move_stop,1,0,pickup,no_grasp,0,0,0,0,
online_correction_v4-C7-b005-e9bcf6992d55f55d,C7,cosmos3_nano_droid,5,right,original_sham,1,0,pickup,no_grasp,0,0,0,0,
online_correction_v4-C7-b005-ed45ace0bfbe31e8,C7,cosmos3_nano_droid,5,behind,move_stop,1,0,pickup,no_grasp,0,0,0,0,
online_correction_v4-C7-b006-06fa78e79e1cafce,C7,cosmos3_nano_droid,6,right,destination_static,1,0,pickup,no_grasp,0,0,0,0,
online_correction_v4-C7-b006-0ea2d5bc4c66e38d,C7,cosmos3_nano_droid,6,behind,move_stop,1,0,pickup,no_grasp,0,0,0,0,
online_correction_v4-C7-b006-114087e08af9da30,C7,cosmos3_nano_droid,6,front,move_stop,1,0,pickup,no_grasp,0,0,0,0,
online_correction_v4-C7-b006-12a40c2520d97ba2,C7,cosmos3_nano_droid,6,left,original_sham,1,0,pickup,no_grasp,0,0,0,0,
online_correction_v4-C7-b006-32a0da485a17a9ce,C7,cosmos3_nano_droid,6,behind,original_sham,1,0,pickup,no_grasp,0,0,0,0,
online_correction_v4-C7-b006-4c48e2677692d6a8,C7,cosmos3_nano_droid,6,left,move_stop,1,0,pickup,no_grasp,0,0,0,0,
online_correction_v4-C7-b006-5853a8223c5f12c8,C7,cosmos3_nano_droid,6,behind,destination_static,1,0,pickup,no_grasp,0,0,0,0,
online_correction_v4-C7-b006-5a495a641b34fff4,C7,cosmos3_nano_droid,6,right,move_stop,1,0,pickup,no_grasp,0,0,0,0,
online_correction_v4-C7-b006-614d6bba507ba6e3,C7,cosmos3_nano_droid,6,left,destination_static,1,0,pickup,no_grasp,0,0,0,0,
online_correction_v4-C7-b006-64914a052e6f1dbc,C7,cosmos3_nano_droid,6,right,original_sham,1,0,pickup,no_grasp,0,0,0,0,
online_correction_v4-C7-b006-bbfaf68dee266a5d,C7,cosmos3_nano_droid,6,front,destination_static,1,0,pickup,no_grasp,0,0,0,0,
online_correction_v4-C7-b006-d21402f6543fd66d,C7,cosmos3_nano_droid,6,front,original_sham,1,0,pickup,no_grasp,0,0,0,0,
online_correction_v4-C7-b007-0295b94be404b2aa,C7,cosmos3_nano_droid,7,front,destination_static,1,0,pickup,no_grasp,0,0,0,0,
online_correction_v4-C7-b007-19d2174b4b6c9a35,C7,cosmos3_nano_droid,7,behind,move_stop,1,0,pickup,no_grasp,0,0,0,0,
online_correction_v4-C7-b007-3535643f8eacd794,C7,cosmos3_nano_droid,7,right,original_sham,1,0,pickup,no_grasp,0,0,0,0,
online_correction_v4-C7-b007-3e4fffaf42d453ae,C7,cosmos3_nano_droid,7,left,move_stop,1,0,pickup,no_grasp,0,0,0,0,
online_correction_v4-C7-b007-4aa9fe0f7ac78c50,C7,cosmos3_nano_droid,7,front,original_sham,1,0,pickup,no_grasp,0,0,0,0,
online_correction_v4-C7-b007-8d51b8fdfb216332,C7,cosmos3_nano_droid,7,front,move_stop,1,0,pickup,no_grasp,0,0,0,0,
online_correction_v4-C7-b007-917805b08314d507,C7,cosmos3_nano_droid,7,behind,original_sham,1,0,pickup,no_grasp,0,0,0,0,
online_correction_v4-C7-b007-981ef88659c3738e,C7,cosmos3_nano_droid,7,left,original_sham,1,0,pickup,no_grasp,0,0,0,0,
online_correction_v4-C7-b007-c0fde7c336f16a52,C7,cosmos3_nano_droid,7,right,destination_static,1,0,pickup,no_grasp,0,0,0,0,
online_correction_v4-C7-b007-c2a0fcf4997da72f,C7,cosmos3_nano_droid,7,behind,destination_static,1,0,pickup,no_grasp,0,0,0,0,
online_correction_v4-C7-b007-c4a0ad25352d93d4,C7,cosmos3_nano_droid,7,right,move_stop,1,0,pickup,no_grasp,0,0,0,0,
online_correction_v4-C7-b007-d97b832b98273438,C7,cosmos3_nano_droid,7,left,destination_static,1,0,pickup,no_grasp,0,0,0,0,
online_correction_v4-C7-b008-0bdf43336790cc69,C7,cosmos3_nano_droid,8,behind,move_stop,1,0,pickup,no_grasp,0,0,0,0,
online_correction_v4-C7-b008-1e01d341d28a886b,C7,cosmos3_nano_droid,8,left,destination_static,1,0,pickup,no_grasp,0,0,0,0,
online_correction_v4-C7-b008-322b963bef827886,C7,cosmos3_nano_droid,8,front,original_sham,1,0,pickup,no_grasp,0,0,0,0,
online_correction_v4-C7-b008-3b32a7b7dc41e412,C7,cosmos3_nano_droid,8,right,move_stop,1,0,pickup,no_grasp,0,0,0,0,
online_correction_v4-C7-b008-679c34024ab1834b,C7,cosmos3_nano_droid,8,right,destination_static,1,0,pickup,no_grasp,0,0,0,0,
online_correction_v4-C7-b008-6eaba5e2036e376c,C7,cosmos3_nano_droid,8,right,original_sham,1,0,pickup,no_grasp,0,0,0,0,
online_correction_v4-C7-b008-92f4bd9672bd3f68,C7,cosmos3_nano_droid,8,front,move_stop,1,0,pickup,no_grasp,0,0,0,0,
online_correction_v4-C7-b008-b7f50bec4400a84a,C7,cosmos3_nano_droid,8,left,move_stop,1,0,pickup,no_grasp,0,0,0,0,
online_correction_v4-C7-b008-c96faadc6e9d8395,C7,cosmos3_nano_droid,8,front,destination_static,1,0,pickup,no_grasp,0,0,0,0,
online_correction_v4-C7-b008-d963825364ab3211,C7,cosmos3_nano_droid,8,behind,destination_static,1,0,pickup,no_grasp,0,0,0,0,
online_correction_v4-C7-b008-e8cd03881b9fc8ff,C7,cosmos3_nano_droid,8,left,original_sham,1,0,pickup,no_grasp,0,0,0,0,
online_correction_v4-C7-b008-fcd72d47dc82d902,C7,cosmos3_nano_droid,8,behind,original_sham,1,0,pickup,no_grasp,0,0,0,0,
online_correction_v4-C7-b009-0ae68f89438bbafb,C7,cosmos3_nano_droid,9,right,destination_static,1,0,pickup,no_grasp,0,0,0,0,
online_correction_v4-C7-b009-3a2315158dab1542,C7,cosmos3_nano_droid,9,left,move_stop,1,0,pickup,no_grasp,0,0,0,0,
online_correction_v4-C7-b009-4eb5236360e19d36,C7,cosmos3_nano_droid,9,front,original_sham,1,0,pickup,no_grasp,0,0,0,0,
online_correction_v4-C7-b009-6144bf387a9725e3,C7,cosmos3_nano_droid,9,front,move_stop,1,0,pickup,no_grasp,0,0,0,0,
online_correction_v4-C7-b009-655c8deaa124f242,C7,cosmos3_nano_droid,9,behind,original_sham,1,0,pickup,no_grasp,0,0,0,0,
online_correction_v4-C7-b009-8f87ee8e9ffe544f,C7,cosmos3_nano_droid,9,behind,move_stop,1,0,pickup,no_grasp,0,0,0,0,
online_correction_v4-C7-b009-9eca8c770c015354,C7,cosmos3_nano_droid,9,right,move_stop,1,0,pickup,no_grasp,0,0,0,0,
online_correction_v4-C7-b009-9fefd263ea417212,C7,cosmos3_nano_droid,9,behind,destination_static,1,0,pickup,no_grasp,0,0,0,0,
online_correction_v4-C7-b009-afcc5ac32398fcb3,C7,cosmos3_nano_droid,9,front,destination_static,1,0,pickup,no_grasp,0,0,0,0,
online_correction_v4-C7-b009-d0494ffb149962bf,C7,cosmos3_nano_droid,9,left,original_sham,1,0,pickup,no_grasp,0,0,0,0,
online_correction_v4-C7-b009-eafda623e2784a12,C7,cosmos3_nano_droid,9,right,original_sham,1,0,pickup,no_grasp,0,0,0,0,
online_correction_v4-C7-b009-f0956ad6c054b8af,C7,cosmos3_nano_droid,9,left,destination_static,1,0,pickup,no_grasp,0,0,0,0,
online_correction_v4-C7-b010-111606b2636ddec1,C7,cosmos3_nano_droid,10,front,move_stop,1,0,pickup,no_grasp,0,0,0,0,
online_correction_v4-C7-b010-4b0ff1d4038e8acd,C7,cosmos3_nano_droid,10,left,original_sham,1,0,pickup,no_grasp,0,0,0,0,
online_correction_v4-C7-b010-5076ae4dcd46856e,C7,cosmos3_nano_droid,10,right,move_stop,1,0,pickup,no_grasp,0,0,0,0,
online_correction_v4-C7-b010-5f0cc1ea3a0b8ffb,C7,cosmos3_nano_droid,10,right,original_sham,1,0,pickup,no_grasp,0,0,0,0,
online_correction_v4-C7-b010-6e7329235b7f617f,C7,cosmos3_nano_droid,10,behind,move_stop,1,0,pickup,no_grasp,0,0,0,0,
online_correction_v4-C7-b010-71ad5ae1bbeddb4c,C7,cosmos3_nano_droid,10,left,move_stop,1,0,pickup,no_grasp,0,0,0,0,
online_correction_v4-C7-b010-72825f0ec7c7fccd,C7,cosmos3_nano_droid,10,front,destination_static,1,0,pickup,no_grasp,0,0,0,0,
online_correction_v4-C7-b010-81121f1da0d9770d,C7,cosmos3_nano_droid,10,front,original_sham,1,0,pickup,no_grasp,0,0,0,0,
online_correction_v4-C7-b010-8e870d382e858562,C7,cosmos3_nano_droid,10,behind,destination_static,1,0,pickup,no_grasp,0,0,0,0,
online_correction_v4-C7-b010-a06d43d4b48b0701,C7,cosmos3_nano_droid,10,right,destination_static,1,0,pickup,no_grasp,0,0,0,0,
online_correction_v4-C7-b010-c8ae9d2cfeaa0eb2,C7,cosmos3_nano_droid,10,behind,original_sham,1,0,pickup,no_grasp,0,0,0,0,
online_correction_v4-C7-b010-d50e1137cc46fcfe,C7,cosmos3_nano_droid,10,left,destination_static,1,0,pickup,no_grasp,0,0,0,0,
online_correction_v4-C7-b011-0081e9bf9b0da756,C7,cosmos3_nano_droid,11,right,destination_static,1,0,pickup,no_grasp,0,0,0,0,
online_correction_v4-C7-b011-1f23ef86ba89f0b4,C7,cosmos3_nano_droid,11,left,original_sham,1,0,pickup,no_grasp,0,0,0,0,
online_correction_v4-C7-b011-576de2375cbe0efb,C7,cosmos3_nano_droid,11,right,move_stop,1,0,pickup,no_grasp,0,0,0,0,
online_correction_v4-C7-b011-597a5728f80b47e9,C7,cosmos3_nano_droid,11,front,original_sham,1,0,pickup,no_grasp,0,0,0,0,
online_correction_v4-C7-b011-74c65ef1dfda55c1,C7,cosmos3_nano_droid,11,behind,move_stop,1,0,pickup,no_grasp,0,0,0,0,
online_correction_v4-C7-b011-848c4e976e8b34a5,C7,cosmos3_nano_droid,11,behind,destination_static,1,0,pickup,no_grasp,0,0,0,0,
online_correction_v4-C7-b011-9fd5c4dd8d93bacf,C7,cosmos3_nano_droid,11,right,original_sham,1,0,pickup,no_grasp,0,0,0,0,
online_correction_v4-C7-b011-b2e8ff10ece980a3,C7,cosmos3_nano_droid,11,left,move_stop,1,0,pickup,no_grasp,0,0,0,0,
online_correction_v4-C7-b011-b68cdf72f4ecf9a4,C7,cosmos3_nano_droid,11,behind,original_sham,1,0,pickup,no_grasp,0,0,0,0,
online_correction_v4-C7-b011-bce22745d7a10c9f,C7,cosmos3_nano_droid,11,front,destination_static,1,0,pickup,no_grasp,0,0,0,0,
online_correction_v4-C7-b011-e7916ccf7c90f40f,C7,cosmos3_nano_droid,11,left,destination_static,1,0,pickup,no_grasp,0,0,0,0,
online_correction_v4-C7-b011-fc648c5f7c6556d6,C7,cosmos3_nano_droid,11,front,move_stop,1,0,pickup,no_grasp,0,0,0,0,
online_correction_v4-C7-b012-0485cf8cd1e77e37,C7,cosmos3_nano_droid,12,left,move_stop,1,0,pickup,no_grasp,0,0,0,0,
online_correction_v4-C7-b012-19d5bdb3c070dad9,C7,cosmos3_nano_droid,12,front,move_stop,1,0,pickup,no_grasp,0,0,0,0,
online_correction_v4-C7-b012-1dab450bb90aa275,C7,cosmos3_nano_droid,12,left,destination_static,1,0,pickup,no_grasp,0,0,0,0,
online_correction_v4-C7-b012-321374ea028cb1a3,C7,cosmos3_nano_droid,12,right,move_stop,1,0,pickup,no_grasp,0,0,0,0,
online_correction_v4-C7-b012-58c50311b445e013,C7,cosmos3_nano_droid,12,behind,original_sham,1,0,pickup,no_grasp,0,0,0,0,
online_correction_v4-C7-b012-9a61aca1074fdfb3,C7,cosmos3_nano_droid,12,front,destination_static,1,0,pickup,no_grasp,0,0,0,0,
online_correction_v4-C7-b012-9b20ab7468b48803,C7,cosmos3_nano_droid,12,front,original_sham,1,0,pickup,no_grasp,0,0,0,0,
online_correction_v4-C7-b012-b26ba4a1a7c14412,C7,cosmos3_nano_droid,12,right,destination_static,1,0,pickup,no_grasp,0,0,0,0,
online_correction_v4-C7-b012-b6650fd07a38aa77,C7,cosmos3_nano_droid,12,right,original_sham,1,0,pickup,no_grasp,0,0,0,0,
online_correction_v4-C7-b012-b7212b94090c046d,C7,cosmos3_nano_droid,12,behind,move_stop,1,0,pickup,no_grasp,0,0,0,0,
online_correction_v4-C7-b012-d36cd841d25b4dad,C7,cosmos3_nano_droid,12,behind,destination_static,1,0,pickup,no_grasp,0,0,0,0,
online_correction_v4-C7-b012-d6487477e28f26da,C7,cosmos3_nano_droid,12,left,original_sham,1,0,pickup,no_grasp,0,0,0,0,
online_correction_v4-C7-b013-0a2fdd4111441be7,C7,cosmos3_nano_droid,13,left,original_sham,1,0,pickup,no_grasp,0,0,0,0,
online_correction_v4-C7-b013-276f729c94c792d1,C7,cosmos3_nano_droid,13,behind,original_sham,1,0,pickup,no_grasp,0,0,0,0,
online_correction_v4-C7-b013-5f57512690249ec2,C7,cosmos3_nano_droid,13,front,original_sham,1,0,pickup,no_grasp,0,0,0,0,
online_correction_v4-C7-b013-68a90a3617668770,C7,cosmos3_nano_droid,13,behind,move_stop,1,0,pickup,no_grasp,0,0,0,0,
online_correction_v4-C7-b013-909921d47d506fc0,C7,cosmos3_nano_droid,13,left,move_stop,1,0,pickup,no_grasp,0,0,0,0,
online_correction_v4-C7-b013-9e1e7645136f48e2,C7,cosmos3_nano_droid,13,left,destination_static,1,0,pickup,no_grasp,0,0,0,0,
online_correction_v4-C7-b013-b3ea0eee1323ca62,C7,cosmos3_nano_droid,13,front,move_stop,1,0,pickup,no_grasp,0,0,0,0,
online_correction_v4-C7-b013-bb54e8a265bcc518,C7,cosmos3_nano_droid,13,right,destination_static,1,0,pickup,no_grasp,0,0,0,0,
online_correction_v4-C7-b013-cd1b401504ab1161,C7,cosmos3_nano_droid,13,behind,destination_static,1,0,pickup,no_grasp,0,0,0,0,
online_correction_v4-C7-b013-cdf31409c882ea8d,C7,cosmos3_nano_droid,13,front,destination_static,1,0,pickup,no_grasp,0,0,0,0,
online_correction_v4-C7-b013-db65abe8fcd78c47,C7,cosmos3_nano_droid,13,right,original_sham,1,0,pickup,no_grasp,0,0,0,0,
online_correction_v4-C7-b013-e61112c05a43ce58,C7,cosmos3_nano_droid,13,right,move_stop,1,0,pickup,no_grasp,0,0,0,0,
online_correction_v4-C7-b014-13a7f77ea63926d7,C7,cosmos3_nano_droid,14,left,original_sham,1,0,pickup,no_grasp,0,0,0,0,
online_correction_v4-C7-b014-2bd1aeb11b3007d2,C7,cosmos3_nano_droid,14,left,destination_static,1,0,pickup,no_grasp,0,0,0,0,
online_correction_v4-C7-b014-2f5265a1db3e3d78,C7,cosmos3_nano_droid,14,front,original_sham,1,0,pickup,no_grasp,0,0,0,0,
online_correction_v4-C7-b014-663d72462fa216f2,C7,cosmos3_nano_droid,14,behind,original_sham,1,0,pickup,no_grasp,0,0,0,0,
online_correction_v4-C7-b014-67c30a6e36035fe2,C7,cosmos3_nano_droid,14,left,move_stop,1,0,transport,transport_incomplete,0,0,0,0,
online_correction_v4-C7-b014-6fd5784c47735893,C7,cosmos3_nano_droid,14,right,original_sham,1,0,pickup,no_grasp,0,0,0,0,
online_correction_v4-C7-b014-734a4e45ae37f875,C7,cosmos3_nano_droid,14,right,move_stop,1,0,pickup,no_grasp,0,0,0,0,
online_correction_v4-C7-b014-9cd4aa406f48bfec,C7,cosmos3_nano_droid,14,front,move_stop,1,0,pickup,no_grasp,0,0,0,0,
online_correction_v4-C7-b014-b6de97f6320c1478,C7,cosmos3_nano_droid,14,right,destination_static,1,0,pickup,no_grasp,0,0,0,0,
online_correction_v4-C7-b014-c26db2ffd60ace4c,C7,cosmos3_nano_droid,14,front,destination_static,1,0,pickup,no_grasp,0,0,0,0,
online_correction_v4-C7-b014-de846b396b215c1a,C7,cosmos3_nano_droid,14,behind,destination_static,1,0,pickup,no_grasp,0,0,0,0,
online_correction_v4-C7-b014-e625fe0241d46e64,C7,cosmos3_nano_droid,14,behind,move_stop,1,0,pickup,no_grasp,0,0,0,0,
online_correction_v4-C7-b015-1d508aacd6ceb5a3,C7,cosmos3_nano_droid,15,left,move_stop,1,0,pickup,no_grasp,0,0,0,0,
online_correction_v4-C7-b015-27f9e4ad7b7cb201,C7,cosmos3_nano_droid,15,right,original_sham,1,0,pickup,no_grasp,0,0,0,0,
online_correction_v4-C7-b015-2b244dd37a7d7558,C7,cosmos3_nano_droid,15,left,destination_static,1,0,pickup,no_grasp,0,0,0,0,
online_correction_v4-C7-b015-43deb142e7505d54,C7,cosmos3_nano_droid,15,behind,original_sham,1,0,pickup,no_grasp,0,0,0,0,
online_correction_v4-C7-b015-5d3d7a20c96501ab,C7,cosmos3_nano_droid,15,right,move_stop,1,0,pickup,no_grasp,0,0,0,0,
online_correction_v4-C7-b015-6aca1250b53a04e2,C7,cosmos3_nano_droid,15,front,original_sham,1,0,pickup,no_grasp,0,0,0,0,
online_correction_v4-C7-b015-83e035b2d6f1bd6f,C7,cosmos3_nano_droid,15,behind,move_stop,1,0,pickup,no_grasp,0,0,0,0,
online_correction_v4-C7-b015-8f6cf004372c4e2c,C7,cosmos3_nano_droid,15,behind,destination_static,1,0,pickup,no_grasp,0,0,0,0,
online_correction_v4-C7-b015-91ec3086d86effe0,C7,cosmos3_nano_droid,15,right,destination_static,1,0,pickup,no_grasp,0,0,0,0,
online_correction_v4-C7-b015-978ff1481513fcf2,C7,cosmos3_nano_droid,15,front,destination_static,1,0,pickup,no_grasp,0,0,0,0,
online_correction_v4-C7-b015-a85eb448e8a1eb86,C7,cosmos3_nano_droid,15,front,move_stop,1,0,pickup,no_grasp,0,0,0,0,
online_correction_v4-C7-b015-b10d9ab7a1948807,C7,cosmos3_nano_droid,15,left,original_sham,1,0,pickup,no_grasp,0,0,0,0,
online_correction_v4-C7-b016-34cb4c5d423d1efc,C7,cosmos3_nano_droid,16,left,move_stop,1,0,pickup,no_grasp,0,0,0,0,
online_correction_v4-C7-b016-79bdd4209a091eaf,C7,cosmos3_nano_droid,16,behind,destination_static,1,0,pickup,no_grasp,0,0,0,0,
online_correction_v4-C7-b016-89c038ca43a7d96c,C7,cosmos3_nano_droid,16,right,original_sham,1,0,pickup,no_grasp,0,0,0,0,
online_correction_v4-C7-b016-8bac5989d7f1e634,C7,cosmos3_nano_droid,16,left,original_sham,1,0,pickup,no_grasp,0,0,0,0,
online_correction_v4-C7-b016-8cfa06781fe01b1c,C7,cosmos3_nano_droid,16,behind,original_sham,1,0,pickup,no_grasp,0,0,0,0,
online_correction_v4-C7-b016-8fa15b625e5b7f59,C7,cosmos3_nano_droid,16,left,destination_static,1,0,pickup,no_grasp,0,0,0,0,
online_correction_v4-C7-b016-b0e4ddc2a9440e0c,C7,cosmos3_nano_droid,16,front,destination_static,1,0,pickup,no_grasp,0,0,0,0,
online_correction_v4-C7-b016-b8d20cbf6ccf3e77,C7,cosmos3_nano_droid,16,front,original_sham,1,0,pickup,no_grasp,0,0,0,0,
online_correction_v4-C7-b016-cbba77e667dd35d9,C7,cosmos3_nano_droid,16,right,destination_static,1,0,pickup,no_grasp,0,0,0,0,
online_correction_v4-C7-b016-ec672554507f3930,C7,cosmos3_nano_droid,16,behind,move_stop,1,0,pickup,no_grasp,0,0,0,0,
online_correction_v4-C7-b016-f051dede8d4b8b22,C7,cosmos3_nano_droid,16,front,move_stop,1,0,pickup,no_grasp,0,0,0,0,
online_correction_v4-C7-b016-f588ae06b6a98e0f,C7,cosmos3_nano_droid,16,right,move_stop,1,0,pickup,no_grasp,0,0,0,0,
online_correction_v4-C7-b017-09d0c1d85ad55672,C7,cosmos3_nano_droid,17,behind,move_stop,1,0,pickup,no_grasp,0,0,0,0,
online_correction_v4-C7-b017-2c89cbc72af21c57,C7,cosmos3_nano_droid,17,left,destination_static,1,0,pickup,no_grasp,0,0,0,0,
online_correction_v4-C7-b017-300ed76386dec5a6,C7,cosmos3_nano_droid,17,front,destination_static,1,0,pickup,no_grasp,0,0,0,0,
online_correction_v4-C7-b017-3827b92811767d23,C7,cosmos3_nano_droid,17,right,destination_static,1,0,pickup,no_grasp,0,0,0,0,
online_correction_v4-C7-b017-490a60a2ee85501c,C7,cosmos3_nano_droid,17,behind,original_sham,1,0,pickup,no_grasp,0,0,0,0,
online_correction_v4-C7-b017-56263d2c1684c753,C7,cosmos3_nano_droid,17,left,original_sham,1,0,pickup,no_grasp,0,0,0,0,
online_correction_v4-C7-b017-9cc04dc8dc2616c1,C7,cosmos3_nano_droid,17,front,move_stop,1,0,pickup,no_grasp,0,0,0,0,
online_correction_v4-C7-b017-a07d630bc81446c9,C7,cosmos3_nano_droid,17,right,move_stop,1,0,pickup,no_grasp,0,0,0,0,
online_correction_v4-C7-b017-bb82f6684531e93a,C7,cosmos3_nano_droid,17,right,original_sham,1,0,pickup,no_grasp,0,0,0,0,
online_correction_v4-C7-b017-df5805b48b53fd1d,C7,cosmos3_nano_droid,17,front,original_sham,1,0,pickup,no_grasp,0,0,0,0,
online_correction_v4-C7-b017-e5fb73f9fe0bc25b,C7,cosmos3_nano_droid,17,behind,destination_static,1,0,pickup,no_grasp,0,0,0,0,
online_correction_v4-C7-b017-fc952663b08423e4,C7,cosmos3_nano_droid,17,left,move_stop,1,0,pickup,no_grasp,0,0,0,0,
online_correction_v4-C7-b018-2709dcbdeb85f2c2,C7,cosmos3_nano_droid,18,front,original_sham,1,0,pickup,no_grasp,0,0,0,0,
online_correction_v4-C7-b018-3aae7be79cead9fd,C7,cosmos3_nano_droid,18,behind,move_stop,1,0,pickup,no_grasp,0,0,0,0,
online_correction_v4-C7-b018-47c9478d5422196a,C7,cosmos3_nano_droid,18,right,original_sham,1,0,pickup,no_grasp,0,0,0,0,
online_correction_v4-C7-b018-48a712d9df509d06,C7,cosmos3_nano_droid,18,left,original_sham,1,0,pickup,no_grasp,0,0,0,0,
online_correction_v4-C7-b018-50b6952ccf822d3a,C7,cosmos3_nano_droid,18,front,destination_static,1,0,pickup,no_grasp,0,0,0,0,
online_correction_v4-C7-b018-5e229e75cc6d1806,C7,cosmos3_nano_droid,18,left,move_stop,1,0,pickup,no_grasp,0,0,0,0,
online_correction_v4-C7-b018-8c0d90fbc599e376,C7,cosmos3_nano_droid,18,behind,destination_static,1,0,pickup,no_grasp,0,0,0,0,
online_correction_v4-C7-b018-91c2c570ecc856d8,C7,cosmos3_nano_droid,18,right,destination_static,1,0,pickup,no_grasp,0,0,0,0,
online_correction_v4-C7-b018-b42b3be343b23976,C7,cosmos3_nano_droid,18,behind,original_sham,1,0,pickup,no_grasp,0,0,0,0,
online_correction_v4-C7-b018-b7608efa83e92d38,C7,cosmos3_nano_droid,18,front,move_stop,1,0,pickup,no_grasp,0,0,0,0,
online_correction_v4-C7-b018-c8ba421b784cacda,C7,cosmos3_nano_droid,18,left,destination_static,1,0,pickup,no_grasp,0,0,0,0,
online_correction_v4-C7-b018-f0d2c102e3b1dae7,C7,cosmos3_nano_droid,18,right,move_stop,1,0,pickup,no_grasp,0,0,0,0,
online_correction_v4-C7-b019-2ebc927b06649563,C7,cosmos3_nano_droid,19,front,destination_static,1,0,pickup,no_grasp,0,0,0,0,
online_correction_v4-C7-b019-37c0ec5cbd772f1b,C7,cosmos3_nano_droid,19,behind,original_sham,1,0,pickup,no_grasp,0,0,0,0,
online_correction_v4-C7-b019-73eb1f3602c2f4a7,C7,cosmos3_nano_droid,19,front,move_stop,1,0,pickup,no_grasp,0,0,0,0,
online_correction_v4-C7-b019-743df362f124087d,C7,cosmos3_nano_droid,19,left,destination_static,1,0,pickup,no_grasp,0,0,0,0,
online_correction_v4-C7-b019-7d0992631634e130,C7,cosmos3_nano_droid,19,behind,destination_static,1,0,pickup,no_grasp,0,0,0,0,
online_correction_v4-C7-b019-a88617373c7bbb4f,C7,cosmos3_nano_droid,19,behind,move_stop,1,0,pickup,no_grasp,0,0,0,0,
online_correction_v4-C7-b019-cadb2b56af694eb8,C7,cosmos3_nano_droid,19,right,move_stop,1,0,pickup,no_grasp,0,0,0,0,
online_correction_v4-C7-b019-d2121b735f536fb0,C7,cosmos3_nano_droid,19,right,original_sham,1,0,pickup,no_grasp,0,0,0,0,
online_correction_v4-C7-b019-dd88dfbe0b58408e,C7,cosmos3_nano_droid,19,right,destination_static,1,0,pickup,no_grasp,0,0,0,0,
online_correction_v4-C7-b019-ed58f65ad9fc9764,C7,cosmos3_nano_droid,19,front,original_sham,1,0,pickup,no_grasp,0,0,0,0,
online_correction_v4-C7-b019-f3139a3d1c1cd330,C7,cosmos3_nano_droid,19,left,move_stop,1,0,pickup,no_grasp,0,0,0,0,
online_correction_v4-C7-b020-3b746ba70f488246,C7,cosmos3_nano_droid,20,right,original_sham,1,0,pickup,no_grasp,0,0,0,0,
online_correction_v4-C7-b020-66405e75735a0614,C7,cosmos3_nano_droid,20,front,move_stop,1,0,pickup,no_grasp,0,0,0,0,
online_correction_v4-C7-b020-68a881aa3c470aea,C7,cosmos3_nano_droid,20,front,destination_static,1,0,pickup,no_grasp,0,0,0,0,
online_correction_v4-C7-b020-b5be56a2edf9cdfc,C7,cosmos3_nano_droid,20,behind,original_sham,1,0,pickup,no_grasp,0,0,0,0,
online_correction_v4-C7-b020-bffd97b6bfaf586c,C7,cosmos3_nano_droid,20,left,move_stop,1,0,pickup,no_grasp,0,0,0,0,
online_correction_v4-C7-b020-d8b50943b0bfa212,C7,cosmos3_nano_droid,20,right,destination_static,1,0,pickup,no_grasp,0,0,0,0,
online_correction_v4-C7-b021-0578f74c26429ddc,C7,cosmos3_nano_droid,21,behind,destination_static,1,0,pickup,no_grasp,0,0,0,0,
online_correction_v4-C7-b021-1179378dcc34eb20,C7,cosmos3_nano_droid,21,left,move_stop,1,0,pickup,no_grasp,0,0,0,0,
online_correction_v4-C7-b021-3d05bbf505afbf9b,C7,cosmos3_nano_droid,21,right,original_sham,1,0,pickup,no_grasp,0,0,0,0,
online_correction_v4-C7-b021-53d1d4494de4c160,C7,cosmos3_nano_droid,21,behind,move_stop,1,0,pickup,no_grasp,0,0,0,0,
online_correction_v4-C7-b021-5d00340ef5ced8d6,C7,cosmos3_nano_droid,21,front,move_stop,1,0,pickup,no_grasp,0,0,0,0,
online_correction_v4-C7-b021-6efa044a1d3d517c,C7,cosmos3_nano_droid,21,behind,original_sham,1,0,pickup,no_grasp,0,0,0,0,
online_correction_v4-C7-b021-add610c20ceda7ca,C7,cosmos3_nano_droid,21,right,move_stop,1,0,pickup,no_grasp,0,0,0,0,
online_correction_v4-C7-b021-b05484668a6445a2,C7,cosmos3_nano_droid,21,front,destination_static,1,0,pickup,no_grasp,0,0,0,0,
online_correction_v4-C7-b021-f2396be77e463b5d,C7,cosmos3_nano_droid,21,right,destination_static,1,0,pickup,no_grasp,0,0,0,0,
online_correction_v4-C7-b022-2a84457798987897,C7,cosmos3_nano_droid,22,left,destination_static,1,0,pickup,no_grasp,0,0,0,0,
online_correction_v4-C7-b022-59891d1f995d6e5d,C7,cosmos3_nano_droid,22,left,move_stop,1,0,pickup,no_grasp,0,0,0,0,
online_correction_v4-C7-b022-65cc3eaac1fd5d87,C7,cosmos3_nano_droid,22,right,original_sham,1,0,pickup,no_grasp,0,0,0,0,
online_correction_v4-C7-b022-894900f7ca809ee0,C7,cosmos3_nano_droid,22,behind,original_sham,1,0,pickup,no_grasp,0,0,0,0,
online_correction_v4-C7-b022-b81d4d552d9a9038,C7,cosmos3_nano_droid,22,front,original_sham,1,0,pickup,no_grasp,0,0,0,0,
online_correction_v4-C7-b022-d2af4359a4234b22,C7,cosmos3_nano_droid,22,behind,destination_static,1,0,pickup,no_grasp,0,0,0,0,
online_correction_v4-C7-b022-df84fb3dc0273da4,C7,cosmos3_nano_droid,22,left,original_sham,1,0,pickup,no_grasp,0,0,0,0,
online_correction_v4-C7-b022-f104add9c0e78989,C7,cosmos3_nano_droid,22,front,move_stop,1,0,pickup,no_grasp,0,0,0,0,
online_correction_v4-C7-b023-09875aaeadce3ae9,C7,cosmos3_nano_droid,23,behind,move_stop,1,0,pickup,no_grasp,0,0,0,0,
online_correction_v4-C7-b023-11b8b59441a5bf82,C7,cosmos3_nano_droid,23,right,move_stop,1,0,pickup,no_grasp,0,0,0,0,
online_correction_v4-C7-b023-4070d1c54fa412c9,C7,cosmos3_nano_droid,23,behind,destination_static,1,0,pickup,no_grasp,0,0,0,0,
online_correction_v4-C7-b023-5d8d1b36bda3e1e8,C7,cosmos3_nano_droid,23,front,move_stop,1,0,pickup,no_grasp,0,0,0,0,
online_correction_v4-C7-b023-6a03807967c4fac5,C7,cosmos3_nano_droid,23,front,destination_static,1,0,pickup,no_grasp,0,0,0,0,
online_correction_v4-C7-b023-afce90d7a345af71,C7,cosmos3_nano_droid,23,left,destination_static,1,0,pickup,no_grasp,0,0,0,0,
online_correction_v4-C7-b023-c35a0b63519fd207,C7,cosmos3_nano_droid,23,left,original_sham,1,0,pickup,no_grasp,0,0,0,0,
online_correction_v4-C7-b023-e2fdd4b707703436,C7,cosmos3_nano_droid,23,left,move_stop,1,0,pickup,no_grasp,0,0,0,0,
online_correction_v4-C7-b023-efe612f33d181001,C7,cosmos3_nano_droid,23,front,original_sham,1,0,pickup,no_grasp,0,0,0,0,
online_correction_v4-C7-b024-0637709fe0874ecb,C7,cosmos3_nano_droid,24,left,move_stop,1,0,pickup,no_grasp,0,0,0,0,
online_correction_v4-C7-b024-0e08a4a92fa80d9c,C7,cosmos3_nano_droid,24,front,original_sham,1,0,pickup,no_grasp,0,0,0,0,
online_correction_v4-C7-b024-3ef9008875092dc5,C7,cosmos3_nano_droid,24,left,original_sham,1,0,pickup,no_grasp,0,0,0,0,
online_correction_v4-C7-b024-74f410f1bf02ac87,C7,cosmos3_nano_droid,24,behind,destination_static,1,0,pickup,no_grasp,0,0,0,0,
online_correction_v4-C7-b024-99d63363f4b76a4f,C7,cosmos3_nano_droid,24,right,original_sham,1,0,pickup,no_grasp,0,0,0,0,
online_correction_v4-C7-b024-c2ee57541e29f4e5,C7,cosmos3_nano_droid,24,behind,move_stop,1,0,pickup,no_grasp,0,0,0,0,
online_correction_v4-C7-b024-c48a5f39ab14407e,C7,cosmos3_nano_droid,24,behind,original_sham,1,0,pickup,no_grasp,0,0,0,0,
online_correction_v4-C7-b025-0601f18ad0367005,C7,cosmos3_nano_droid,25,left,destination_static,1,0,pickup,no_grasp,0,0,0,0,
online_correction_v4-C7-b025-2ca33ee964a607bf,C7,cosmos3_nano_droid,25,front,move_stop,1,0,pickup,no_grasp,0,0,0,0,
online_correction_v4-C7-b025-2ce3c28a801bef35,C7,cosmos3_nano_droid,25,left,original_sham,1,0,pickup,no_grasp,0,0,0,0,
online_correction_v4-C7-b025-398f0d2a46ade9d1,C7,cosmos3_nano_droid,25,behind,move_stop,1,0,pickup,no_grasp,0,0,0,0,
online_correction_v4-C7-b025-4a9ccad4a1b0cd5f,C7,cosmos3_nano_droid,25,front,destination_static,1,0,pickup,no_grasp,0,0,0,0,
online_correction_v4-C7-b025-5e299ad010a8ad25,C7,cosmos3_nano_droid,25,right,move_stop,1,0,pickup,no_grasp,0,0,0,0,
online_correction_v4-C7-b025-8632be773f75e59b,C7,cosmos3_nano_droid,25,behind,original_sham,1,0,pickup,no_grasp,0,0,0,0,
online_correction_v4-C7-b025-8e6fd3b3e05c8909,C7,cosmos3_nano_droid,25,left,move_stop,1,0,pickup,no_grasp,0,0,0,0,
online_correction_v4-C7-b025-b230bc280c228ee4,C7,cosmos3_nano_droid,25,front,original_sham,1,0,pickup,no_grasp,0,0,0,0,
online_correction_v4-C7-b026-0c9283d50ddc628e,C7,cosmos3_nano_droid,26,right,destination_static,1,0,pickup,no_grasp,0,0,0,0,
online_correction_v4-C7-b026-3f224b2708abe548,C7,cosmos3_nano_droid,26,front,original_sham,1,0,pickup,no_grasp,0,0,0,0,
online_correction_v4-C7-b026-421aec91e36a1feb,C7,cosmos3_nano_droid,26,behind,original_sham,1,0,pickup,no_grasp,0,0,0,0,
online_correction_v4-C7-b026-46911948ad828e1b,C7,cosmos3_nano_droid,26,left,original_sham,1,0,pickup,no_grasp,0,0,0,0,
online_correction_v4-C7-b026-57f879b59ff52568,C7,cosmos3_nano_droid,26,right,original_sham,1,0,pickup,no_grasp,0,0,0,0,
online_correction_v4-C7-b026-6d84bc72e1db8b19,C7,cosmos3_nano_droid,26,front,destination_static,1,0,pickup,no_grasp,0,0,0,0,
online_correction_v4-C7-b026-6efe5df4e412abdb,C7,cosmos3_nano_droid,26,behind,destination_static,1,0,pickup,no_grasp,0,0,0,0,
online_correction_v4-C7-b026-772ac1ab97379ff6,C7,cosmos3_nano_droid,26,front,move_stop,1,0,pickup,no_grasp,0,0,0,0,
online_correction_v4-C7-b026-8e3f48a0771ee260,C7,cosmos3_nano_droid,26,behind,move_stop,1,0,pickup,no_grasp,0,0,0,0,
online_correction_v4-C7-b026-acbcf4f00320f373,C7,cosmos3_nano_droid,26,right,move_stop,1,0,pickup,no_grasp,0,0,0,0,
online_correction_v4-C7-b027-59e7e7e28cb08e45,C7,cosmos3_nano_droid,27,behind,original_sham,1,0,pickup,no_grasp,0,0,0,0,
online_correction_v4-C7-b027-9a0b8ec3031b2fc1,C7,cosmos3_nano_droid,27,front,move_stop,1,0,pickup,no_grasp,0,0,0,0,
online_correction_v4-C7-b027-a307b3aced9a6bee,C7,cosmos3_nano_droid,27,front,original_sham,1,0,pickup,no_grasp,0,0,0,0,
online_correction_v4-C7-b027-b0c82c4356817ae3,C7,cosmos3_nano_droid,27,left,original_sham,1,0,pickup,no_grasp,0,0,0,0,
online_correction_v4-C7-b027-ebb094d19b4a1a28,C7,cosmos3_nano_droid,27,left,move_stop,1,0,pickup,no_grasp,0,0,0,0,
online_correction_v4-C7-b027-f024e36b642a00d3,C7,cosmos3_nano_droid,27,front,destination_static,1,0,pickup,no_grasp,0,0,0,0,
online_correction_v4-C7-b028-1e1515687fb80929,C7,cosmos3_nano_droid,28,behind,original_sham,1,0,pickup,no_grasp,0,0,0,0,
online_correction_v4-C7-b028-325050f95f2a7a90,C7,cosmos3_nano_droid,28,right,original_sham,1,0,pickup,no_grasp,0,0,0,0,
online_correction_v4-C7-b028-5eb4b93ba2f1b23e,C7,cosmos3_nano_droid,28,behind,move_stop,1,0,pickup,no_grasp,0,0,0,0,
online_correction_v4-C7-b028-8c211151d56a9d90,C7,cosmos3_nano_droid,28,left,destination_static,1,0,pickup,no_grasp,0,0,0,0,
online_correction_v4-C7-b028-d318c37318351139,C7,cosmos3_nano_droid,28,right,move_stop,1,0,pickup,no_grasp,0,0,0,0,
online_correction_v4-C7-b028-d9acbc67400e6f7d,C7,cosmos3_nano_droid,28,front,original_sham,1,0,pickup,no_grasp,0,0,0,0,
online_correction_v4-C7-b028-e9df8ead808651d3,C7,cosmos3_nano_droid,28,left,original_sham,1,0,pickup,no_grasp,0,0,0,0,
online_correction_v4-C7-b029-0764f3ff0201c990,C7,cosmos3_nano_droid,29,left,original_sham,1,0,pickup,no_grasp,0,0,0,0,
online_correction_v4-C7-b029-1d97439f36cc8325,C7,cosmos3_nano_droid,29,left,destination_static,1,0,pickup,no_grasp,0,0,0,0,
online_correction_v4-C7-b029-6cfebf72e9e177df,C7,cosmos3_nano_droid,29,right,destination_static,1,0,pickup,no_grasp,0,0,0,0,
online_correction_v4-C7-b029-895ef9f870ed9782,C7,cosmos3_nano_droid,29,behind,move_stop,1,0,pickup,no_grasp,0,0,0,0,
online_correction_v4-C7-b029-98dd4171f6c4c87a,C7,cosmos3_nano_droid,29,front,destination_static,1,0,pickup,no_grasp,0,0,0,0,
online_correction_v4-C7-b029-cc56f4f600cf2638,C7,cosmos3_nano_droid,29,right,original_sham,1,0,pickup,no_grasp,0,0,0,0,
online_correction_v4-C7-b029-d61a83ae0c255a90,C7,cosmos3_nano_droid,29,behind,destination_static,1,0,pickup,no_grasp,0,0,0,0,
online_correction_v4-C7-b029-e2d55e0a13fb182e,C7,cosmos3_nano_droid,29,behind,original_sham,1,0,pickup,no_grasp,0,0,0,0,
online_correction_v4-C7-b029-e35cd8287af4eae1,C7,cosmos3_nano_droid,29,right,move_stop,1,0,pickup,no_grasp,0,0,0,0,
online_correction_v4-C7-b029-f5958162e3096106,C7,cosmos3_nano_droid,29,front,original_sham,1,0,pickup,no_grasp,0,0,0,0,
online_correction_v4-C7-b030-1814701bcb380767,C7,cosmos3_nano_droid,30,right,move_stop,1,0,pickup,no_grasp,0,0,0,0,
online_correction_v4-C7-b030-380a0ff986e69eca,C7,cosmos3_nano_droid,30,front,original_sham,1,0,transport,transport_incomplete,0,0,0,0,
online_correction_v4-C7-b030-3ab7196cd754b363,C7,cosmos3_nano_droid,30,right,destination_static,1,0,pickup,no_grasp,0,0,0,0,
online_correction_v4-C7-b030-4d0fb95e834907fe,C7,cosmos3_nano_droid,30,behind,move_stop,1,0,pickup,no_grasp,0,0,0,0,
online_correction_v4-C7-b030-544481082948ca38,C7,cosmos3_nano_droid,30,left,destination_static,1,0,transport,transport_incomplete,0,0,0,0,
online_correction_v4-C7-b030-7c6dec70375e5bc3,C7,cosmos3_nano_droid,30,right,original_sham,1,0,transport,transport_incomplete,0,0,0,0,
online_correction_v4-C7-b030-7ec47316cd4b446c,C7,cosmos3_nano_droid,30,behind,destination_static,1,0,pickup,no_grasp,0,0,0,0,
online_correction_v4-C7-b030-a3d1f1647e0df885,C7,cosmos3_nano_droid,30,left,move_stop,1,0,pickup,no_grasp,0,0,0,0,
online_correction_v4-C7-b030-c32c1fb792d1f687,C7,cosmos3_nano_droid,30,front,move_stop,1,0,pickup,no_grasp,0,0,0,0,
online_correction_v4-C7-b031-125ecc88ffc301ad,C7,cosmos3_nano_droid,31,left,destination_static,1,0,pickup,no_grasp,0,0,0,0,
online_correction_v4-C7-b031-144a694eb7a3708f,C7,cosmos3_nano_droid,31,front,move_stop,1,0,pickup,no_grasp,0,0,0,0,
online_correction_v4-C7-b031-4959953c58cdc158,C7,cosmos3_nano_droid,31,right,move_stop,1,0,pickup,no_grasp,0,0,0,0,
online_correction_v4-C7-b031-5f609353e2aa48ac,C7,cosmos3_nano_droid,31,behind,destination_static,1,0,pickup,no_grasp,0,0,0,0,
online_correction_v4-C7-b031-8846cc943124ccf6,C7,cosmos3_nano_droid,31,behind,original_sham,1,0,pickup,no_grasp,0,0,0,0,
online_correction_v4-C7-b031-bcde3b1f95b14665,C7,cosmos3_nano_droid,31,behind,move_stop,1,0,pickup,no_grasp,0,0,0,0,
online_correction_v4-C7-b032-018930a8052f3683,C7,cosmos3_nano_droid,32,right,destination_static,1,0,pickup,no_grasp,0,0,0,0,
online_correction_v4-C7-b032-371442cbe7cae751,C7,cosmos3_nano_droid,32,front,move_stop,1,0,pickup,no_grasp,0,0,0,0,
online_correction_v4-C7-b032-4032c15795a3fcc0,C7,cosmos3_nano_droid,32,behind,move_stop,1,0,pickup,no_grasp,0,0,0,0,
online_correction_v4-C7-b032-868ce56401621600,C7,cosmos3_nano_droid,32,left,destination_static,1,0,pickup,no_grasp,0,0,0,0,
online_correction_v4-C7-b032-8bad46555c57dbed,C7,cosmos3_nano_droid,32,left,move_stop,1,0,pickup,no_grasp,0,0,0,0,
online_correction_v4-C7-b032-a54d90169bb377d8,C7,cosmos3_nano_droid,32,right,original_sham,1,0,pickup,no_grasp,0,0,0,0,
online_correction_v4-C7-b032-d931ec8aa4e1c7cb,C7,cosmos3_nano_droid,32,behind,destination_static,1,0,pickup,no_grasp,0,0,0,0,
online_correction_v4-C7-b032-f7a9e6f5a672fb07,C7,cosmos3_nano_droid,32,right,move_stop,1,0,pickup,no_grasp,0,0,0,0,
online_correction_v4-C7-b033-06a53cd910080742,C7,cosmos3_nano_droid,33,front,original_sham,1,0,pickup,no_grasp,0,0,0,0,
online_correction_v4-C7-b033-1ed169b921d5ed8f,C7,cosmos3_nano_droid,33,behind,move_stop,1,0,pickup,no_grasp,0,0,0,0,
online_correction_v4-C7-b033-67df8bb1ce28675a,C7,cosmos3_nano_droid,33,right,move_stop,1,0,pickup,no_grasp,0,0,0,0,
online_correction_v4-C7-b033-9b1dc2ff1ed84f6b,C7,cosmos3_nano_droid,33,front,destination_static,1,0,pickup,no_grasp,0,0,0,0,
online_correction_v4-C7-b033-ecd32acbbe19e655,C7,cosmos3_nano_droid,33,left,destination_static,1,0,pickup,no_grasp,0,0,0,0,
online_correction_v4-C7-b033-f05207177f629110,C7,cosmos3_nano_droid,33,left,move_stop,1,0,pickup,no_grasp,0,0,0,0,
online_correction_v4-C7-b034-14ff3be3ebe0ba3d,C7,cosmos3_nano_droid,34,right,move_stop,1,0,pickup,no_grasp,0,0,0,0,
online_correction_v4-C7-b034-58e62b0719da024b,C7,cosmos3_nano_droid,34,behind,move_stop,1,0,pickup,no_grasp,0,0,0,0,
online_correction_v4-C7-b034-a0e05b3d88d16563,C7,cosmos3_nano_droid,34,front,destination_static,1,0,pickup,no_grasp,0,0,0,0,
online_correction_v4-C7-b034-dcfaa2678b011432,C7,cosmos3_nano_droid,34,front,move_stop,1,0,pickup,no_grasp,0,0,0,0,
online_correction_v4-C7-b034-e0998e53018c084b,C7,cosmos3_nano_droid,34,front,original_sham,1,0,pickup,no_grasp,0,0,0,0,
online_correction_v4-C7-b034-ff64087f023ab483,C7,cosmos3_nano_droid,34,behind,destination_static,1,0,pickup,no_grasp,0,0,0,0,
online_correction_v4-C7-b035-2231f740341c35ff,C7,cosmos3_nano_droid,35,front,destination_static,1,0,pickup,no_grasp,0,0,0,0,
online_correction_v4-C7-b035-3d360f323acf171a,C7,cosmos3_nano_droid,35,front,original_sham,1,0,pickup,no_grasp,0,0,0,0,
online_correction_v4-C7-b035-5ca53f17de0ed364,C7,cosmos3_nano_droid,35,right,move_stop,1,0,pickup,no_grasp,0,0,0,0,
online_correction_v4-C7-b035-80f11e3fb93c3fea,C7,cosmos3_nano_droid,35,front,move_stop,1,0,pickup,no_grasp,0,0,0,0,
online_correction_v4-C7-b035-a000fef22b022487,C7,cosmos3_nano_droid,35,right,destination_static,1,0,pickup,no_grasp,0,0,0,0,
online_correction_v4-C7-b035-adcfbfe453f497be,C7,cosmos3_nano_droid,35,right,original_sham,1,0,pickup,no_grasp,0,0,0,0,
online_correction_v4-C7-b035-b981dd39ddd0d79f,C7,cosmos3_nano_droid,35,behind,original_sham,1,0,pickup,no_grasp,0,0,0,0,
online_correction_v4-C7-b035-d13ab2fdeb224621,C7,cosmos3_nano_droid,35,behind,destination_static,1,0,pickup,no_grasp,0,0,0,0,
online_correction_v4-C7-b036-0cc1c2b4a701c6a9,C7,cosmos3_nano_droid,36,left,move_stop,1,0,pickup,no_grasp,0,0,0,0,
online_correction_v4-C7-b036-0f8515fd84435493,C7,cosmos3_nano_droid,36,left,original_sham,1,0,pickup,no_grasp,0,0,0,0,
online_correction_v4-C7-b036-12035c7c2c777301,C7,cosmos3_nano_droid,36,left,destination_static,1,0,pickup,no_grasp,0,0,0,0,
online_correction_v4-C7-b036-84a3553cad1f35ee,C7,cosmos3_nano_droid,36,behind,original_sham,1,0,pickup,no_grasp,0,0,0,0,
online_correction_v4-C7-b036-a0a7c816baa3dee4,C7,cosmos3_nano_droid,36,front,destination_static,1,0,pickup,no_grasp,0,0,0,0,
online_correction_v4-C7-b037-08a44c06f56f84a2,C7,cosmos3_nano_droid,37,right,original_sham,1,0,pickup,no_grasp,0,0,0,0,
online_correction_v4-C7-b037-3ef72de014aa01be,C7,cosmos3_nano_droid,37,right,destination_static,1,0,pickup,no_grasp,0,0,0,0,
online_correction_v4-C7-b037-5b56004a6a10f309,C7,cosmos3_nano_droid,37,front,move_stop,1,0,pickup,no_grasp,0,0,0,0,
online_correction_v4-C7-b037-69ba6c16ab4f3c75,C7,cosmos3_nano_droid,37,behind,move_stop,1,0,pickup,no_grasp,0,0,0,0,
online_correction_v4-C7-b037-d72104b33e1a9d5b,C7,cosmos3_nano_droid,37,left,original_sham,1,0,pickup,no_grasp,0,0,0,0,
online_correction_v4-C7-b038-313f3efc3e2086ac,C7,cosmos3_nano_droid,38,left,destination_static,1,0,pickup,no_grasp,0,0,0,0,
online_correction_v4-C7-b038-774465d05e6a4b4d,C7,cosmos3_nano_droid,38,behind,original_sham,1,0,pickup,no_grasp,0,0,0,0,
online_correction_v4-C7-b038-7ed0eb2e42538bc7,C7,cosmos3_nano_droid,38,front,destination_static,1,0,pickup,no_grasp,0,0,0,0,
online_correction_v4-C7-b038-a53d380a4e1eb169,C7,cosmos3_nano_droid,38,behind,destination_static,1,0,pickup,no_grasp,0,0,0,0,
online_correction_v4-C7-b038-b6d13df979bc7adf,C7,cosmos3_nano_droid,38,right,original_sham,1,0,pickup,no_grasp,0,0,0,0,
online_correction_v4-C7-b038-f5776ec7bd93b44b,C7,cosmos3_nano_droid,38,front,move_stop,1,0,pickup,no_grasp,0,0,0,0,
online_correction_v4-C7-b039-0eb6bdef9c22b43a,C7,cosmos3_nano_droid,39,front,original_sham,1,0,pickup,no_grasp,0,0,0,0,
online_correction_v4-C7-b039-4264a7a57d8e8e56,C7,cosmos3_nano_droid,39,behind,destination_static,1,0,pickup,no_grasp,0,0,0,0,
online_correction_v4-C7-b039-4d34913ce99bf642,C7,cosmos3_nano_droid,39,front,move_stop,1,0,pickup,no_grasp,0,0,0,0,
online_correction_v4-C7-b039-77c92df5e6bf6da6,C7,cosmos3_nano_droid,39,left,original_sham,1,0,pickup,no_grasp,0,0,0,0,
online_correction_v4-C7-b039-fb1f730d01ab5aad,C7,cosmos3_nano_droid,39,behind,original_sham,1,0,pickup,no_grasp,0,0,0,0,
online_correction_v4-C7-b039-fb1f84001fb04bea,C7,cosmos3_nano_droid,39,front,destination_static,1,0,pickup,no_grasp,0,0,0,0,
online_correction_v4-C7-b040-1795d94a94a23946,C7,cosmos3_nano_droid,40,front,destination_static,1,0,pickup,no_grasp,0,0,0,0,
online_correction_v4-C7-b040-382f5ff1669462f1,C7,cosmos3_nano_droid,40,behind,original_sham,1,0,pickup,no_grasp,0,0,0,0,
online_correction_v4-C7-b040-5ae6712b01293407,C7,cosmos3_nano_droid,40,left,original_sham,1,0,pickup,no_grasp,0,0,0,0,
online_correction_v4-C7-b040-649a193ed14d3169,C7,cosmos3_nano_droid,40,behind,move_stop,1,0,pickup,no_grasp,0,0,0,0,
online_correction_v4-C7-b040-82a110280c3e45da,C7,cosmos3_nano_droid,40,left,move_stop,1,0,pickup,no_grasp,0,0,0,0,
online_correction_v4-C7-b040-9c7771ad8c05a995,C7,cosmos3_nano_droid,40,behind,destination_static,1,0,pickup,no_grasp,0,0,0,0,
online_correction_v4-C7-b040-b71ffe689035fb73,C7,cosmos3_nano_droid,40,right,destination_static,1,0,pickup,no_grasp,0,0,0,0,
online_correction_v4-C7-b040-ea10fba7d2ed4d30,C7,cosmos3_nano_droid,40,right,original_sham,1,0,pickup,no_grasp,0,0,0,0,
online_correction_v4-C7-b041-6f861d774d41bb86,C7,cosmos3_nano_droid,41,front,move_stop,1,0,pickup,no_grasp,0,0,0,0,
online_correction_v4-C7-b041-79ff0f75d023bf78,C7,cosmos3_nano_droid,41,left,destination_static,1,0,pickup,no_grasp,0,0,0,0,
online_correction_v4-C7-b041-a6b3e21cab833326,C7,cosmos3_nano_droid,41,right,move_stop,1,0,pickup,no_grasp,0,0,0,0,
online_correction_v4-C7-b041-bd37b627f25ecf28,C7,cosmos3_nano_droid,41,left,original_sham,1,0,pickup,no_grasp,0,0,0,0,
online_correction_v4-C7-b041-c881369d594e5b32,C7,cosmos3_nano_droid,41,front,destination_static,1,0,pickup,no_grasp,0,0,0,0,
online_correction_v4-C7-b041-d1a61aa6fc42042a,C7,cosmos3_nano_droid,41,behind,destination_static,1,0,pickup,no_grasp,0,0,0,0,
online_correction_v4-C7-b042-18fdce17f1008f94,C7,cosmos3_nano_droid,42,right,destination_static,1,0,pickup,no_grasp,0,0,0,0,
online_correction_v4-C7-b042-347f411fadbcb41b,C7,cosmos3_nano_droid,42,front,destination_static,1,0,pickup,no_grasp,0,0,0,0,
online_correction_v4-C7-b042-40c18387e0bb2385,C7,cosmos3_nano_droid,42,behind,move_stop,1,0,pickup,no_grasp,0,0,0,0,
online_correction_v4-C7-b042-7b117b3c99582ee1,C7,cosmos3_nano_droid,42,right,move_stop,1,0,pickup,no_grasp,0,0,0,0,
online_correction_v4-C7-b042-85d4ed24bd06d7be,C7,cosmos3_nano_droid,42,behind,destination_static,1,0,pickup,no_grasp,0,0,0,0,
online_correction_v4-C7-b042-9128330bbd00c993,C7,cosmos3_nano_droid,42,right,original_sham,1,0,pickup,no_grasp,0,0,0,0,
online_correction_v4-C7-b043-05fa2a621df2a33a,C7,cosmos3_nano_droid,43,front,original_sham,1,0,pickup,no_grasp,0,0,0,0,
online_correction_v4-C7-b043-3aa43a4c670e538c,C7,cosmos3_nano_droid,43,front,move_stop,1,0,pickup,no_grasp,0,0,0,0,
online_correction_v4-C7-b043-5037667568d7d21f,C7,cosmos3_nano_droid,43,right,move_stop,1,0,pickup,no_grasp,0,0,0,0,
online_correction_v4-C7-b043-5d08d2099d4b4493,C7,cosmos3_nano_droid,43,front,destination_static,1,0,pickup,no_grasp,0,0,0,0,
online_correction_v4-C7-b043-a24007f0c0f81d2f,C7,cosmos3_nano_droid,43,right,destination_static,1,0,pickup,no_grasp,0,0,0,0,
online_correction_v4-C7-b043-c9c5ccd9889b0d81,C7,cosmos3_nano_droid,43,behind,move_stop,1,0,pickup,no_grasp,0,0,0,0,
online_correction_v4-C7-b043-dbf8be01fee9a396,C7,cosmos3_nano_droid,43,right,original_sham,1,0,pickup,no_grasp,0,0,0,0,
online_correction_v4-C7-b044-0c70df4543f9f07a,C7,cosmos3_nano_droid,44,right,destination_static,1,0,pickup,no_grasp,0,0,0,0,
online_correction_v4-C7-b044-125093833cc08991,C7,cosmos3_nano_droid,44,behind,destination_static,1,0,pickup,no_grasp,0,0,0,0,
online_correction_v4-C7-b044-1b10ef5e0f9edaff,C7,cosmos3_nano_droid,44,behind,move_stop,1,0,pickup,no_grasp,0,0,0,0,
online_correction_v4-C7-b044-4fee65623895a0d3,C7,cosmos3_nano_droid,44,left,original_sham,1,0,pickup,no_grasp,0,0,0,0,
online_correction_v4-C7-b044-7bdc1714d087b658,C7,cosmos3_nano_droid,44,left,move_stop,1,0,pickup,no_grasp,0,0,0,0,
online_correction_v4-C7-b044-a6f525b55a2d3e3d,C7,cosmos3_nano_droid,44,front,move_stop,1,0,pickup,no_grasp,0,0,0,0,
online_correction_v4-C7-b044-c153357943c6df5a,C7,cosmos3_nano_droid,44,right,original_sham,1,0,pickup,no_grasp,0,0,0,0,
online_correction_v4-C7-b044-d725e336aa40c9d2,C7,cosmos3_nano_droid,44,behind,original_sham,1,0,pickup,no_grasp,0,0,0,0,
online_correction_v4-C7-b045-15f7b8cc788d31a0,C7,cosmos3_nano_droid,45,right,original_sham,1,0,pickup,no_grasp,0,0,0,0,
online_correction_v4-C7-b045-6a40d0d67f1cf1a4,C7,cosmos3_nano_droid,45,front,original_sham,1,0,pickup,no_grasp,0,0,0,0,
online_correction_v4-C7-b045-9161993c95a55dc4,C7,cosmos3_nano_droid,45,left,move_stop,1,0,pickup,no_grasp,0,0,0,0,
online_correction_v4-C7-b045-9a1d0b14d1fadff2,C7,cosmos3_nano_droid,45,right,destination_static,1,0,pickup,no_grasp,0,0,0,0,
online_correction_v4-C7-b045-d496a6d9031aa6fc,C7,cosmos3_nano_droid,45,left,original_sham,1,0,pickup,no_grasp,0,0,0,0,
online_correction_v4-C7-b045-edbb06e54f80be66,C7,cosmos3_nano_droid,45,behind,move_stop,1,0,pickup,no_grasp,0,0,0,0,
online_correction_v4-C7-b046-1a354604f8c5db0c,C7,cosmos3_nano_droid,46,behind,move_stop,1,0,pickup,no_grasp,0,0,0,0,
online_correction_v4-C7-b046-3b254d980dc0ba4a,C7,cosmos3_nano_droid,46,behind,destination_static,1,0,pickup,no_grasp,0,0,0,0,
online_correction_v4-C7-b046-8a73d6831c6f2762,C7,cosmos3_nano_droid,46,front,move_stop,1,0,pickup,no_grasp,0,0,0,0,
online_correction_v4-C7-b046-ba1ed081b8110b3b,C7,cosmos3_nano_droid,46,left,original_sham,1,0,pickup,no_grasp,0,0,0,0,
online_correction_v4-C7-b046-f5649368b2551b51,C7,cosmos3_nano_droid,46,right,move_stop,1,0,pickup,no_grasp,0,0,0,0,
online_correction_v4-C7-b047-118fc0ba10932070,C7,cosmos3_nano_droid,47,front,original_sham,1,0,pickup,no_grasp,0,0,0,0,
online_correction_v4-C7-b047-3277bd59c9c15002,C7,cosmos3_nano_droid,47,behind,original_sham,1,0,pickup,no_grasp,0,0,0,0,
online_correction_v4-C7-b047-a3b51898b680974b,C7,cosmos3_nano_droid,47,left,move_stop,1,0,pickup,no_grasp,0,0,0,0,
online_correction_v4-C7-b047-ac2e7f347da21d99,C7,cosmos3_nano_droid,47,behind,destination_static,1,0,pickup,no_grasp,0,0,0,0,
online_correction_v4-C7-b048-067c6ccc8f078d29,C7,cosmos3_nano_droid,48,behind,original_sham,1,0,pickup,no_grasp,0,0,0,0,
online_correction_v4-C7-b048-071e6b809b1342a1,C7,cosmos3_nano_droid,48,right,destination_static,1,0,pickup,no_grasp,0,0,0,0,
online_correction_v4-C7-b048-0a83a37c00a796ec,C7,cosmos3_nano_droid,48,behind,move_stop,1,0,pickup,no_grasp,0,0,0,0,
online_correction_v4-C7-b048-358a1c658437ec1c,C7,cosmos3_nano_droid,48,left,original_sham,1,0,pickup,no_grasp,0,0,0,0,
online_correction_v4-C7-b048-52ff35caa9e5f821,C7,cosmos3_nano_droid,48,front,original_sham,1,0,pickup,no_grasp,0,0,0,0,
online_correction_v4-C7-b048-5a2dedf9e37dae8f,C7,cosmos3_nano_droid,48,behind,destination_static,1,0,pickup,no_grasp,0,0,0,0,
online_correction_v4-C7-b048-781c9d3bd031ec50,C7,cosmos3_nano_droid,48,front,destination_static,1,0,pickup,no_grasp,0,0,0,0,
online_correction_v4-C7-b048-be33d30f91df6345,C7,cosmos3_nano_droid,48,front,move_stop,1,0,pickup,no_grasp,0,0,0,0,
online_correction_v4-C7-b049-396cced43e5cada4,C7,cosmos3_nano_droid,49,behind,destination_static,1,0,pickup,no_grasp,0,0,0,0,
online_correction_v4-C7-b049-5f568a3cfa4d7f0b,C7,cosmos3_nano_droid,49,front,move_stop,1,0,pickup,no_grasp,0,0,0,0,
online_correction_v4-C7-b049-607ed1c28063efdb,C7,cosmos3_nano_droid,49,front,destination_static,1,0,pickup,no_grasp,0,0,0,0,
online_correction_v4-C7-b049-62d689e0d961bd00,C7,cosmos3_nano_droid,49,left,move_stop,1,0,pickup,no_grasp,0,0,0,0,
online_correction_v4-C7-b049-cebbaf6ed4d6a173,C7,cosmos3_nano_droid,49,left,original_sham,1,0,pickup,no_grasp,0,0,0,0,
online_correction_v4-C7-b050-2a86b61db6c482d4,C7,cosmos3_nano_droid,50,behind,original_sham,1,0,pickup,no_grasp,0,0,0,0,
online_correction_v4-C7-b050-4d162346850536ff,C7,cosmos3_nano_droid,50,front,move_stop,1,0,pickup,no_grasp,0,0,0,0,
online_correction_v4-C7-b050-50a6f79477676e31,C7,cosmos3_nano_droid,50,front,destination_static,1,0,pickup,no_grasp,0,0,0,0,
online_correction_v4-C7-b050-9693f221d5a50805,C7,cosmos3_nano_droid,50,right,move_stop,1,0,pickup,no_grasp,0,0,0,0,
online_correction_v4-C7-b050-9db4ca6db4166b0d,C7,cosmos3_nano_droid,50,right,destination_static,1,0,pickup,no_grasp,0,0,0,0,
online_correction_v4-C7-b050-eb266c5d542f5619,C7,cosmos3_nano_droid,50,left,destination_static,1,0,pickup,no_grasp,0,0,0,0,
online_correction_v4-C7-b050-eda48771be44e705,C7,cosmos3_nano_droid,50,front,original_sham,1,0,pickup,no_grasp,0,0,0,0,
online_correction_v4-C7-b051-13c284308dd816c4,C7,cosmos3_nano_droid,51,right,move_stop,1,0,pickup,no_grasp,0,0,0,0,
online_correction_v4-C7-b051-26889e4da469e76c,C7,cosmos3_nano_droid,51,left,destination_static,1,0,pickup,no_grasp,0,0,0,0,
online_correction_v4-C7-b051-32aead50a2bad5b7,C7,cosmos3_nano_droid,51,front,destination_static,1,0,pickup,no_grasp,0,0,0,0,
online_correction_v4-C7-b051-abb824ca30e3eddc,C7,cosmos3_nano_droid,51,right,original_sham,1,0,pickup,no_grasp,0,0,0,0,
online_correction_v4-C7-b051-b533c5c51cdf9d05,C7,cosmos3_nano_droid,51,front,move_stop,1,0,pickup,no_grasp,0,0,0,0,
online_correction_v4-C7-b051-c735f56c070b68d5,C7,cosmos3_nano_droid,51,behind,original_sham,1,0,pickup,no_grasp,0,0,0,0,
online_correction_v4-C7-b051-c8233ac7105c0837,C7,cosmos3_nano_droid,51,right,destination_static,1,0,pickup,no_grasp,0,0,0,0,
online_correction_v4-C7-b051-ca6c7c2618105ab0,C7,cosmos3_nano_droid,51,behind,destination_static,1,0,pickup,no_grasp,0,0,0,0,
online_correction_v4-C7-b052-04d3da89feb6a163,C7,cosmos3_nano_droid,52,front,original_sham,1,0,pickup,no_grasp,0,0,0,0,
online_correction_v4-C7-b052-0b4db834e6da9376,C7,cosmos3_nano_droid,52,left,destination_static,1,0,pickup,no_grasp,0,0,0,0,
online_correction_v4-C7-b052-d3740a6f489bba0a,C7,cosmos3_nano_droid,52,behind,destination_static,1,0,pickup,no_grasp,0,0,0,0,
online_correction_v4-C7-b052-dccab5888f6f5a6f,C7,cosmos3_nano_droid,52,right,move_stop,1,0,pickup,no_grasp,0,0,0,0,
online_correction_v4-C7-b052-ea316277b4460cdd,C7,cosmos3_nano_droid,52,left,move_stop,1,0,pickup,no_grasp,0,0,0,0,
online_correction_v4-C7-b052-ff8778ef981f61c9,C7,cosmos3_nano_droid,52,right,destination_static,1,0,pickup,no_grasp,0,0,0,0,
online_correction_v4-C7-b052-ffc63b189c2c5f37,C7,cosmos3_nano_droid,52,behind,move_stop,1,0,pickup,no_grasp,0,0,0,0,
online_correction_v4-C7-b053-41f5f4784106e8b0,C7,cosmos3_nano_droid,53,front,original_sham,1,0,pickup,no_grasp,0,0,0,0,
online_correction_v4-C7-b053-57f5d2c354fa7443,C7,cosmos3_nano_droid,53,left,move_stop,1,0,pickup,no_grasp,0,0,0,0,
online_correction_v4-C7-b053-79d4071d987c5fa6,C7,cosmos3_nano_droid,53,right,destination_static,1,0,pickup,no_grasp,0,0,0,0,
online_correction_v4-C7-b053-92a30f2caa6e28ee,C7,cosmos3_nano_droid,53,right,original_sham,1,0,pickup,no_grasp,0,0,0,0,
online_correction_v4-C7-b053-b72688a3542c61f2,C7,cosmos3_nano_droid,53,behind,destination_static,1,0,pickup,no_grasp,0,0,0,0,
online_correction_v4-C7-b053-bc1e85ced77d3bc9,C7,cosmos3_nano_droid,53,left,original_sham,1,0,pickup,no_grasp,0,0,0,0,
online_correction_v4-C7-b053-bd11310fc9177751,C7,cosmos3_nano_droid,53,front,move_stop,1,0,pickup,no_grasp,0,0,0,0,
online_correction_v4-C7-b054-17d699756d65a109,C7,cosmos3_nano_droid,54,front,destination_static,1,0,pickup,no_grasp,0,0,0,0,
online_correction_v4-C7-b054-19759ae92b8311fe,C7,cosmos3_nano_droid,54,right,destination_static,1,0,pickup,no_grasp,0,0,0,0,
online_correction_v4-C7-b054-42acb6f07eb12066,C7,cosmos3_nano_droid,54,front,original_sham,1,0,pickup,no_grasp,0,0,0,0,
online_correction_v4-C7-b054-4cd7d485d9b2e30e,C7,cosmos3_nano_droid,54,left,destination_static,1,0,pickup,no_grasp,0,0,0,0,
online_correction_v4-C7-b054-6a01d9ee857cb76e,C7,cosmos3_nano_droid,54,right,move_stop,1,0,pickup,no_grasp,0,0,0,0,
online_correction_v4-C7-b054-8179de0067962cce,C7,cosmos3_nano_droid,54,left,move_stop,1,0,pickup,no_grasp,0,0,0,0,
online_correction_v4-C7-b054-8748e8b86736c582,C7,cosmos3_nano_droid,54,right,original_sham,1,0,pickup,no_grasp,0,0,0,0,
online_correction_v4-C7-b054-be511ee6a39d1f01,C7,cosmos3_nano_droid,54,behind,original_sham,1,0,pickup,no_grasp,0,0,0,0,
online_correction_v4-C7-b054-ecab8c15cbfc0bd1,C7,cosmos3_nano_droid,54,left,original_sham,1,0,pickup,no_grasp,0,0,0,0,
online_correction_v4-C7-b054-fc4cf15f4b090fae,C7,cosmos3_nano_droid,54,behind,destination_static,1,0,pickup,no_grasp,0,0,0,0,
online_correction_v4-C7-b055-2712c51a48f25b26,C7,cosmos3_nano_droid,55,front,original_sham,1,0,pickup,no_grasp,0,0,0,0,
online_correction_v4-C7-b055-27fe8a46c0091e87,C7,cosmos3_nano_droid,55,front,move_stop,1,0,pickup,no_grasp,0,0,0,0,
online_correction_v4-C7-b055-3943ad0b77f4468c,C7,cosmos3_nano_droid,55,behind,destination_static,1,0,pickup,no_grasp,0,0,0,0,
online_correction_v4-C7-b055-5625a51b7649fd3a,C7,cosmos3_nano_droid,55,behind,move_stop,1,0,pickup,no_grasp,0,0,0,0,
online_correction_v4-C7-b055-667bde190b640568,C7,cosmos3_nano_droid,55,left,move_stop,1,0,pickup,no_grasp,0,0,0,0,
online_correction_v4-C7-b055-82bbf6db037b4ef6,C7,cosmos3_nano_droid,55,front,destination_static,1,0,pickup,no_grasp,0,0,0,0,
online_correction_v4-C7-b055-8cc41fd54c6edc36,C7,cosmos3_nano_droid,55,right,original_sham,1,0,pickup,no_grasp,0,0,0,0,
online_correction_v4-C7-b055-c52ffc712e4f545f,C7,cosmos3_nano_droid,55,left,destination_static,1,0,pickup,no_grasp,0,0,0,0,
online_correction_v4-C7-b055-d3a2bc8530203f32,C7,cosmos3_nano_droid,55,right,move_stop,1,0,pickup,no_grasp,0,0,0,0,
online_correction_v4-C7-b056-3448908f739f4140,C7,cosmos3_nano_droid,56,behind,destination_static,1,0,pickup,no_grasp,0,0,0,0,
online_correction_v4-C7-b056-54a4459e8a32b49d,C7,cosmos3_nano_droid,56,behind,original_sham,1,0,pickup,no_grasp,0,0,0,0,
online_correction_v4-C7-b056-6072d895a5c28652,C7,cosmos3_nano_droid,56,front,move_stop,1,0,pickup,no_grasp,0,0,0,0,
online_correction_v4-C7-b056-edd1fb5ef910100b,C7,cosmos3_nano_droid,56,left,destination_static,1,0,pickup,no_grasp,0,0,0,0,
online_correction_v4-C7-b056-f6dc2ca1888215f7,C7,cosmos3_nano_droid,56,right,move_stop,1,0,pickup,no_grasp,0,0,0,0,
online_correction_v4-C7-b057-129ab353ae541aae,C7,cosmos3_nano_droid,57,behind,original_sham,1,0,pickup,no_grasp,0,0,0,0,
online_correction_v4-C7-b057-1a135ba80f03837e,C7,cosmos3_nano_droid,57,left,destination_static,1,0,pickup,no_grasp,0,0,0,0,
online_correction_v4-C7-b057-312f7c0365edd6f1,C7,cosmos3_nano_droid,57,left,move_stop,1,0,pickup,no_grasp,0,0,0,0,
online_correction_v4-C7-b057-3da623c4d5e72707,C7,cosmos3_nano_droid,57,front,move_stop,1,0,pickup,no_grasp,0,0,0,0,
online_correction_v4-C7-b057-9206951306c2a7af,C7,cosmos3_nano_droid,57,front,destination_static,1,0,pickup,no_grasp,0,0,0,0,
online_correction_v4-C7-b057-940d51c25deee039,C7,cosmos3_nano_droid,57,right,move_stop,1,0,pickup,no_grasp,0,0,0,0,
online_correction_v4-C7-b057-b505d0297c3a3bbd,C7,cosmos3_nano_droid,57,front,original_sham,1,0,pickup,no_grasp,0,0,0,0,
online_correction_v4-C7-b057-e6b81bf2f0dcd55a,C7,cosmos3_nano_droid,57,right,original_sham,1,0,pickup,no_grasp,0,0,0,0,
online_correction_v4-C7-b057-e8aee7a14022d226,C7,cosmos3_nano_droid,57,behind,move_stop,1,0,pickup,no_grasp,0,0,0,0,
online_correction_v4-C7-b058-03211ab61b8d0fb6,C7,cosmos3_nano_droid,58,front,move_stop,1,0,pickup,no_grasp,0,0,0,0,
online_correction_v4-C7-b058-07db7a9d1a13e77c,C7,cosmos3_nano_droid,58,left,original_sham,1,0,pickup,no_grasp,0,0,0,0,
online_correction_v4-C7-b058-162db70f77bd303c,C7,cosmos3_nano_droid,58,right,move_stop,1,0,pickup,no_grasp,0,0,0,0,
online_correction_v4-C7-b058-46eb58729e30e737,C7,cosmos3_nano_droid,58,behind,move_stop,1,0,pickup,no_grasp,0,0,0,0,
online_correction_v4-C7-b058-5e6988a755d33372,C7,cosmos3_nano_droid,58,left,destination_static,1,0,pickup,no_grasp,0,0,0,0,
online_correction_v4-C7-b058-841a331ba4a8abd3,C7,cosmos3_nano_droid,58,front,original_sham,1,0,pickup,no_grasp,0,0,0,0,
online_correction_v4-C7-b058-de40ae512c30fcb6,C7,cosmos3_nano_droid,58,behind,destination_static,1,0,pickup,no_grasp,0,0,0,0,
online_correction_v4-C7-b059-30ec399bf5971376,C7,cosmos3_nano_droid,59,behind,destination_static,1,0,pickup,no_grasp,0,0,0,0,
online_correction_v4-C7-b059-a57955932b421a68,C7,cosmos3_nano_droid,59,right,move_stop,1,0,pickup,no_grasp,0,0,0,0,
online_correction_v4-C7-b059-ef02b2bf2d07b977,C7,cosmos3_nano_droid,59,front,move_stop,1,0,pickup,no_grasp,0,0,0,0,
online_correction_v4-C7-b060-25f1520015f18c95,C7,cosmos3_nano_droid,60,behind,move_stop,1,0,pickup,no_grasp,0,0,0,0,
online_correction_v4-C7-b060-60f1bcf43abf8e59,C7,cosmos3_nano_droid,60,left,move_stop,1,0,pickup,no_grasp,0,0,0,0,
online_correction_v4-C7-b060-978a14e16d109a16,C7,cosmos3_nano_droid,60,front,move_stop,1,0,pickup,no_grasp,0,0,0,0,
online_correction_v4-C7-b060-c75b215d196d03c4,C7,cosmos3_nano_droid,60,left,destination_static,1,0,pickup,no_grasp,0,0,0,0,
online_correction_v4-C7-b060-e61428d1f0e2b7c6,C7,cosmos3_nano_droid,60,front,original_sham,1,0,pickup,no_grasp,0,0,0,0,
online_correction_v4-C7-b060-ead985fe8fb96516,C7,cosmos3_nano_droid,60,front,destination_static,1,0,pickup,no_grasp,0,0,0,0,
online_correction_v4-C7-b061-6cbe8f88d288a336,C7,cosmos3_nano_droid,61,behind,move_stop,1,0,pickup,no_grasp,0,0,0,0,
online_correction_v4-C7-b061-6e3df0593bc00e87,C7,cosmos3_nano_droid,61,behind,destination_static,1,0,pickup,no_grasp,0,0,0,0,
online_correction_v4-C7-b061-a95706519325d4f7,C7,cosmos3_nano_droid,61,left,move_stop,1,0,pickup,no_grasp,0,0,0,0,
online_correction_v4-C7-b061-b04380b635f6bbe7,C7,cosmos3_nano_droid,61,left,original_sham,1,0,pickup,no_grasp,0,0,0,0,
online_correction_v4-C7-b061-ce361037a35f1402,C7,cosmos3_nano_droid,61,front,destination_static,1,0,pickup,no_grasp,0,0,0,0,
online_correction_v4-C7-b061-e122702d9396eb7a,C7,cosmos3_nano_droid,61,front,original_sham,1,0,pickup,no_grasp,0,0,0,0,
online_correction_v4-C7-b061-e35bec1935e91784,C7,cosmos3_nano_droid,61,front,move_stop,1,0,pickup,no_grasp,0,0,0,0,
online_correction_v4-C7-b061-e7111e8e986138ff,C7,cosmos3_nano_droid,61,right,destination_static,1,0,pickup,no_grasp,0,0,0,0,
online_correction_v4-C7-b061-f4bfc5666058bdaa,C7,cosmos3_nano_droid,61,left,destination_static,1,0,pickup,no_grasp,0,0,0,0,
online_correction_v4-C7-b062-37712d413705d834,C7,cosmos3_nano_droid,62,front,original_sham,1,0,pickup,no_grasp,0,0,0,0,
online_correction_v4-C7-b062-3aceb596ca2f319c,C7,cosmos3_nano_droid,62,right,original_sham,1,0,pickup,no_grasp,0,0,0,0,
online_correction_v4-C7-b062-4b428b1cfcd3d5c9,C7,cosmos3_nano_droid,62,left,move_stop,1,0,pickup,no_grasp,0,0,0,0,
online_correction_v4-C7-b062-4e3337b65f623292,C7,cosmos3_nano_droid,62,right,move_stop,1,0,pickup,no_grasp,0,0,0,0,
online_correction_v4-C7-b062-e477d5d3fd9293d8,C7,cosmos3_nano_droid,62,behind,original_sham,1,0,pickup,no_grasp,0,0,0,0,
online_correction_v4-C7-b062-f87b97d2198b5fed,C7,cosmos3_nano_droid,62,front,destination_static,1,0,pickup,no_grasp,0,0,0,0,
online_correction_v4-C7-b063-3b2ff2e904c02a2c,C7,cosmos3_nano_droid,63,right,original_sham,1,0,pickup,no_grasp,0,0,0,0,
online_correction_v4-C7-b063-605a212ed63258d8,C7,cosmos3_nano_droid,63,front,move_stop,1,0,pickup,no_grasp,0,0,0,0,
online_correction_v4-C7-b063-69ae5c29ead1c952,C7,cosmos3_nano_droid,63,behind,destination_static,1,0,pickup,no_grasp,0,0,0,0,
online_correction_v4-C7-b063-b2cf8362daeb0fa8,C7,cosmos3_nano_droid,63,behind,move_stop,1,0,pickup,no_grasp,0,0,0,0,
online_correction_v4-C7-b063-b9c6d8f11c4b947f,C7,cosmos3_nano_droid,63,front,destination_static,1,0,pickup,no_grasp,0,0,0,0,
online_correction_v4-C7-b063-c21445e8f17bdc50,C7,cosmos3_nano_droid,63,right,move_stop,1,0,pickup,no_grasp,0,0,0,0,
online_correction_v4-C7-b063-dfa6bd2833fd40bc,C7,cosmos3_nano_droid,63,right,destination_static,1,0,pickup,no_grasp,0,0,0,0,
