8a0dbedc7f531700f1427c766da074535ffc7ba528b456fbd5a29835a1670b31	204824	cache/home/.nv/ComputeCache/1/d/1a7f39f4a679a5
2f600950e8be4e7ae449327a3601e17bea6011ea8e2edf538c945cc782700287	32	cache/home/.nv/ComputeCache/index
0469d426715549e185e3ebea872a3e60866a58b2e71de19177a3a12d09f5211f	1486	cache/home/.nvidia-omniverse/logs/omni.kit.app.log
0df2ac3df553d5a85feba669270010abc3e55853e34d6aa2d9cd358d5982fd46	57879	cache/home/.nvidia-omniverse/logs/omni.kit.extension.log
e7df8196e795e5dfdb1c2467b0e00a9855b7509c9dd537398ce16eeba3adcf4d	1757	cache/home/.nvidia-omniverse/logs/omni.kit.log
8615eada231297722a7c64ee0304c66332d21a611c9941601b96d574aa0870c6	2618	cache/home/.nvidia-omniverse/logs/omni.kit.sysinfo.log
d1ae26571b1415af2a8bb2bc69fdbb3d3d492c6c3797783819c0720037eadf82	5532	cache/home/.nvidia-omniverse/logs/omni.processlifetime.log
daa673f0dc576775386db9f96ed0e840d9eed874e9ec65dbb3131b4485e156b3	52884	cache/home/.nvidia-omniverse/logs/omni.replicator.extinfo.log
e3b0c44298fc1c149afbf4c8996fb92427ae41e4649b934ca495991b7852b855	0	cache/home/.nvidia-omniverse/logs/omni.telemetry.transmitter.exit
e3b0c44298fc1c149afbf4c8996fb92427ae41e4649b934ca495991b7852b855	0	cache/home/.nvidia-omniverse/logs/omni.telemetry.transmitter.lock
b8877bd75c4e28d014b9dae42af1449bb8ab8c217c459945618d08201205090f	24399	cache/matplotlib/fontlist-v390.json
e3b0c44298fc1c149afbf4c8996fb92427ae41e4649b934ca495991b7852b855	0	cache/tmp/hub-ali-lerobot.lock
8205b16956fb264841ecd8644784a0d157f87df79b17c16825dc1163433ce5d8	2355	cache/tmp/tmprp34gnhs/_remote_module_non_scriptable.py
63eb7f56006238ae1e2617d28673fffcd745e9ea567bea595b48140e1af622a3	16318	cache/warp/wp_isaaclab.utils.warp.kernels_decdb29/wp_isaaclab.utils.warp.kernels_decdb29.cu
83f849a79b3cd587b824ed7f78c2dee4af052edf258ac6d396647de5610544ff	532	cache/warp/wp_isaaclab.utils.warp.kernels_decdb29/wp_isaaclab.utils.warp.kernels_decdb29.meta
1a79892bfe014aaeb5b70c349cfad8740aa370ac5aa62627b233d2e247b29d7c	88885	cache/warp/wp_isaaclab.utils.warp.kernels_decdb29/wp_isaaclab.utils.warp.kernels_decdb29.sm86.ptx
e3b0c44298fc1c149afbf4c8996fb92427ae41e4649b934ca495991b7852b855	0	cache/xdg/ov/_cache.lock
e0b97a5202412b276f9788612287a4b84b7533a5b96dd95dda5331ebbc7bd74c	52	cache/xdg/ov/client/_cache.json
3c0cd2b47a2803a96f9425b038fba9694357338cad9067be414b6b9f525a4451	5391227	cache/xdg/ov/client/http/1f6ca14c99f014fd8c38f683e8085923593d96dc78ecb382fd0fe5aba87b4880.png
ae7246dd52d4aae04bbc2d5946123a40b13ba6c506268c70faee2c58db8d80f3	1486668	cache/xdg/ov/client/http/2867691d01124691db6840a3cf670e859ef0d97473faacfbe41612e2e8120831.png
58648d35e3b8a9d953948ce0394b56aa95184e1f88b5abab139e7a32a2b44043	5383545	cache/xdg/ov/client/http/50d62f83987d92a81dc4add3e1c13402e735ea9672eb4913bb2602b462e09c05.png
43127eafd16af0945301440621d0224980c4d6aca43d566110b40d8efbd1edd5	1955	cache/xdg/ov/client/http/625bf3785966cb6cebf4a98257ed7ce2548c108bf2bccfa2ea8b37ca13b133c7.mdl
01236a8842e811d2c6520ab7a808aebe3031dd88d77e26302adb66292daf1363	4856749	cache/xdg/ov/client/http/6f08eb71e683a27d42cc67d13c5f0e03e306cd4695a3e288f2b1027e255ac91a.png
5afe0827684f1999fc1a30e97acb580f817db21d7142c57283f4e769070f5723	10577957	cache/xdg/ov/client/http/86c060443123c94e5cf4ace9a3f5879035cedb3ebcb33eb173226a65677d9185.png
679f5acb410bc245d3335b1fc393b4684137f796cf5285eecc8c340260e30f98	2005	cache/xdg/ov/client/http/8e1336ef1b2dfd885f1ef40ca7a2ca0fb1ba29ea6818f8fe4039b0eece3ae96e.mdl
ecaeb454231fb319a6c8d4a63769396b9fa228e0572f4e3fce73db78bac0881c	2638595	cache/xdg/ov/client/http/9aca7084ce2fb73c571dbdb1dc0f9fbda5faca143c21ffd77d8eb39b636fe87b.png
6499881c02324f599f36119d152d2b6def1ddf1d8de775ef6149118b5a84a322	1935	cache/xdg/ov/client/http/9dca30d5594414dd1d381bc65c5a9d3dec503469677af2ba26c03cb9db1096cf.mdl
754ccca3176ccb3bbeb648af574c57eb5be0b876c579faaf45f9e8a09f71ec39	1171706	cache/xdg/ov/client/http/ab946f98513ed28ab1418cc27a922851408d858b5b6495b8165a12992f04e3b1.png
29fd8a9317a9a9775cb8b77a3ce055b3282a07f03bca24f22a1d31c528832c86	1554785	cache/xdg/ov/client/http/b8d8ccaa515b0873404e937b0a79b8e09af73803b606ac0461b876d3839e0acd.png
996caa235e62010e15fcf8c820ffdf502a3c276fc416d3f95298e325adf44616	1522	cache/xdg/ov/client/http/c1c548dc2ea559995ac6a328099aee24fb53fb5231a00fdce5a6379470642ad6.mdl
1b99d2989052da2848b8ef2dd05a50854c938e62e5c666bc0510626d8e5fda1c	1688699	cache/xdg/ov/client/http/d2d677254b011d8f8c3b37e3b52b01ac6f971b44e794cc04c0631d65d1bf3519.png
91057428424f5e954250517be6f273c8d9bfe5cebdd36704555aca496ec9b15b	13090080	cache/xdg/ov/client/http/d8ec08ba6d69bbd090f346bb578ea2fc8ef8a7df7492265b3b5275201980c3dd.png
77b71dbef917d75800b90cbeceaf50ddbff3b77388f628a10c245aa7e3379e93	1991	cache/xdg/ov/client/http/daee153d7993024a9e53009f08996ae32b12996bcca339171bf59b1bcf4b40f9.mdl
4538148c60da7c94d88d656bbc62106a16bd652052bc196cab56ee6d9e01c249	2939899	cache/xdg/ov/client/http/e4651d994b495fb9aa77b9ac7f03fc73ab389eec57740f563660bea31aa9db94.png
fa9b60387e8b0b965b541c9b1f3bd48b90b801d0cbaef7ebacb8d5c892e5099c	550125	cache/xdg/ov/client/http/ee1529b46d8fd578bdc8315695f9a700944174be1677b704fd2e78f711b7eae3.png
ce2e49eec7bac31894bf6f167bbedc2b0a33072740f9eb82f156bd9183d88798	570	cache/xdg/ov/client/https/13a8f6c442d94a7cde9636c931cd5e067a2e28c7f8efd3f8492ba0a5c25ecf8a.mdl
31b2c2a907765c26b73ebbcc8666e2fb516f92fbbc546a49be496da9ba77eb54	38565	cache/xdg/ov/client/https/1a759997866b0b330b3827a404c5716f56c42bde5ab12a008975d4e40ca5df8f.mdl
25e715d7c65ba33a1c920d0e5c8ba119f3737c0dec183bc1cbec67b25fa19054	16903	cache/xdg/ov/client/https/6d1061bedd836cdd3841e764c28aabdacec2bca3b970706b233d836aeca4ba13.png
e51996b5c78df239742fcf76ed3475002328afd0c5ba7922932bca89330a3b56	44585	cache/xdg/ov/client/https/8639d806d13c74b593616a8e7716ac4582d3add17b273f70c3a5345307a8cd6e.mdl
00c226b573d873f241013ce76f2bb1fafe38e544719faae4b7c3494784563566	2669524	cache/xdg/ov/client/https/881e8bce0caad1e2d4bf3dc142e8a94abd7693a0010ef13ff4dfdaacc38a3941.jpg
c9897ec963a360ff3c62b15013c88a8f7aa7534bbfea92251bf80e2a0933ff6a	5161841	cache/xdg/ov/client/https/8df099676a3becf2ed773600831db67d54e32c53a7122fe31b718d219c3c6070.png
c9bcb7378897899c987f1629470929bf2e857196d3342c773f45c689f6e935d7	1572	cache/xdg/ov/client/https/ad6cb522cbc87348193bb4f1b2335d5625e2119a814f78114426a97089a2fc8c.mdl
e6368c9d99e2759151dc6205f107e6a87516884ab084ed3264efe4f63536b199	1155371	cache/xdg/ov/client/https/c6fd97b7751cff6f84fc81221c5092eca641e847ef9d29e24ddd71c9b8b2bf67.png
81f86d0ed3fbfa87812de56055cbcafc27f68b925d4d5e769633973e9c3c892a	30015	cache/xdg/ov/client/https/d942ec0628f13e1c3e5ffb5f979b37a4e70f769e28c8f7bd892a048e92867c53.mdl
eec05fc1f50a27f5fd3f05ec5464c3ca41537d3c476b4325275e234bb77f4429	1511	cache/xdg/ov/client/https/f42d67941e695c55999e8c5acb39001593e42b20536b9ce530efb93ca4953f19.mdl
d94431dda3ca5d00a4eab074555fd421905beadcc2fabc47b1b6cd27112cd989	4194304	cache/xdg/ov/texturecache/Bamboo_BaseColor_102_1_0_1686685999_1688699_6.ovtex.0
d7c77aededf83a066e502c467ac8badbcf354013343bd053840a48b2bc65248b	1048576	cache/xdg/ov/texturecache/Bamboo_BaseColor_102_1_0_1686685999_1688699_6.ovtex.1
f8659d9c67d8d015eb4f8ea668ebd99d656cd20db69e79301f55fbf46602bd35	262144	cache/xdg/ov/texturecache/Bamboo_BaseColor_102_1_0_1686685999_1688699_6.ovtex.2
18d014612e78b9f116af06e707a44f0657e8ca5183f40d72169a669facbb4676	65536	cache/xdg/ov/texturecache/Bamboo_BaseColor_102_1_0_1686685999_1688699_6.ovtex.3
80368d899ea0d28774de3e3a4f08bd444fa42a8f686dc82e20c00bad0e8dff94	20668	cache/xdg/ov/texturecache/Bamboo_BaseColor_102_1_0_1686685999_1688699_6.ovtex.desc
bdb4fea1cc0784b9e430b5f75fe9349a25d4418083100d16ba54eb5b223576c8	4194304	cache/xdg/ov/texturecache/Bamboo_N_101_1_0_1686685999_1486668_6.ovtex.0
239b2c3964860ed3c0cc215448f683aa569c0804c9f913c95173627bd9b737b1	1048576	cache/xdg/ov/texturecache/Bamboo_N_101_1_0_1686685999_1486668_6.ovtex.1
4ed10a18f9105dd7a171923fc159d3ccd0d4717998e79c8ee9eae9e2cb848566	262144	cache/xdg/ov/texturecache/Bamboo_N_101_1_0_1686685999_1486668_6.ovtex.2
05d6890596fff63500b463e0ae7b2d2452db85843b73bb208b3ab0fa8c5de6d1	65536	cache/xdg/ov/texturecache/Bamboo_N_101_1_0_1686685999_1486668_6.ovtex.3
6b38fc3e2ab41ab77baf442cf745f9b6a61ca3c4efc6e5fa6371f65b50d543df	20668	cache/xdg/ov/texturecache/Bamboo_N_101_1_0_1686685999_1486668_6.ovtex.desc
5d38015c69b1e9499b70f5c65995b03e2cdb106233f67297c53f884ef80ee2ad	4194304	cache/xdg/ov/texturecache/Bamboo_ORM_101_1_0_1686685999_550125_6.ovtex.0
c2a5b9391c23d8e718d37df569d6aef3ad37cf7f40e49e1202f001dd52c66a41	1048576	cache/xdg/ov/texturecache/Bamboo_ORM_101_1_0_1686685999_550125_6.ovtex.1
e0ea4f5434b168d3dbcb995a48b14429c0fc9712f723e142764db0560f461af5	262144	cache/xdg/ov/texturecache/Bamboo_ORM_101_1_0_1686685999_550125_6.ovtex.2
71966119e0a07b30e551652f53bcc47b98a9ed18fc1e99a2314209497e6f862b	65536	cache/xdg/ov/texturecache/Bamboo_ORM_101_1_0_1686685999_550125_6.ovtex.3
657ecfba29f976424cb2af3a36e40978b4444851f4b1c23efe0332751df05466	20668	cache/xdg/ov/texturecache/Bamboo_ORM_101_1_0_1686685999_550125_6.ovtex.desc
0f4d2e252371d4198560909ce8a71f9899cec6bbc21c75e2a3148c585d85bca4	4194304	cache/xdg/ov/texturecache/Oak_BaseColor_102_1_0_1686686003_5383545_6.ovtex.0
082c1aa283e2eadcc0fc0c10ee70fc19dd6c213374fd0b64f7f4388f02383746	1048576	cache/xdg/ov/texturecache/Oak_BaseColor_102_1_0_1686686003_5383545_6.ovtex.1
dcb91d4bbd1c73232610b46b00455b4c8d6f7c930aaa43308e61466aabca4d9f	262144	cache/xdg/ov/texturecache/Oak_BaseColor_102_1_0_1686686003_5383545_6.ovtex.2
dfd72bb232a9c6dfc19d8e678112aa31506a92091eaeac6beb285992714df6d9	65536	cache/xdg/ov/texturecache/Oak_BaseColor_102_1_0_1686686003_5383545_6.ovtex.3
77ef56adc22f2f5837a0962af806bb94d3086ffe70498e45757c37640f5d9712	20668	cache/xdg/ov/texturecache/Oak_BaseColor_102_1_0_1686686003_5383545_6.ovtex.desc
27f249f0b084c18844b66d642920f5304c2345ef03ba64f5f052fe6d035244f2	4194304	cache/xdg/ov/texturecache/Oak_N_101_1_0_1686686003_2939899_6.ovtex.0
3e86d34eb48e74afeaa3f8bc6e46df7a83a697b84d1b12062c664e45ad723f4d	1048576	cache/xdg/ov/texturecache/Oak_N_101_1_0_1686686003_2939899_6.ovtex.1
b62996a788bcb6864b4cafdb14e7fe7c9c1e69e67f941dfa9f8eeac5cd42e4a1	262144	cache/xdg/ov/texturecache/Oak_N_101_1_0_1686686003_2939899_6.ovtex.2
722266cc340da560be7d992556dd79ef07429d14c6137125f16ad83d9dc170b0	65536	cache/xdg/ov/texturecache/Oak_N_101_1_0_1686686003_2939899_6.ovtex.3
c28d7c463426bb50d0d66142746f27b2ca7050aaff462d3f248c17a8398eefbb	20668	cache/xdg/ov/texturecache/Oak_N_101_1_0_1686686003_2939899_6.ovtex.desc
36ad3dd1f721905b4e33064e103a5c4f475b9d997ee123f4fe68d8b85a7a7b2a	4194304	cache/xdg/ov/texturecache/Oak_ORM_101_1_0_1686686003_1171706_6.ovtex.0
5ce4448e5bcdd5bc7e1daa1d686b12215804e6722967e6e1d451447236292333	1048576	cache/xdg/ov/texturecache/Oak_ORM_101_1_0_1686686003_1171706_6.ovtex.1
837e9c3bc7730864acff9484c4957f5bb0944c31f1fbd091eb0af3710929e02d	262144	cache/xdg/ov/texturecache/Oak_ORM_101_1_0_1686686003_1171706_6.ovtex.2
da6e47af1c6b9d7397c3a8b13c48bbfe591e193256fb3900b37a3881c35d1e39	65536	cache/xdg/ov/texturecache/Oak_ORM_101_1_0_1686686003_1171706_6.ovtex.3
f82e0553e1f69d68089853a3654abd2e8b31eb2fe2c0510c0e9d2687c4b70b21	20668	cache/xdg/ov/texturecache/Oak_ORM_101_1_0_1686686003_1171706_6.ovtex.desc
bc351abac9245cf4f9c88de068fb45036d9550bbce1395d52344f183c9f66f76	4194304	cache/xdg/ov/texturecache/Rubber_Textured_BaseColor_102_1_0_1687566593_16903_6.ovtex.0
32a550fd9b5acf8629e5de12cc6b0ca90cb942f0699390d9658b06ae59d67e0f	1048576	cache/xdg/ov/texturecache/Rubber_Textured_BaseColor_102_1_0_1687566593_16903_6.ovtex.1
f5ce0f912da8eae739aa7f3a726171a18d2a67f56b3a44024e90a03a74332650	262144	cache/xdg/ov/texturecache/Rubber_Textured_BaseColor_102_1_0_1687566593_16903_6.ovtex.2
e4bed4d6a9e99b0e517c908a696c8f62fc2e573751f06a6a1e05fc9a79908f93	65536	cache/xdg/ov/texturecache/Rubber_Textured_BaseColor_102_1_0_1687566593_16903_6.ovtex.3
eef5ba57a8c50335772097e450f7392dc50165d0fc795f4b8c561e854fdf260a	20668	cache/xdg/ov/texturecache/Rubber_Textured_BaseColor_102_1_0_1687566593_16903_6.ovtex.desc
3add0c45793676055335ea7f8aeb6f1a64fb4eb189bb1ddc1955850d1816f11a	4194304	cache/xdg/ov/texturecache/Rubber_Textured_Normal_101_1_0_1687566593_5161841_6.ovtex.0
b9f24c9ec48c82a4bd468427f85250d5d27941d0345ce27a19c05c3ad8f12a4c	1048576	cache/xdg/ov/texturecache/Rubber_Textured_Normal_101_1_0_1687566593_5161841_6.ovtex.1
dabaed3add4609e508db28746b286c47f949c9a31ff56ba8e966b958a59a1b48	262144	cache/xdg/ov/texturecache/Rubber_Textured_Normal_101_1_0_1687566593_5161841_6.ovtex.2
a83052144ae77c83c0a57b8a2973c7e89c2f8d1489b44afc4ebb37c54fa0d2e9	65536	cache/xdg/ov/texturecache/Rubber_Textured_Normal_101_1_0_1687566593_5161841_6.ovtex.3
53c701027da0a7965b616307e7279670dfd88e8e6cefea8a47f07e3dadbbdf5c	20668	cache/xdg/ov/texturecache/Rubber_Textured_Normal_101_1_0_1687566593_5161841_6.ovtex.desc
d9c562821f7ac347bbd01c90235b1dfac5d921c199add8aa0e4ae67e368b8d8c	4194304	cache/xdg/ov/texturecache/Rubber_Textured_ORM_101_1_0_1687566594_1155371_6.ovtex.0
b1579f4c893725d18793bd304f4098a0f6e5d6e20a6fd9d45fabe94c90915269	1048576	cache/xdg/ov/texturecache/Rubber_Textured_ORM_101_1_0_1687566594_1155371_6.ovtex.1
af304d79f1564b5a0446d46ce0c9504455d2a8b112981d3d3e3eebbd1cad4e02	262144	cache/xdg/ov/texturecache/Rubber_Textured_ORM_101_1_0_1687566594_1155371_6.ovtex.2
fc7a86657511cd4265944970d7f7db237068dd1a7664d53dd1a923745b19b4d0	65536	cache/xdg/ov/texturecache/Rubber_Textured_ORM_101_1_0_1687566594_1155371_6.ovtex.3
d2440b07c81b0b7886e4dc6a503d34ea735c53ae4aeda6ef5fcfc5d69d503d05	20668	cache/xdg/ov/texturecache/Rubber_Textured_ORM_101_1_0_1687566594_1155371_6.ovtex.desc
ee2cf983ac9b10f3abe75c40d86618ac802d62af7c274f8103af709ef909827f	4194304	cache/xdg/ov/texturecache/RustedMetal_BaseColor_102_1_0_1686685974_5391227_6.ovtex.0
31c7eb57635c98f6aca8e5fe398a9c07f7498a39b02f358389ae4d8f89c93183	1048576	cache/xdg/ov/texturecache/RustedMetal_BaseColor_102_1_0_1686685974_5391227_6.ovtex.1
9c5dd559d87deb010be04ec09a578ad3075487ca296e11c75585fb683afc101b	262144	cache/xdg/ov/texturecache/RustedMetal_BaseColor_102_1_0_1686685974_5391227_6.ovtex.2
c7ae083fef9fddc7b6535de5eebc7245bfc644d1b11058cc7951907eac41ca38	65536	cache/xdg/ov/texturecache/RustedMetal_BaseColor_102_1_0_1686685974_5391227_6.ovtex.3
776b84c01f2df8dff86d8e293bb37bebf14ca8e8f61e24815546a5155be264ca	20668	cache/xdg/ov/texturecache/RustedMetal_BaseColor_102_1_0_1686685974_5391227_6.ovtex.desc
04d543e3532054912d2a1dcaef8d829f059be15b59b44f56bbc1eba4390ad36c	33554432	cache/xdg/ov/texturecache/RustedMetal_N_101_1_0_1686685974_13090080_6.ovtex.0
a06d555698145f57af68d14fdea686795f9afe2d9440136484988ab0977cb924	8388608	cache/xdg/ov/texturecache/RustedMetal_N_101_1_0_1686685974_13090080_6.ovtex.1
b00af29f273b31affbc4f25284584f84d2b3f8c1f1c0d2ec863ea1aa78c8ed5e	2097152	cache/xdg/ov/texturecache/RustedMetal_N_101_1_0_1686685974_13090080_6.ovtex.2
aff156d88812bf60f9ae7b6799e0e20ce1d069b41e596e3bb74e157203000688	524288	cache/xdg/ov/texturecache/RustedMetal_N_101_1_0_1686685974_13090080_6.ovtex.3
ea8df80a3e16cb21f519c49e4fdb1e6eedaca526f7044c38a6d804716629cfb9	131072	cache/xdg/ov/texturecache/RustedMetal_N_101_1_0_1686685974_13090080_6.ovtex.4
b2c1536c2bef0adfaf9f5c44e969f46f5461a72d3f9bf0698de2f0802c6ee302	44020	cache/xdg/ov/texturecache/RustedMetal_N_101_1_0_1686685974_13090080_6.ovtex.desc
28b7d8a3b811388c09f42d9635162744bdf0e68d6ffc85abec5c8fdcf995d600	33554432	cache/xdg/ov/texturecache/RustedMetal_ORM_101_1_0_1686685975_10577957_6.ovtex.0
aeec0e4d2cd8080dc681ce2b534b901e5d8fc5f7f8a27c7a9d1273b9fc706d3f	8388608	cache/xdg/ov/texturecache/RustedMetal_ORM_101_1_0_1686685975_10577957_6.ovtex.1
7868d06f9088f0a5911f21b820b289e61ee22ee5ea3d9bd3e5fa048ccc42de3f	2097152	cache/xdg/ov/texturecache/RustedMetal_ORM_101_1_0_1686685975_10577957_6.ovtex.2
747bf76650e27a78e8b1f595be02da3fb97c43ea159119590f14357be47575dc	524288	cache/xdg/ov/texturecache/RustedMetal_ORM_101_1_0_1686685975_10577957_6.ovtex.3
4bec12a50fb106bbca1cbd541912ee030ebb23cf8deab8d15318720ae2d0e47b	131072	cache/xdg/ov/texturecache/RustedMetal_ORM_101_1_0_1686685975_10577957_6.ovtex.4
d859ec554a0430444559a745431dbbc38e0c5cbc0c08710b042d7a92433c4d0d	44020	cache/xdg/ov/texturecache/RustedMetal_ORM_101_1_0_1686685975_10577957_6.ovtex.desc
e2e7759a323fb0a2400a36adbabeafe03c81d1d3c872425ff1832b0073845990	4194304	cache/xdg/ov/texturecache/Walnut_Planks_BaseColor_102_1_0_1686686005_4856749_6.ovtex.0
991b2ea0f596363665cca48d542b4ee450ccb2507869e0793f1c4e8b5148e695	1048576	cache/xdg/ov/texturecache/Walnut_Planks_BaseColor_102_1_0_1686686005_4856749_6.ovtex.1
43c8ac89ca31ee3454d1f20e0ef83f804dacc912d6d93789fd2adb87ca6a780f	262144	cache/xdg/ov/texturecache/Walnut_Planks_BaseColor_102_1_0_1686686005_4856749_6.ovtex.2
0d8d06f413ec6c33326d1e0e3db14213fea84aa299aa1b367071789f4ad9e2ba	65536	cache/xdg/ov/texturecache/Walnut_Planks_BaseColor_102_1_0_1686686005_4856749_6.ovtex.3
0be4e5b563ff499df1892ebcf2e85f864e392f5c619a3fcbb1f735ef8cfac8c3	20668	cache/xdg/ov/texturecache/Walnut_Planks_BaseColor_102_1_0_1686686005_4856749_6.ovtex.desc
886fc42ee70e0d2ca8d25f2df5ade8942bbbbfc4e7b4bf5a216c81e3ffce4c80	4194304	cache/xdg/ov/texturecache/Walnut_Planks_N_101_1_0_1686686005_2638595_6.ovtex.0
efa3c63d32c1d7bd0413a0cea2a689cb79ee02bf6932fb6a689569eb3c6a9cfa	1048576	cache/xdg/ov/texturecache/Walnut_Planks_N_101_1_0_1686686005_2638595_6.ovtex.1
fbee04588991e419f670eef20ae690a9ad40b3dc231cd6643ec3d82318c9c2f6	262144	cache/xdg/ov/texturecache/Walnut_Planks_N_101_1_0_1686686005_2638595_6.ovtex.2
8ae506b254f6d9d1419cb7554e15943089120e0111a8d6873922fc89aa78a508	65536	cache/xdg/ov/texturecache/Walnut_Planks_N_101_1_0_1686686005_2638595_6.ovtex.3
51ed9f30282dfe1fe25f78a810a4d6e0739a30d9e1a9398465afe0174b872fdd	20668	cache/xdg/ov/texturecache/Walnut_Planks_N_101_1_0_1686686005_2638595_6.ovtex.desc
5593381c279eb9b89e24c07b44d1acdfd170939debc6cfbde18925dd88c1dbf5	4194304	cache/xdg/ov/texturecache/Walnut_Planks_ORM_101_1_0_1686686006_1554785_6.ovtex.0
57e64aa291373fda9aa7a1c2ba40ee0fe265ca50fd6ddc3c9bc93292bb0bdfbe	1048576	cache/xdg/ov/texturecache/Walnut_Planks_ORM_101_1_0_1686686006_1554785_6.ovtex.1
bbea87894221535a192a4bfb8c916a5acb2a709e17627d67a72c39ef1ab01d6f	262144	cache/xdg/ov/texturecache/Walnut_Planks_ORM_101_1_0_1686686006_1554785_6.ovtex.2
9fbc52257a09b2e6079230b85c0749bad2ea382869806a4f4ef0b6266d49d39f	65536	cache/xdg/ov/texturecache/Walnut_Planks_ORM_101_1_0_1686686006_1554785_6.ovtex.3
390cc1d229608d19077d7732b6840468e9fe9f2cd8dd6f1efc08ac3fa7628477	20668	cache/xdg/ov/texturecache/Walnut_Planks_ORM_101_1_0_1686686006_1554785_6.ovtex.desc
dbe695a606121bec90a506603b1f527a4ffcd731ed7b894a1daa816f58ac39b8	45	cache/xdg/ov/texturecache/_cache.json
b475cbcad4c0d33ec9017feb2a6f9d886a0ab6f34981519197583ac49aa1551f	16777216	cache/xdg/ov/texturecache/obj_000010_100_1_0_1785782394_2893410_6.ovtex.0
cd50b4c4a952a4f66cc583f7c58285cfa93c7f8eaf05f8be2242879444dc21ac	4194304	cache/xdg/ov/texturecache/obj_000010_100_1_0_1785782394_2893410_6.ovtex.1
b5184305eccb4c000ff957afc9e3622c9d52d2f3fcb91a4c086cda1acae5a1ba	1048576	cache/xdg/ov/texturecache/obj_000010_100_1_0_1785782394_2893410_6.ovtex.2
3e29d67122610b53653a30e7d24ac1537b7b117f61f81bff895f19593b5c3987	262144	cache/xdg/ov/texturecache/obj_000010_100_1_0_1785782394_2893410_6.ovtex.3
e497f5c6977aef37340226fed1254dfe5463404c0483bd7ad7b12634d3a71f9b	65536	cache/xdg/ov/texturecache/obj_000010_100_1_0_1785782394_2893410_6.ovtex.4
6bb8fddc78f6abbac29ea59a993d699f16d264af9104f471abb45bad772b7c1a	20692	cache/xdg/ov/texturecache/obj_000010_100_1_0_1785782394_2893410_6.ovtex.desc
e126c26014c6b2c22970759cbf4788d3b15ae55b34b4277e34addd5a09f087a5	16777216	cache/xdg/ov/texturecache/obj_000013_100_1_0_1785782394_5919165_6.ovtex.0
f57d5fd354d150e37ff96153c02cfa84bb3282618d7389d633eacecdbcc19f49	4194304	cache/xdg/ov/texturecache/obj_000013_100_1_0_1785782394_5919165_6.ovtex.1
2fca31503d4f066c85b2f9a9872fccaf7f80905878988b8fbb9508825e31014b	1048576	cache/xdg/ov/texturecache/obj_000013_100_1_0_1785782394_5919165_6.ovtex.2
4cd4f178178175f32c5629d780cb2a4d08fd0060cbc1a7cc6d132441d6989285	262144	cache/xdg/ov/texturecache/obj_000013_100_1_0_1785782394_5919165_6.ovtex.3
552b47c73d3ecc09952ef29e539ee652e6d89f763a6e30097c2985630cf5edf9	65536	cache/xdg/ov/texturecache/obj_000013_100_1_0_1785782394_5919165_6.ovtex.4
52a56137f16a2ba28e12a43ef6ac48c62e83024a6de2d8a4d73815d2d87ad919	20692	cache/xdg/ov/texturecache/obj_000013_100_1_0_1785782394_5919165_6.ovtex.desc
afdb942d49376d62db369ed9fcde1aba547f66e83338630a43b596a60c4394e6	4194304	cache/xdg/ov/texturecache/obj_000030_100_1_0_1785782394_2093975_6.ovtex.0
ed9b47bdad6ca363f4d6f166e50aa7925906f778b57d853936172e756811681a	1048576	cache/xdg/ov/texturecache/obj_000030_100_1_0_1785782394_2093975_6.ovtex.1
8af7c12dbae0290898b71585d5f87b502bdffd2b04fe4ff6e55bdc72e5ee18be	262144	cache/xdg/ov/texturecache/obj_000030_100_1_0_1785782394_2093975_6.ovtex.2
dc507541f719000cef22f4c6a9984fb6708a862ddca2a7daa9ac2dbef4d12be9	65536	cache/xdg/ov/texturecache/obj_000030_100_1_0_1785782394_2093975_6.ovtex.3
12158787055dcfc45669a0eb9a30d90a286b1deced0b5fe5fe89cdec3ac73f98	20668	cache/xdg/ov/texturecache/obj_000030_100_1_0_1785782394_2093975_6.ovtex.desc
48bc29f70fde545d84da8f96ae9e01cdef5a24d4968b0af5b81f26dbd855d57f	16777216	cache/xdg/ov/texturecache/smudges_scratches_A_rough_101_1_0_1702022669_2669524_6.ovtex.0
14d399e98899e190b039c3c13f47598db992500234462f544ebef2a69ae7c784	4194304	cache/xdg/ov/texturecache/smudges_scratches_A_rough_101_1_0_1702022669_2669524_6.ovtex.1
7b2d6ca21ac4179f6b064a9181fe85ee39790f9ef510a5269c37b10cbbeab4fb	1048576	cache/xdg/ov/texturecache/smudges_scratches_A_rough_101_1_0_1702022669_2669524_6.ovtex.2
6b90168b93f5782d0a33dd1fe938cb575b2a77f8098daa61366462fe7f0e1ed6	262144	cache/xdg/ov/texturecache/smudges_scratches_A_rough_101_1_0_1702022669_2669524_6.ovtex.3
d23d9414cd49f12cd4858401333e3f65fb89617bae87e789bb23e00522db718d	65536	cache/xdg/ov/texturecache/smudges_scratches_A_rough_101_1_0_1702022669_2669524_6.ovtex.4
8026692108d324ad69e0723c36ac7729a8db728958defe7309848e25808d3193	20692	cache/xdg/ov/texturecache/smudges_scratches_A_rough_101_1_0_1702022669_2669524_6.ovtex.desc
43a211b972f082e6e6329614c02eece6f9add2188783450f22aa1a012f2a8d62	1560	harness_result.json
0a16950b8a664a9f811e4100590ab9593b5e53826eb08c315a860f451f2f1d95	17736	launch.json
6c45d9804ff58ce6427ac3568632ec15f1d73dad55c785deea9200c27e95b388	1111167	raw/cameras/rank00__attachment_geometry__live_physics_tensor_geometry_sanity_preflight__full_reset__head_camera.png
efbbe8dc585e16efc835d0eec7b522c977cd322bbaf4b1d055eff9324d5e83ba	1167055	raw/cameras/rank00__attachment_geometry__live_physics_tensor_geometry_sanity_preflight__full_reset__over_shoulder_left_camera.png
068fd6d583c40927bf2b5d66d8c7c6b854fba828e2c354990549751a24e99392	1222129	raw/cameras/rank00__attachment_geometry__live_physics_tensor_geometry_sanity_preflight__full_reset__over_shoulder_right_camera.png
3c864f06776bd19dbd9e8307304e73b228a9b2262d1fb4779ea873e0aafe7808	1342354	raw/cameras/rank00__attachment_geometry__live_physics_tensor_geometry_sanity_preflight__full_reset__wrist_cam.png
87e1512efb3ce3026a6f7a4f242bb070d64816641d17f2d9902a51fa04bfd60a	1112540	raw/cameras/rank00__canonical_carry__known_reachable_diagnostic_03_left__full_reset__head_camera.png
f7f8024719bced69b7d064a9d9dd1cb3be463dc1e0f0c9f11cf09ce840f5bd06	1174298	raw/cameras/rank00__canonical_carry__known_reachable_diagnostic_03_left__full_reset__over_shoulder_left_camera.png
3b6865ebdbc948c5fc241fff66b6ae5c5393db79072cf53a1e40752e758eff77	1217313	raw/cameras/rank00__canonical_carry__known_reachable_diagnostic_03_left__full_reset__over_shoulder_right_camera.png
ea90a963939c306db782fe147c47410399dc6f165ca081a2d50740043331d535	1347081	raw/cameras/rank00__canonical_carry__known_reachable_diagnostic_03_left__full_reset__wrist_cam.png
70b1a41ca2571ccc79544530b82fbed1c612f2eff018e1ba35a9b83cbbccffca	1114441	raw/cameras/rank00__canonical_carry__known_reachable_diagnostic_04_right__full_reset__head_camera.png
f00a404775e5e38e568fa87adbf37e95ad1c5a6b708356f2262d91dac7ed9626	1177563	raw/cameras/rank00__canonical_carry__known_reachable_diagnostic_04_right__full_reset__over_shoulder_left_camera.png
a82988a4e2f299866b8d832e076487e2ed2a920d84bb7fddbb4ff333cc9b2c64	1217611	raw/cameras/rank00__canonical_carry__known_reachable_diagnostic_04_right__full_reset__over_shoulder_right_camera.png
172f64c4612f4a05fb483ad3f4fe3388610b1bb6cf8cbccd9024df2546256826	1345875	raw/cameras/rank00__canonical_carry__known_reachable_diagnostic_04_right__full_reset__wrist_cam.png
83505cb5fb7b29e3a57db0cfbdfb2ed68cb8427ab3cba226826f31db1eae61a5	1113319	raw/cameras/rank00__canonical_grasp__known_reachable_diagnostic_01_left__full_reset__head_camera.png
fcc061f828534c60b11e41ac70039bc683cbf7f8775d02d60dee9597632c98d4	1171938	raw/cameras/rank00__canonical_grasp__known_reachable_diagnostic_01_left__full_reset__over_shoulder_left_camera.png
6f45620c0bc771025dab008591503e7c5e6fc72504ffccb27d416e44df168410	1220260	raw/cameras/rank00__canonical_grasp__known_reachable_diagnostic_01_left__full_reset__over_shoulder_right_camera.png
e8e07ca09d0ec126580f078d3182a04e6f5e88716a118ad9d87358056eeeddc1	1343844	raw/cameras/rank00__canonical_grasp__known_reachable_diagnostic_01_left__full_reset__wrist_cam.png
629f3e57fdc7f77f74fb537390649e240a80f1026b710db779172878fb2ed531	1111140	raw/cameras/rank00__canonical_grasp__known_reachable_diagnostic_02_right__full_reset__head_camera.png
dcf59f44daa8bb5d7db56ace81bd3a0323a2eee77aae1fd71381616fa9b06f46	1167832	raw/cameras/rank00__canonical_grasp__known_reachable_diagnostic_02_right__full_reset__over_shoulder_left_camera.png
8bb40c252fb785a1c8bf454e904e3891cf12c9b05009261844fd3f498a9386b1	1222953	raw/cameras/rank00__canonical_grasp__known_reachable_diagnostic_02_right__full_reset__over_shoulder_right_camera.png
1d77dac795b43da2ab2db6999048d345841c4dbb5792f95f5eaaed86c3201327	1344532	raw/cameras/rank00__canonical_grasp__known_reachable_diagnostic_02_right__full_reset__wrist_cam.png
8bcfdbc24efdaff36238d61d4ed75dcd01c29afb04ab1bce50989d895909c272	1111356	raw/cameras/rank01__canonical_carry__collision_pinch_acquire_lift_transport_q_handoff_materialization__full_reset__head_camera.png
5d9a8b54ae2f15d09efb17e6db96cdec70b447e6dc8a2806e3f1b72c191a1858	1168784	raw/cameras/rank01__canonical_carry__collision_pinch_acquire_lift_transport_q_handoff_materialization__full_reset__over_shoulder_left_camera.png
0d819d97a23a7094a6d0389f0f1669503b9e14320b0874990c6318f504f41529	1222861	raw/cameras/rank01__canonical_carry__collision_pinch_acquire_lift_transport_q_handoff_materialization__full_reset__over_shoulder_right_camera.png
52c4995b1fc037b5dedbb5adc0b458d6fe5461a9fd5e67ab5359e981ac465051	1348485	raw/cameras/rank01__canonical_carry__collision_pinch_acquire_lift_transport_q_handoff_materialization__full_reset__wrist_cam.png
65836c9b9e683a889747a27672c6a77e429cc993f0829d6942e0be76b022354b	1113441	raw/cameras/rank01__canonical_carry__collision_pinch_acquire_lift_transport_q_handoff_materialization__head_camera.png
36dc14eb647f03bb993c246c6272642d0b83dafeff14c4e923567fcc7ac48795	1172969	raw/cameras/rank01__canonical_carry__collision_pinch_acquire_lift_transport_q_handoff_materialization__over_shoulder_left_camera.png
2fee187b8f6e247434f0fe65d03bb599023ab0c5ad93f7d50275bd5f63626641	1226500	raw/cameras/rank01__canonical_carry__collision_pinch_acquire_lift_transport_q_handoff_materialization__over_shoulder_right_camera.png
5488517003953c47711772aa789b873bace7f404ebdbb693a11f5d6386b1c7be	1131017	raw/cameras/rank01__canonical_carry__collision_pinch_acquire_lift_transport_q_handoff_materialization__wrist_cam.png
b9a1399cc2ed3e4294af8d371393f13c534d8e89e401d0244bad1736023b30f0	1113472	raw/cameras/rank01__canonical_grasp__collision_pinch_acquire_lift_transport_q_handoff_materialization__full_reset__head_camera.png
88dac62f1b96dafd21228dc021c3f7737917e1a6179c3a158e601b0fcc0f597f	1173449	raw/cameras/rank01__canonical_grasp__collision_pinch_acquire_lift_transport_q_handoff_materialization__full_reset__over_shoulder_left_camera.png
42c0db411139158f5c0b732a62028114fffead5064bdaf4f6cb9c7c4223f3b69	1220957	raw/cameras/rank01__canonical_grasp__collision_pinch_acquire_lift_transport_q_handoff_materialization__full_reset__over_shoulder_right_camera.png
89ef6b90fad8c29c5f13050e7860a1ccc3d838e235680bbd5c3288dbac9a2c1b	1347511	raw/cameras/rank01__canonical_grasp__collision_pinch_acquire_lift_transport_q_handoff_materialization__full_reset__wrist_cam.png
e0c5879bab202b3eee5c39f87cdc6952467859ef37cb79032ccde4562767c716	1110945	raw/cameras/rank01__canonical_grasp__collision_pinch_acquire_lift_transport_q_handoff_materialization__head_camera.png
5ce2e965142253d1fea11dcc265feb7e5000922273a1c0813ff35dab0caf1b92	1171912	raw/cameras/rank01__canonical_grasp__collision_pinch_acquire_lift_transport_q_handoff_materialization__over_shoulder_left_camera.png
a22c4695eac4b6ebdf1021e82a76a056f69e75b5a524df10d527578dca197ce4	1221085	raw/cameras/rank01__canonical_grasp__collision_pinch_acquire_lift_transport_q_handoff_materialization__over_shoulder_right_camera.png
79fefe95038c2caf04ff9b6c9e1a22447c5c6687a690adbb4c781706bfc7b0b4	894201	raw/cameras/rank01__canonical_grasp__collision_pinch_acquire_lift_transport_q_handoff_materialization__wrist_cam.png
514e700655116f8e07e7115c1ed3c14fe34c101fa9d885a304e2b0d2e1e535c2	1114463	raw/cameras/rank02__canonical_carry__collision_pinch_acquire_lift_transport_q_handoff_materialization__full_reset__head_camera.png
200d225dedaffea041d0a00134a344abb11d6713af0320dca2a12304aa3cd244	1178360	raw/cameras/rank02__canonical_carry__collision_pinch_acquire_lift_transport_q_handoff_materialization__full_reset__over_shoulder_left_camera.png
72976d560d37fa639bf5b7433c57e77b3d112ce6b273dcb1c44ec2b66e54e280	1218033	raw/cameras/rank02__canonical_carry__collision_pinch_acquire_lift_transport_q_handoff_materialization__full_reset__over_shoulder_right_camera.png
ea79c8b1e978761f6505bd2a86fcf84a5411ffad29a007f63cb49ddcf7821c71	1347570	raw/cameras/rank02__canonical_carry__collision_pinch_acquire_lift_transport_q_handoff_materialization__full_reset__wrist_cam.png
de916f10ad1ea9855cf32d41ab479fb7d05a0c52ff22ff2f742a56a3ebb42f9b	1109974	raw/cameras/rank02__canonical_carry__collision_pinch_acquire_lift_transport_q_handoff_materialization__head_camera.png
9b84973742e2588e70f73c307604f6ad1a206ce87ef657f9bf0ef23da8f79ddd	1166175	raw/cameras/rank02__canonical_carry__collision_pinch_acquire_lift_transport_q_handoff_materialization__over_shoulder_left_camera.png
99abba3cda991f650f806863323a83a4282edd5f814133b6b6e52597c3563629	1231170	raw/cameras/rank02__canonical_carry__collision_pinch_acquire_lift_transport_q_handoff_materialization__over_shoulder_right_camera.png
c8a8275c6ff48f9b230816b4854b4b23a303024d6c1c6b0d173c726a2de0281d	1034595	raw/cameras/rank02__canonical_carry__collision_pinch_acquire_lift_transport_q_handoff_materialization__wrist_cam.png
3820aef2f99b2e12502f1d02bb73d3f16929c32cd6cf4f380e0a90464e92098b	1112902	raw/cameras/rank02__canonical_grasp__collision_pinch_acquire_lift_transport_q_handoff_materialization__full_reset__head_camera.png
30dcb1bab0a9f54dad8398424b38d55de931b0ea1dd5d7d324c9dcde5ae80bc0	1175126	raw/cameras/rank02__canonical_grasp__collision_pinch_acquire_lift_transport_q_handoff_materialization__full_reset__over_shoulder_left_camera.png
30aa159f1970ecffc96dafaab03d8e69895e4ee0d54baf56e9c1598b14af3ec8	1217020	raw/cameras/rank02__canonical_grasp__collision_pinch_acquire_lift_transport_q_handoff_materialization__full_reset__over_shoulder_right_camera.png
f4085e76153f3a1ad12094015084cf001301f51d82936a256e9caf8bbf1aad4f	1347001	raw/cameras/rank02__canonical_grasp__collision_pinch_acquire_lift_transport_q_handoff_materialization__full_reset__wrist_cam.png
0cdbe4b7b077933931e298b05011b8b629121e51be93eaf3529ca82884c19373	1112085	raw/cameras/rank02__canonical_grasp__collision_pinch_acquire_lift_transport_q_handoff_materialization__head_camera.png
df1615b6eef76b7167de1ba2d39f38b4b49548d49efa28a1e3ea2bb3b1401fa0	1170332	raw/cameras/rank02__canonical_grasp__collision_pinch_acquire_lift_transport_q_handoff_materialization__over_shoulder_left_camera.png
d53b09d978737fb306f32269ac60a815feb59e59b2b6f7955db6f578ebb0247d	1231151	raw/cameras/rank02__canonical_grasp__collision_pinch_acquire_lift_transport_q_handoff_materialization__over_shoulder_right_camera.png
6d4d31217aa31e45d5e1146419de90f8d7ac79ce6e5d5e23a41b78873bf449fe	1173547	raw/cameras/rank02__canonical_grasp__collision_pinch_acquire_lift_transport_q_handoff_materialization__wrist_cam.png
e07b0fcc1c221204231a74b65fdb7b13937e11406913f15056298d1eaf2d0491	1111137	raw/cameras/rank03__canonical_carry__collision_pinch_acquire_lift_transport_q_handoff_materialization__full_reset__head_camera.png
9260c07c3b18f9329e7e49b22dcb0f29357546e4f2d6bff2ed561b7129c03f06	1168465	raw/cameras/rank03__canonical_carry__collision_pinch_acquire_lift_transport_q_handoff_materialization__full_reset__over_shoulder_left_camera.png
fe5d6441034dd03ce77d716fdf3310c3ec8871963cb56d431c83accaafba7b99	1223205	raw/cameras/rank03__canonical_carry__collision_pinch_acquire_lift_transport_q_handoff_materialization__full_reset__over_shoulder_right_camera.png
1948d8ae0afe7d18d43530ed4b15e3d90683fc2536f788e0acd32891c800aba2	1345809	raw/cameras/rank03__canonical_carry__collision_pinch_acquire_lift_transport_q_handoff_materialization__full_reset__wrist_cam.png
e852b68b8606b87e865f72d01c277ff5af2b42403e1f3646e10fefc940f91036	1113295	raw/cameras/rank03__canonical_carry__collision_pinch_acquire_lift_transport_q_handoff_materialization__head_camera.png
795ae597f2273a26394c82848f6bea8d30b772bc28f4042f5b398d53c9d9d14e	1175954	raw/cameras/rank03__canonical_carry__collision_pinch_acquire_lift_transport_q_handoff_materialization__over_shoulder_left_camera.png
b00bdd8756124f25b1c0fa7b1561ea7a4a4f4dd0b48bc077754f74101970443d	1226685	raw/cameras/rank03__canonical_carry__collision_pinch_acquire_lift_transport_q_handoff_materialization__over_shoulder_right_camera.png
65806697a1064d344730350e249ce60a49077b118f58fc5854b2986cd7773f4e	1034654	raw/cameras/rank03__canonical_carry__collision_pinch_acquire_lift_transport_q_handoff_materialization__wrist_cam.png
315853953cdfe249693464bad2854150d6a26e64ea72042c2cae4e5edbf07df7	1112959	raw/cameras/rank03__canonical_grasp__collision_pinch_acquire_lift_transport_q_handoff_materialization__full_reset__head_camera.png
d7c6068377315fd8fbca941c51db7b0dc50e5f0119fc1af522e12f3679375a58	1172672	raw/cameras/rank03__canonical_grasp__collision_pinch_acquire_lift_transport_q_handoff_materialization__full_reset__over_shoulder_left_camera.png
d8bfe6012f09c5e92cc8f0c08860a9d7cc635e1a1c5cf4132c361c8685e3c0d5	1221112	raw/cameras/rank03__canonical_grasp__collision_pinch_acquire_lift_transport_q_handoff_materialization__full_reset__over_shoulder_right_camera.png
bb81a043e55c823c43c54a764c5b3c65a38a3c32e348f26189d648621c85fc60	1345746	raw/cameras/rank03__canonical_grasp__collision_pinch_acquire_lift_transport_q_handoff_materialization__full_reset__wrist_cam.png
815a065413d5f82c417f9e572b3f679ce7f4be31a8ef6b855462f7549e779f2e	1111182	raw/cameras/rank03__canonical_grasp__collision_pinch_acquire_lift_transport_q_handoff_materialization__head_camera.png
68ebe99935689341736a7f97e7080059ccc98e3281d1a18ff7d7094bc829aff6	1172093	raw/cameras/rank03__canonical_grasp__collision_pinch_acquire_lift_transport_q_handoff_materialization__over_shoulder_left_camera.png
43b4a2d2834a65d276fa1d66d966ffe58c510954ff80b15713cdedf496649b95	1221544	raw/cameras/rank03__canonical_grasp__collision_pinch_acquire_lift_transport_q_handoff_materialization__over_shoulder_right_camera.png
ddb98f14d8fc3fe0a79d82f2da58283dd10c8fea336b7fce5fe9020ff4ca9e0c	894356	raw/cameras/rank03__canonical_grasp__collision_pinch_acquire_lift_transport_q_handoff_materialization__wrist_cam.png
4be868eb7bc9ed37fbc47fcb970e5c8fe9f63c4687064dd6e4f5e83924ca862f	1114705	raw/cameras/rank04__canonical_carry__collision_pinch_acquire_lift_transport_q_handoff_materialization__full_reset__head_camera.png
f2a3d7aec5ddc0046a30b99d8018dba08e4d7189dbe4bdbec609214fb0dffbc0	1178253	raw/cameras/rank04__canonical_carry__collision_pinch_acquire_lift_transport_q_handoff_materialization__full_reset__over_shoulder_left_camera.png
355ded6af30d36e2ad0d2e0ec4761c3b9dc5be1f329fe73733499e142312aea4	1217844	raw/cameras/rank04__canonical_carry__collision_pinch_acquire_lift_transport_q_handoff_materialization__full_reset__over_shoulder_right_camera.png
abcecfca422c918898ce7e1c707279e94bfd9f85e595d149ef6609f9117c1390	1347346	raw/cameras/rank04__canonical_carry__collision_pinch_acquire_lift_transport_q_handoff_materialization__full_reset__wrist_cam.png
7c058d7b724db5f9f622eacf6a9374b4893e525a71fcbc4130a9fdde71d937ab	1109659	raw/cameras/rank04__canonical_carry__collision_pinch_acquire_lift_transport_q_handoff_materialization__head_camera.png
2d8133dc3b7e58e1ffd0f8b3d6b4539de9b76ad5d54435d63d78b0f466a72166	1163645	raw/cameras/rank04__canonical_carry__collision_pinch_acquire_lift_transport_q_handoff_materialization__over_shoulder_left_camera.png
71a3c1912853181d2d0e75f443bd59b4e23f7f0eee56759469b0418cbcdc2ea6	1231535	raw/cameras/rank04__canonical_carry__collision_pinch_acquire_lift_transport_q_handoff_materialization__over_shoulder_right_camera.png
b714b50c62b62069f7465151d5d09baf41068cac9fd3beda5fb28a931800faaf	1129378	raw/cameras/rank04__canonical_carry__collision_pinch_acquire_lift_transport_q_handoff_materialization__wrist_cam.png
2fcb0f2e9d1e796aa50f2e0a772c83637915effdb2a27db96287f844c0293625	1113024	raw/cameras/rank04__canonical_grasp__collision_pinch_acquire_lift_transport_q_handoff_materialization__full_reset__head_camera.png
178cd6af9a839895d8daacf5c0199383f24bfc35de25b10481488553f1fa4549	1175413	raw/cameras/rank04__canonical_grasp__collision_pinch_acquire_lift_transport_q_handoff_materialization__full_reset__over_shoulder_left_camera.png
f8c200c99efbb456e4c3fe0607f34026a7cdbcf23830e1ebb10ecd8329b92c57	1217328	raw/cameras/rank04__canonical_grasp__collision_pinch_acquire_lift_transport_q_handoff_materialization__full_reset__over_shoulder_right_camera.png
9efd0e98ea634554ad0772f475635ef0d91211776c541393e4f5f51438b7cab4	1350188	raw/cameras/rank04__canonical_grasp__collision_pinch_acquire_lift_transport_q_handoff_materialization__full_reset__wrist_cam.png
16255c56424fcee5e33b8ad01d9650ee9b81fa2ee4cd98447957b928b45712f8	1112401	raw/cameras/rank04__canonical_grasp__collision_pinch_acquire_lift_transport_q_handoff_materialization__head_camera.png
21ecc9a30717aa5e978a5de20c86d0cad090a94823070c2a1ced80fca9e555be	1170057	raw/cameras/rank04__canonical_grasp__collision_pinch_acquire_lift_transport_q_handoff_materialization__over_shoulder_left_camera.png
10506378ad07139300d58d5d017b8cc882ab55d2f449c7c9f63ef943e70b3fc1	1231037	raw/cameras/rank04__canonical_grasp__collision_pinch_acquire_lift_transport_q_handoff_materialization__over_shoulder_right_camera.png
6ab004669edd98af78a7a244f5958998bc27e982aebcdf55194493f974a697c9	1173584	raw/cameras/rank04__canonical_grasp__collision_pinch_acquire_lift_transport_q_handoff_materialization__wrist_cam.png
81e290c45e0ae620f01a54a29168d0dad5d1a5bca598689db31d1bf5d9534c99	370142966	raw/completed_evidence.partial.json
4327ae990d11dc13a7a3206ea82bceeab47fc4a4bbbbf25f0fe5451d13b215e4	47076	raw/geometry_attachment_preflight.json
d0eff2f50ccf88c3067806cdc3981c5485ac601df86ff6e2adf0b15dd8d111a7	51630	raw/native/rank00__attachment_geometry__live_physics_tensor_geometry_sanity_preflight/env_cfg.json
358647a78f987a58a2fa3b9d59c45c82b306b263386e7608f6124e97077efbf5	51615	raw/native/rank00__canonical_carry__known_reachable_diagnostic_03_left/env_cfg.json
71ff41a3790b84da562421cc012e4017a5e8ed2a3b19782f1663d11af10834e3	51616	raw/native/rank00__canonical_carry__known_reachable_diagnostic_04_right/env_cfg.json
ade691ec4c9e84923376cb2d5c3a7572dec362c454a1fe9f46e0ef3cefb682eb	51615	raw/native/rank00__canonical_grasp__known_reachable_diagnostic_01_left/env_cfg.json
0a7b68b490f9351e03bac4341b2bbd063d8c3b5ec8b4852378fd786601de90a0	51616	raw/native/rank00__canonical_grasp__known_reachable_diagnostic_02_right/env_cfg.json
f61ed86d7600aa2b12ca343e671b781ef73943922adc8597b8b93be147fe6c80	565822	raw/native/rank01__canonical_carry__collision_pinch_acquire_lift_transport_q_handoff_materialization/data.hdf5
3fe707bb4ad3283f770b68b5bb1a6b6c9837fc40c0983a2b2d10e1f7e4dec8ac	51645	raw/native/rank01__canonical_carry__collision_pinch_acquire_lift_transport_q_handoff_materialization/env_cfg.json
0251b820e04e833c3daf13b2c2eb5ca8a95964ef87b18cfe9fac9a5277acb5a9	554558	raw/native/rank01__canonical_grasp__collision_pinch_acquire_lift_transport_q_handoff_materialization/data.hdf5
72a9065693ca07cc2355267f5fcfd46e3bb4fb13d6e788e805dd3d69bdf22470	51645	raw/native/rank01__canonical_grasp__collision_pinch_acquire_lift_transport_q_handoff_materialization/env_cfg.json
daa64ce7167e4227c1a320f58d16470bcadaaa8d04a462564339b3ffc7cb42fa	555229	raw/native/rank02__canonical_carry__collision_pinch_acquire_lift_transport_q_handoff_materialization/data.hdf5
e52ab780432d383ee28078f4514ff1f4e31329c51571fc99bd87aabe82e7a5ba	51645	raw/native/rank02__canonical_carry__collision_pinch_acquire_lift_transport_q_handoff_materialization/env_cfg.json
a02a7cb6187eac3afea05e2ef3936611d5b9b9f5fa010913abc907c11303c7ef	560632	raw/native/rank02__canonical_grasp__collision_pinch_acquire_lift_transport_q_handoff_materialization/data.hdf5
1b882c0678b76ba9b9e532c8f87706dc719ac960b52ebd8e39544cb3201d52ff	51645	raw/native/rank02__canonical_grasp__collision_pinch_acquire_lift_transport_q_handoff_materialization/env_cfg.json
9a53212e62d3250c907b997ebb7c825f8ef9f09d0b2be590ea38b9778153e688	555229	raw/native/rank03__canonical_carry__collision_pinch_acquire_lift_transport_q_handoff_materialization/data.hdf5
6977792171b6e36a0ac45caca1d7436348428e5dce042dc479ff6a5a86041e04	51645	raw/native/rank03__canonical_carry__collision_pinch_acquire_lift_transport_q_handoff_materialization/env_cfg.json
275b9290f4ef7829264176e99c87ac05f0cfa8db2a036a8fac9dde90511aeb39	554558	raw/native/rank03__canonical_grasp__collision_pinch_acquire_lift_transport_q_handoff_materialization/data.hdf5
90e2be6373f8c67cc6117450c6781f345029678d1dde0f3e8241f6cefbc48191	51645	raw/native/rank03__canonical_grasp__collision_pinch_acquire_lift_transport_q_handoff_materialization/env_cfg.json
e438670bef3597b5e2dc51b6c37cff255b657a7aef276a0fa3480ef50dfcbe81	565822	raw/native/rank04__canonical_carry__collision_pinch_acquire_lift_transport_q_handoff_materialization/data.hdf5
74c54d085ef0ffed5ad07c6ebd1898c842ebd922f9cf5abbb9b17eec5ce5aff5	51645	raw/native/rank04__canonical_carry__collision_pinch_acquire_lift_transport_q_handoff_materialization/env_cfg.json
a1a141831b5bfc79c341c41e0791b98b230d3a6e779507c3d57bd26249226acb	560632	raw/native/rank04__canonical_grasp__collision_pinch_acquire_lift_transport_q_handoff_materialization/data.hdf5
ec8a3278d5557ab50306888a3b632ba43eca8d32d005ab3e445950ca61505b36	51645	raw/native/rank04__canonical_grasp__collision_pinch_acquire_lift_transport_q_handoff_materialization/env_cfg.json
a556be5fb67e95687ba390b689c3f7f676b20d21475fd2357ae1429c7b424c56	462260724	raw/state_repair_result.json
ba568c12cdb6543697b0651f0858e59ce9ff2e2dba9dfa4d5b854eda7ca50a69	7173776	raw/videos/v3e006_r012_state_repair_search.mp4
3f6ec5a45c046364aed7f5e5af6f21364d298050b91eb65ee19bedeee8daf875	147842	runtime.log
e3b0c44298fc1c149afbf4c8996fb92427ae41e4649b934ca495991b7852b855	0	target_validation.json
a240bbb0651184ed4ab5c0bdda4a3739e93af3f39eacd29c336555bbbc8ddc02	3003	target_validation_postexecution.json
