comparison,condition_id,direction,left_episode_index,right_episode_index,mae_0_255,nonidentical_channel_fraction,p99_abs_difference,max_abs_difference
within_condition_direction,cosmos_canonical_static32,left,0,1,3.4427295524691357,0.7407590663580247,21.0,70
within_condition_direction,cosmos_canonical_static32,left,0,2,3.6732783564814815,0.7502903163580247,24.0,75
within_condition_direction,cosmos_canonical_static32,left,0,3,3.4919328703703703,0.7433063271604938,23.0,63
within_condition_direction,cosmos_canonical_static32,left,0,4,4.551819058641975,0.754242862654321,26.0,75
within_condition_direction,cosmos_canonical_static32,left,0,5,4.12664737654321,0.7437519290123457,22.0,74
within_condition_direction,cosmos_canonical_static32,left,0,6,3.8367505787037035,0.7462220293209877,22.0,65
within_condition_direction,cosmos_canonical_static32,left,0,7,3.455462962962963,0.7394193672839506,21.0,88
within_condition_direction,cosmos_canonical_static32,left,0,8,3.442836612654321,0.7421797839506172,19.0,103
within_condition_direction,cosmos_canonical_static32,left,0,9,3.5208902391975307,0.7386766975308642,24.0,76
within_condition_direction,cosmos_canonical_static32,left,1,2,2.814833140432099,0.7065731095679012,19.0,88
within_condition_direction,cosmos_canonical_static32,left,1,3,3.1884008487654323,0.7134124228395061,22.0,86
within_condition_direction,cosmos_canonical_static32,left,1,4,3.684623842592593,0.7191743827160494,22.0,87
within_condition_direction,cosmos_canonical_static32,left,1,5,3.4025462962962965,0.7148890817901234,20.0,95
within_condition_direction,cosmos_canonical_static32,left,1,6,3.0336120756172837,0.7065721450617284,21.0,82
within_condition_direction,cosmos_canonical_static32,left,1,7,3.110198688271605,0.7111410108024692,22.0,98
within_condition_direction,cosmos_canonical_static32,left,1,8,2.9027420910493826,0.7065518904320988,19.0,91
within_condition_direction,cosmos_canonical_static32,left,1,9,3.250782214506173,0.710078125,23.0,91
within_condition_direction,cosmos_canonical_static32,left,2,3,3.020080054012346,0.7169849537037037,19.0,87
within_condition_direction,cosmos_canonical_static32,left,2,4,3.6199546682098767,0.7231828703703703,20.0,82
within_condition_direction,cosmos_canonical_static32,left,2,5,3.2322559799382717,0.719380787037037,18.0,99
within_condition_direction,cosmos_canonical_static32,left,2,6,2.9127256944444446,0.7165393518518518,19.0,75
within_condition_direction,cosmos_canonical_static32,left,2,7,3.124196566358025,0.7248148148148148,21.0,90
within_condition_direction,cosmos_canonical_static32,left,2,8,3.165343364197531,0.7190798611111111,21.0,97
within_condition_direction,cosmos_canonical_static32,left,2,9,3.4505574845679012,0.7223746141975309,26.0,98
within_condition_direction,cosmos_canonical_static32,left,3,4,4.085480324074074,0.7181404320987654,23.0,87
within_condition_direction,cosmos_canonical_static32,left,3,5,3.7898456790123456,0.7215721450617284,21.0,100
within_condition_direction,cosmos_canonical_static32,left,3,6,3.4504812885802467,0.7224768518518518,20.0,90
within_condition_direction,cosmos_canonical_static32,left,3,7,2.9307947530864196,0.715931712962963,20.0,86
within_condition_direction,cosmos_canonical_static32,left,3,8,3.4884442515432097,0.7198852237654321,22.0,102
within_condition_direction,cosmos_canonical_static32,left,3,9,3.6099836033950616,0.7236217206790123,27.0,86
within_condition_direction,cosmos_canonical_static32,left,4,5,3.127193287037037,0.7096981095679012,21.0,89
within_condition_direction,cosmos_canonical_static32,left,4,6,3.3126938657407408,0.7191136188271605,21.0,79
within_condition_direction,cosmos_canonical_static32,left,4,7,3.851684027777778,0.719416473765432,22.0,94
within_condition_direction,cosmos_canonical_static32,left,4,8,3.6407224151234567,0.7149845679012345,22.0,98
within_condition_direction,cosmos_canonical_static32,left,4,9,4.428961226851852,0.731766975308642,29.0,81
within_condition_direction,cosmos_canonical_static32,left,5,6,2.8323524305555554,0.7073562885802469,18.0,87
within_condition_direction,cosmos_canonical_static32,left,5,7,3.6344444444444446,0.7105208333333334,20.0,87
within_condition_direction,cosmos_canonical_static32,left,5,8,3.3589303626543208,0.7145283564814815,21.0,107
within_condition_direction,cosmos_canonical_static32,left,5,9,3.794665316358025,0.7154947916666666,24.0,82
within_condition_direction,cosmos_canonical_static32,left,6,7,3.3644087577160495,0.718112461419753,19.0,85
within_condition_direction,cosmos_canonical_static32,left,6,8,3.0104610339506173,0.7029967206790123,20.0,103
within_condition_direction,cosmos_canonical_static32,left,6,9,3.5390277777777777,0.7154591049382716,25.0,81
within_condition_direction,cosmos_canonical_static32,left,7,8,3.369111689814815,0.7195447530864197,21.0,105
within_condition_direction,cosmos_canonical_static32,left,7,9,3.547944637345679,0.720528549382716,25.0,86
within_condition_direction,cosmos_canonical_static32,left,8,9,3.41572337962963,0.7179301697530864,24.0,100
within_condition_direction,cosmos_canonical_static32,right,0,1,3.5809645061728395,0.7486670524691358,24.0,72
within_condition_direction,cosmos_canonical_static32,right,0,2,3.8707175925925927,0.7502083333333334,22.0,83
within_condition_direction,cosmos_canonical_static32,right,0,3,3.8569203317901235,0.7511612654320987,21.0,75
within_condition_direction,cosmos_canonical_static32,right,0,4,3.437788387345679,0.7439911265432099,20.0,93
within_condition_direction,cosmos_canonical_static32,right,0,5,3.519916087962963,0.7429282407407407,21.0,96
within_condition_direction,cosmos_canonical_static32,right,0,6,3.4276601080246913,0.7477353395061729,21.0,105
within_condition_direction,cosmos_canonical_static32,right,0,7,3.491645447530864,0.7518306327160493,19.0,79
within_condition_direction,cosmos_canonical_static32,right,0,8,3.73455150462963,0.7463358410493827,23.0,83
within_condition_direction,cosmos_canonical_static32,right,0,9,3.555282600308642,0.7443721064814814,22.0,79
within_condition_direction,cosmos_canonical_static32,right,1,2,4.183285108024691,0.7279938271604939,25.0,83
within_condition_direction,cosmos_canonical_static32,right,1,3,4.087659143518518,0.7287548225308642,24.0,78
within_condition_direction,cosmos_canonical_static32,right,1,4,3.732512538580247,0.7267235725308642,22.0,73
within_condition_direction,cosmos_canonical_static32,right,1,5,3.868160686728395,0.7230189043209877,25.0,86
within_condition_direction,cosmos_canonical_static32,right,1,6,3.952403549382716,0.7328260030864198,28.0,114
within_condition_direction,cosmos_canonical_static32,right,1,7,3.7989756944444446,0.7269077932098765,25.0,82
within_condition_direction,cosmos_canonical_static32,right,1,8,3.9273505015432097,0.715625,25.0,69
within_condition_direction,cosmos_canonical_static32,right,1,9,3.910683834876543,0.7275588348765432,24.0,91
within_condition_direction,cosmos_canonical_static32,right,2,3,2.7469068287037035,0.7001195987654321,19.0,96
within_condition_direction,cosmos_canonical_static32,right,2,4,3.0231105324074075,0.7102179783950617,19.0,105
within_condition_direction,cosmos_canonical_static32,right,2,5,2.9260908564814816,0.7052671682098766,20.0,91
within_condition_direction,cosmos_canonical_static32,right,2,6,3.6279128086419754,0.7230623070987654,23.0,115
within_condition_direction,cosmos_canonical_static32,right,2,7,3.2848051697530862,0.7127391975308642,20.0,78
within_condition_direction,cosmos_canonical_static32,right,2,8,2.8464689429012346,0.704429012345679,20.0,94
within_condition_direction,cosmos_canonical_static32,right,2,9,2.8702961033950616,0.7034307484567901,19.0,102
within_condition_direction,cosmos_canonical_static32,right,3,4,3.080185185185185,0.7060686728395061,19.0,90
within_condition_direction,cosmos_canonical_static32,right,3,5,2.989261188271605,0.7044319058641976,20.0,119
within_condition_direction,cosmos_canonical_static32,right,3,6,3.6518836805555557,0.7203954475308642,23.0,116
within_condition_direction,cosmos_canonical_static32,right,3,7,3.1702613811728395,0.7044425154320988,19.0,71
within_condition_direction,cosmos_canonical_static32,right,3,8,2.8529552469135804,0.7056037808641975,20.0,88
within_condition_direction,cosmos_canonical_static32,right,3,9,2.82875,0.6981770833333333,18.0,85
within_condition_direction,cosmos_canonical_static32,right,4,5,2.8904012345679013,0.700113811728395,20.0,93
within_condition_direction,cosmos_canonical_static32,right,4,6,3.3452420910493825,0.7217418981481482,21.0,114
within_condition_direction,cosmos_canonical_static32,right,4,7,3.062300347222222,0.7087461419753086,18.0,84
within_condition_direction,cosmos_canonical_static32,right,4,8,3.017650462962963,0.7061641589506172,21.0,78
within_condition_direction,cosmos_canonical_static32,right,4,9,2.899182098765432,0.7043682484567901,19.0,84
within_condition_direction,cosmos_canonical_static32,right,5,6,3.450703125,0.7196643518518518,22.0,115
within_condition_direction,cosmos_canonical_static32,right,5,7,3.214950810185185,0.7131259645061728,20.0,84
within_condition_direction,cosmos_canonical_static32,right,5,8,2.81336612654321,0.6983584104938272,20.0,76
within_condition_direction,cosmos_canonical_static32,right,5,9,2.8264255401234566,0.6989265046296296,20.0,85
within_condition_direction,cosmos_canonical_static32,right,6,7,3.4845891203703703,0.7215364583333334,22.0,115
within_condition_direction,cosmos_canonical_static32,right,6,8,3.59877025462963,0.7253655478395061,24.0,116
within_condition_direction,cosmos_canonical_static32,right,6,9,3.473569637345679,0.7209944058641975,24.0,114
within_condition_direction,cosmos_canonical_static32,right,7,8,3.2478694058641975,0.7113069058641975,20.0,84
within_condition_direction,cosmos_canonical_static32,right,7,9,3.191123649691358,0.7039891975308642,20.0,95
within_condition_direction,cosmos_canonical_static32,right,8,9,2.815727237654321,0.7010850694444445,21.0,90
matched_left_right,cosmos_canonical_static32,left_vs_right,0,0,1.7047096836419753,0.6452864583333333,13.0,43
matched_left_right,cosmos_canonical_static32,left_vs_right,1,1,3.701353202160494,0.7269569830246914,24.0,99
matched_left_right,cosmos_canonical_static32,left_vs_right,2,2,3.4851118827160494,0.7321209490740741,20.0,92
matched_left_right,cosmos_canonical_static32,left_vs_right,3,3,3.6631577932098764,0.727842399691358,20.0,101
matched_left_right,cosmos_canonical_static32,left_vs_right,4,4,3.9724324845679013,0.7330999228395062,25.0,95
matched_left_right,cosmos_canonical_static32,left_vs_right,5,5,3.531772762345679,0.7279272762345679,21.0,93
matched_left_right,cosmos_canonical_static32,left_vs_right,6,6,3.79710262345679,0.7263175154320988,24.0,93
matched_left_right,cosmos_canonical_static32,left_vs_right,7,7,3.2131105324074074,0.7207002314814814,21.0,82
matched_left_right,cosmos_canonical_static32,left_vs_right,8,8,3.16908275462963,0.7187673611111111,22.0,104
matched_left_right,cosmos_canonical_static32,left_vs_right,9,9,3.7630931712962963,0.7389448302469136,26.0,89
within_condition_direction,cosmos_short_static32,left,0,1,3.3329050925925925,0.7352970679012346,21.0,88
within_condition_direction,cosmos_short_static32,left,0,2,3.289663387345679,0.7354272762345679,21.0,69
within_condition_direction,cosmos_short_static32,left,0,3,3.4214621913580245,0.741983024691358,22.0,76
within_condition_direction,cosmos_short_static32,left,0,4,3.4527488425925927,0.7404349922839506,23.0,112
within_condition_direction,cosmos_short_static32,left,0,5,3.334926697530864,0.7361410108024692,21.0,83
within_condition_direction,cosmos_short_static32,left,0,6,3.4936979166666666,0.7419357638888889,23.0,80
within_condition_direction,cosmos_short_static32,left,0,7,3.5161747685185185,0.7413117283950618,23.0,78
within_condition_direction,cosmos_short_static32,left,0,8,3.577181712962963,0.7411699459876543,20.0,104
within_condition_direction,cosmos_short_static32,left,0,9,3.238617862654321,0.7426977237654321,20.0,77
within_condition_direction,cosmos_short_static32,left,1,2,3.317103587962963,0.7089293981481481,24.0,81
within_condition_direction,cosmos_short_static32,left,1,3,3.1338117283950617,0.7195756172839506,20.0,100
within_condition_direction,cosmos_short_static32,left,1,4,3.0619733796296296,0.7100385802469136,20.0,106
within_condition_direction,cosmos_short_static32,left,1,5,3.193622685185185,0.7170929783950617,20.0,92
within_condition_direction,cosmos_short_static32,left,1,6,3.2033082561728397,0.7158757716049383,21.0,114
within_condition_direction,cosmos_short_static32,left,1,7,3.3100270061728394,0.7161082175925926,20.0,88
within_condition_direction,cosmos_short_static32,left,1,8,3.2920756172839507,0.7039216820987654,21.0,107
within_condition_direction,cosmos_short_static32,left,1,9,3.1185021219135804,0.7228877314814814,20.0,89
within_condition_direction,cosmos_short_static32,left,2,3,3.107682291666667,0.7114592978395061,23.0,81
within_condition_direction,cosmos_short_static32,left,2,4,3.387225115740741,0.7100761959876544,27.0,130
within_condition_direction,cosmos_short_static32,left,2,5,3.527753665123457,0.7221373456790123,24.0,79
within_condition_direction,cosmos_short_static32,left,2,6,3.2796653163580247,0.7136005015432099,25.0,87
within_condition_direction,cosmos_short_static32,left,2,7,3.4924623842592593,0.718070987654321,24.0,83
within_condition_direction,cosmos_short_static32,left,2,8,3.4909268904320987,0.7094704861111111,24.0,105
within_condition_direction,cosmos_short_static32,left,2,9,3.150287422839506,0.7201736111111111,22.0,78
within_condition_direction,cosmos_short_static32,left,3,4,3.352422839506173,0.7184336419753087,22.0,93
within_condition_direction,cosmos_short_static32,left,3,5,3.439974922839506,0.7253279320987654,22.0,102
within_condition_direction,cosmos_short_static32,left,3,6,3.2000983796296296,0.7134905478395062,22.0,96
within_condition_direction,cosmos_short_static32,left,3,7,3.5841512345679014,0.7255150462962963,23.0,97
within_condition_direction,cosmos_short_static32,left,3,8,3.346118827160494,0.7200752314814814,21.0,109
within_condition_direction,cosmos_short_static32,left,3,9,2.9658015046296295,0.7167409336419753,20.0,93
within_condition_direction,cosmos_short_static32,left,4,5,3.426784336419753,0.720318287037037,24.0,103
within_condition_direction,cosmos_short_static32,left,4,6,3.205275848765432,0.7138011188271605,24.0,109
within_condition_direction,cosmos_short_static32,left,4,7,3.1642592592592593,0.706977237654321,23.0,119
within_condition_direction,cosmos_short_static32,left,4,8,3.5673398919753088,0.7147280092592593,23.0,134
within_condition_direction,cosmos_short_static32,left,4,9,2.9972984182098767,0.716412037037037,20.0,82
within_condition_direction,cosmos_short_static32,left,5,6,3.4112172067901234,0.7228597608024692,24.0,110
within_condition_direction,cosmos_short_static32,left,5,7,3.496635802469136,0.7168547453703704,24.0,84
within_condition_direction,cosmos_short_static32,left,5,8,3.310416666666667,0.7199691358024691,22.0,99
within_condition_direction,cosmos_short_static32,left,5,9,3.3617891589506175,0.7279976851851852,21.0,85
within_condition_direction,cosmos_short_static32,left,6,7,3.323443287037037,0.7220100308641976,22.0,110
within_condition_direction,cosmos_short_static32,left,6,8,3.5620871913580245,0.7176032021604938,23.0,118
within_condition_direction,cosmos_short_static32,left,6,9,3.054952739197531,0.721160300925926,21.0,79
within_condition_direction,cosmos_short_static32,left,7,8,3.8241261574074072,0.7216753472222223,24.0,103
within_condition_direction,cosmos_short_static32,left,7,9,3.1747328317901236,0.7199749228395061,22.0,98
within_condition_direction,cosmos_short_static32,left,8,9,3.5584095293209876,0.7246749614197531,22.0,93
within_condition_direction,cosmos_short_static32,right,0,1,4.98669849537037,0.7505883487654321,42.0,123
within_condition_direction,cosmos_short_static32,right,0,2,4.623691165123457,0.7434471450617284,44.0,103
within_condition_direction,cosmos_short_static32,right,0,3,4.4453578317901234,0.7371354166666667,48.0,91
within_condition_direction,cosmos_short_static32,right,0,4,4.772340856481481,0.7480420524691358,40.0,94
within_condition_direction,cosmos_short_static32,right,0,5,4.98421875,0.7509066358024692,44.0,89
within_condition_direction,cosmos_short_static32,right,0,6,4.663202160493827,0.7450761959876543,44.0,95
within_condition_direction,cosmos_short_static32,right,0,7,5.071174768518518,0.7558805941358024,41.0,116
within_condition_direction,cosmos_short_static32,right,0,8,4.971352237654321,0.7420698302469135,47.0,90
within_condition_direction,cosmos_short_static32,right,0,9,5.097199074074074,0.7484693287037038,43.0,116
within_condition_direction,cosmos_short_static32,right,1,2,3.2109259259259257,0.7102305169753086,23.0,125
within_condition_direction,cosmos_short_static32,right,1,3,3.6117708333333334,0.7201822916666667,24.0,98
within_condition_direction,cosmos_short_static32,right,1,4,3.0748341049382715,0.7165972222222222,19.0,94
within_condition_direction,cosmos_short_static32,right,1,5,3.1019376929012346,0.7118682484567901,22.0,86
within_condition_direction,cosmos_short_static32,right,1,6,3.3060677083333334,0.7196595293209876,21.0,82
within_condition_direction,cosmos_short_static32,right,1,7,3.2842409336419753,0.7227507716049383,20.0,99
within_condition_direction,cosmos_short_static32,right,1,8,3.280274884259259,0.7197164351851851,23.0,85
within_condition_direction,cosmos_short_static32,right,1,9,3.022367862654321,0.7158043981481481,20.0,80
within_condition_direction,cosmos_short_static32,right,2,3,3.375949074074074,0.7171199845679013,24.0,111
within_condition_direction,cosmos_short_static32,right,2,4,3.018695987654321,0.7062644675925925,22.0,93
within_condition_direction,cosmos_short_static32,right,2,5,3.2154793595679014,0.7112885802469135,22.0,99
within_condition_direction,cosmos_short_static32,right,2,6,3.0980140817901236,0.7065229552469136,23.0,96
within_condition_direction,cosmos_short_static32,right,2,7,3.3983150077160493,0.7203231095679012,22.0,119
within_condition_direction,cosmos_short_static32,right,2,8,3.3381529706790123,0.7205208333333334,24.0,102
within_condition_direction,cosmos_short_static32,right,2,9,3.3049373070987653,0.7139226466049383,21.0,118
within_condition_direction,cosmos_short_static32,right,3,4,3.266726466049383,0.7114158950617284,23.0,89
within_condition_direction,cosmos_short_static32,right,3,5,3.4904774305555555,0.7220862268518519,21.0,83
within_condition_direction,cosmos_short_static32,right,3,6,3.0109249614197533,0.7135783179012346,20.0,84
within_condition_direction,cosmos_short_static32,right,3,7,3.5709481095679014,0.7297540509259259,21.0,81
within_condition_direction,cosmos_short_static32,right,3,8,3.389445408950617,0.7114332561728395,23.0,82
within_condition_direction,cosmos_short_static32,right,3,9,3.5460117669753086,0.720733024691358,22.0,85
within_condition_direction,cosmos_short_static32,right,4,5,3.2425163966049384,0.7161130401234568,21.0,85
within_condition_direction,cosmos_short_static32,right,4,6,2.8399604552469135,0.7032908950617284,19.0,87
within_condition_direction,cosmos_short_static32,right,4,7,3.2023273533950616,0.7185426311728395,19.0,99
within_condition_direction,cosmos_short_static32,right,4,8,3.2911930941358025,0.7204832175925926,22.0,93
within_condition_direction,cosmos_short_static32,right,4,9,2.9012432484567903,0.7037393904320988,19.0,74
within_condition_direction,cosmos_short_static32,right,5,6,3.2102623456790123,0.7159596836419753,20.0,91
within_condition_direction,cosmos_short_static32,right,5,7,3.29912037037037,0.7221952160493827,19.0,103
within_condition_direction,cosmos_short_static32,right,5,8,3.1854783950617285,0.7188859953703703,20.0,102
within_condition_direction,cosmos_short_static32,right,5,9,3.125059799382716,0.7177006172839506,20.0,85
within_condition_direction,cosmos_short_static32,right,6,7,3.2120987654320987,0.7236410108024691,20.0,96
within_condition_direction,cosmos_short_static32,right,6,8,3.370250771604938,0.7197849151234568,23.0,94
within_condition_direction,cosmos_short_static32,right,6,9,3.057235725308642,0.7084355709876543,20.0,74
within_condition_direction,cosmos_short_static32,right,7,8,3.4182310956790123,0.7243557098765432,21.0,91
within_condition_direction,cosmos_short_static32,right,7,9,3.1644714506172837,0.7126273148148148,19.0,103
within_condition_direction,cosmos_short_static32,right,8,9,3.242631172839506,0.7215538194444444,22.0,88
matched_left_right,cosmos_short_static32,left_vs_right,0,0,3.6031655092592594,0.6721122685185185,46.0,84
matched_left_right,cosmos_short_static32,left_vs_right,1,1,3.6840769675925924,0.7243084490740741,24.0,97
matched_left_right,cosmos_short_static32,left_vs_right,2,2,3.5157503858024692,0.718738425925926,23.0,133
matched_left_right,cosmos_short_static32,left_vs_right,3,3,3.4861988811728395,0.725240162037037,26.0,94
matched_left_right,cosmos_short_static32,left_vs_right,4,4,3.349157986111111,0.7245293209876543,23.0,90
matched_left_right,cosmos_short_static32,left_vs_right,5,5,3.689236111111111,0.71421875,27.0,69
matched_left_right,cosmos_short_static32,left_vs_right,6,6,3.358886959876543,0.724849537037037,22.0,113
matched_left_right,cosmos_short_static32,left_vs_right,7,7,3.777945601851852,0.7351996527777778,23.0,115
matched_left_right,cosmos_short_static32,left_vs_right,8,8,4.112247299382716,0.721195987654321,24.0,94
matched_left_right,cosmos_short_static32,left_vs_right,9,9,3.6062586805555554,0.7321286651234568,21.0,83
within_condition_direction,cosmos_declarative_static32,left,0,1,4.000870949074074,0.7473987268518518,23.0,85
within_condition_direction,cosmos_declarative_static32,left,0,2,3.3141251929012348,0.7429398148148149,21.0,72
within_condition_direction,cosmos_declarative_static32,left,0,3,3.6248533950617285,0.7450405092592592,21.0,88
within_condition_direction,cosmos_declarative_static32,left,0,4,4.210613425925926,0.7460860339506172,24.0,88
within_condition_direction,cosmos_declarative_static32,left,0,5,4.027168209876543,0.7513589891975309,24.0,114
within_condition_direction,cosmos_declarative_static32,left,0,6,3.612799961419753,0.7471084104938271,20.0,89
within_condition_direction,cosmos_declarative_static32,left,0,7,3.499734760802469,0.746549961419753,20.0,80
within_condition_direction,cosmos_declarative_static32,left,0,8,3.645973186728395,0.7410715663580247,22.0,77
within_condition_direction,cosmos_declarative_static32,left,0,9,4.06561149691358,0.7530054012345679,24.0,96
within_condition_direction,cosmos_declarative_static32,left,1,2,3.5167631172839506,0.7184211033950617,25.0,102
within_condition_direction,cosmos_declarative_static32,left,1,3,2.913347800925926,0.7007040895061728,20.0,110
within_condition_direction,cosmos_declarative_static32,left,1,4,2.7434481095679013,0.7063609182098766,17.0,71
within_condition_direction,cosmos_declarative_static32,left,1,5,2.580666473765432,0.6968846450617284,17.0,77
within_condition_direction,cosmos_declarative_static32,left,1,6,3.125360725308642,0.7119859182098766,21.0,108
within_condition_direction,cosmos_declarative_static32,left,1,7,2.8510108024691356,0.6999614197530865,20.0,96
within_condition_direction,cosmos_declarative_static32,left,1,8,3.0776060956790126,0.7121836419753086,20.0,89
within_condition_direction,cosmos_declarative_static32,left,1,9,2.757753665123457,0.710366512345679,20.0,80
within_condition_direction,cosmos_declarative_static32,left,2,3,3.2274006558641974,0.7127324459876543,25.0,85
within_condition_direction,cosmos_declarative_static32,left,2,4,3.6087046682098767,0.7064072145061728,24.0,91
within_condition_direction,cosmos_declarative_static32,left,2,5,3.5459847608024693,0.7134683641975309,26.0,88
within_condition_direction,cosmos_declarative_static32,left,2,6,3.3135185185185185,0.7254359567901234,23.0,110
within_condition_direction,cosmos_declarative_static32,left,2,7,2.9866512345679013,0.711382137345679,21.0,98
within_condition_direction,cosmos_declarative_static32,left,2,8,3.2704070216049383,0.7186120756172839,22.0,89
within_condition_direction,cosmos_declarative_static32,left,2,9,3.4763956404320986,0.7140702160493827,25.0,84
within_condition_direction,cosmos_declarative_static32,left,3,4,3.298697916666667,0.7083564814814814,23.0,108
within_condition_direction,cosmos_declarative_static32,left,3,5,3.0681886574074073,0.7056404320987655,21.0,81
within_condition_direction,cosmos_declarative_static32,left,3,6,2.920157214506173,0.7077710262345679,20.0,88
within_condition_direction,cosmos_declarative_static32,left,3,7,2.7951957947530865,0.6941319444444445,22.0,97
within_condition_direction,cosmos_declarative_static32,left,3,8,3.0008323688271603,0.7112683256172839,22.0,92
within_condition_direction,cosmos_declarative_static32,left,3,9,3.252721836419753,0.7114023919753086,24.0,79
within_condition_direction,cosmos_declarative_static32,left,4,5,2.941244212962963,0.7001186342592592,18.0,78
within_condition_direction,cosmos_declarative_static32,left,4,6,3.553673804012346,0.7253665123456791,23.0,97
within_condition_direction,cosmos_declarative_static32,left,4,7,3.252938850308642,0.7098765432098766,21.0,109
within_condition_direction,cosmos_declarative_static32,left,4,8,3.1057224151234566,0.7107677469135802,20.0,87
within_condition_direction,cosmos_declarative_static32,left,4,9,3.034340277777778,0.705949074074074,19.0,104
within_condition_direction,cosmos_declarative_static32,left,5,6,3.1280314429012344,0.716201774691358,21.0,113
within_condition_direction,cosmos_declarative_static32,left,5,7,3.035552662037037,0.7062046682098766,21.0,98
within_condition_direction,cosmos_declarative_static32,left,5,8,3.2858439429012347,0.7206992669753086,21.0,111
within_condition_direction,cosmos_declarative_static32,left,5,9,2.4832233796296297,0.6852912808641975,18.0,78
within_condition_direction,cosmos_declarative_static32,left,6,7,2.915925925925926,0.705534336419753,20.0,139
within_condition_direction,cosmos_declarative_static32,left,6,8,3.1551350308641974,0.7120900848765432,21.0,99
within_condition_direction,cosmos_declarative_static32,left,6,9,3.0968798225308642,0.7127980324074074,22.0,93
within_condition_direction,cosmos_declarative_static32,left,7,8,3.011579861111111,0.7075019290123457,19.0,108
within_condition_direction,cosmos_declarative_static32,left,7,9,3.133558063271605,0.709477237654321,22.0,105
within_condition_direction,cosmos_declarative_static32,left,8,9,3.392896412037037,0.7210976080246914,23.0,93
within_condition_direction,cosmos_declarative_static32,right,0,1,3.407577160493827,0.7449652777777778,20.0,94
within_condition_direction,cosmos_declarative_static32,right,0,2,3.4959519675925925,0.7415316358024692,22.0,76
within_condition_direction,cosmos_declarative_static32,right,0,3,3.545052083333333,0.7433777006172839,21.0,106
within_condition_direction,cosmos_declarative_static32,right,0,4,3.3475289351851854,0.7378935185185185,21.0,80
within_condition_direction,cosmos_declarative_static32,right,0,5,3.527325424382716,0.7422260802469136,23.0,98
within_condition_direction,cosmos_declarative_static32,right,0,6,3.495054976851852,0.7405285493827161,21.0,93
within_condition_direction,cosmos_declarative_static32,right,0,7,3.8813898533950617,0.7456182484567901,23.0,120
within_condition_direction,cosmos_declarative_static32,right,0,8,4.006222029320988,0.7474778163580247,20.0,86
within_condition_direction,cosmos_declarative_static32,right,0,9,3.3891560570987656,0.7351774691358025,21.0,80
within_condition_direction,cosmos_declarative_static32,right,1,2,3.4808613040123455,0.7276475694444444,23.0,89
within_condition_direction,cosmos_declarative_static32,right,1,3,3.395704089506173,0.7268238811728395,21.0,131
within_condition_direction,cosmos_declarative_static32,right,1,4,3.3745235339506174,0.7302391975308642,21.0,85
within_condition_direction,cosmos_declarative_static32,right,1,5,3.3827131558641974,0.7193412422839506,23.0,73
within_condition_direction,cosmos_declarative_static32,right,1,6,3.3893778935185184,0.7253134645061728,22.0,91
within_condition_direction,cosmos_declarative_static32,right,1,7,3.527634066358025,0.7238551311728395,23.0,105
within_condition_direction,cosmos_declarative_static32,right,1,8,4.241459297839506,0.7321257716049383,26.0,97
within_condition_direction,cosmos_declarative_static32,right,1,9,3.3317814429012347,0.7273090277777777,21.0,86
within_condition_direction,cosmos_declarative_static32,right,2,3,2.7579176311728397,0.6963425925925926,19.0,91
within_condition_direction,cosmos_declarative_static32,right,2,4,2.9603269675925925,0.6959847608024692,21.0,87
within_condition_direction,cosmos_declarative_static32,right,2,5,2.839938271604938,0.6958796296296297,21.0,99
within_condition_direction,cosmos_declarative_static32,right,2,6,2.7266666666666666,0.6941386959876543,19.0,84
within_condition_direction,cosmos_declarative_static32,right,2,7,3.1633043981481483,0.7099537037037037,22.0,104
within_condition_direction,cosmos_declarative_static32,right,2,8,3.8734953703703705,0.7165364583333333,22.0,84
within_condition_direction,cosmos_declarative_static32,right,2,9,2.717554012345679,0.6916830632716049,18.0,92
within_condition_direction,cosmos_declarative_static32,right,3,4,2.943414351851852,0.7060725308641975,18.0,89
within_condition_direction,cosmos_declarative_static32,right,3,5,2.6971170910493827,0.692710262345679,20.0,120
within_condition_direction,cosmos_declarative_static32,right,3,6,2.675456211419753,0.6930102237654321,19.0,117
within_condition_direction,cosmos_declarative_static32,right,3,7,3.069013310185185,0.7104243827160494,20.0,103
within_condition_direction,cosmos_declarative_static32,right,3,8,3.878095100308642,0.7094029706790124,23.0,160
within_condition_direction,cosmos_declarative_static32,right,3,9,2.621104359567901,0.6935985725308642,18.0,80
within_condition_direction,cosmos_declarative_static32,right,4,5,3.1166541280864197,0.7067544367283951,22.0,94
within_condition_direction,cosmos_declarative_static32,right,4,6,3.0623408564814816,0.7093335262345679,21.0,93
within_condition_direction,cosmos_declarative_static32,right,4,7,3.364813850308642,0.7161053240740741,22.0,102
within_condition_direction,cosmos_declarative_static32,right,4,8,4.0287065972222225,0.7177025462962963,24.0,85
within_condition_direction,cosmos_declarative_static32,right,4,9,2.8888204089506173,0.7019338348765433,19.0,90
within_condition_direction,cosmos_declarative_static32,right,5,6,2.8585223765432097,0.696880787037037,22.0,108
within_condition_direction,cosmos_declarative_static32,right,5,7,3.1644695216049383,0.7131028163580246,20.0,102
within_condition_direction,cosmos_declarative_static32,right,5,8,4.091778549382716,0.7191435185185185,22.0,93
within_condition_direction,cosmos_declarative_static32,right,5,9,2.7625231481481483,0.6966869212962963,20.0,78
within_condition_direction,cosmos_declarative_static32,right,6,7,3.026201774691358,0.7059944058641975,20.0,116
within_condition_direction,cosmos_declarative_static32,right,6,8,3.9351215277777776,0.7130275848765432,23.0,92
within_condition_direction,cosmos_declarative_static32,right,6,9,2.6808989197530866,0.6930015432098765,19.0,86
within_condition_direction,cosmos_declarative_static32,right,7,8,4.251087962962963,0.7164207175925926,29.0,104
within_condition_direction,cosmos_declarative_static32,right,7,9,3.130372299382716,0.7125202546296296,21.0,103
within_condition_direction,cosmos_declarative_static32,right,8,9,3.9263290895061727,0.7144270833333334,23.0,88
matched_left_right,cosmos_declarative_static32,left_vs_right,0,0,1.5624353780864197,0.6360088734567901,11.0,52
matched_left_right,cosmos_declarative_static32,left_vs_right,1,1,3.968888888888889,0.7384760802469136,26.0,94
matched_left_right,cosmos_declarative_static32,left_vs_right,2,2,3.407084297839506,0.7272106481481482,23.0,100
matched_left_right,cosmos_declarative_static32,left_vs_right,3,3,3.4234423225308643,0.7282677469135802,23.0,108
matched_left_right,cosmos_declarative_static32,left_vs_right,4,4,4.001875964506173,0.7320206404320988,24.0,82
matched_left_right,cosmos_declarative_static32,left_vs_right,5,5,3.7224537037037035,0.7320650077160494,26.0,117
matched_left_right,cosmos_declarative_static32,left_vs_right,6,6,3.129196566358025,0.7199517746913581,21.0,97
matched_left_right,cosmos_declarative_static32,left_vs_right,7,7,3.304952739197531,0.7267283950617284,21.0,115
matched_left_right,cosmos_declarative_static32,left_vs_right,8,8,4.431393711419753,0.728984375,30.0,117
matched_left_right,cosmos_declarative_static32,left_vs_right,9,9,3.543641975308642,0.7319753086419754,23.0,101
within_condition_direction,cosmos_contrastive_static32,left,0,1,3.9731327160493826,0.7480439814814814,23.0,71
within_condition_direction,cosmos_contrastive_static32,left,0,2,3.610408950617284,0.7424903549382716,20.0,76
within_condition_direction,cosmos_contrastive_static32,left,0,3,3.5179301697530865,0.7434992283950618,24.0,70
within_condition_direction,cosmos_contrastive_static32,left,0,4,4.348382523148148,0.7464380787037037,24.0,91
within_condition_direction,cosmos_contrastive_static32,left,0,5,4.549394290123457,0.746754436728395,25.0,93
within_condition_direction,cosmos_contrastive_static32,left,0,6,3.23304012345679,0.7333342978395062,22.0,108
within_condition_direction,cosmos_contrastive_static32,left,0,7,3.8601543209876543,0.7426466049382716,23.0,82
within_condition_direction,cosmos_contrastive_static32,left,0,8,4.432987075617284,0.747380401234568,24.0,78
within_condition_direction,cosmos_contrastive_static32,left,0,9,3.6770418595679013,0.7465596064814815,23.0,87
within_condition_direction,cosmos_contrastive_static32,left,1,2,3.0192091049382714,0.7162962962962963,19.0,70
within_condition_direction,cosmos_contrastive_static32,left,1,3,3.5260976080246915,0.7261738040123457,22.0,76
within_condition_direction,cosmos_contrastive_static32,left,1,4,2.824725115740741,0.7184529320987655,18.0,117
within_condition_direction,cosmos_contrastive_static32,left,1,5,3.6458333333333335,0.7324440586419753,26.0,123
within_condition_direction,cosmos_contrastive_static32,left,1,6,3.7319097222222224,0.7271836419753086,20.0,121
within_condition_direction,cosmos_contrastive_static32,left,1,7,3.1899691358024693,0.7295206404320987,21.0,123
within_condition_direction,cosmos_contrastive_static32,left,1,8,4.8540248842592595,0.7343614969135802,32.0,85
within_condition_direction,cosmos_contrastive_static32,left,1,9,3.3036680169753088,0.7279706790123457,20.0,119
within_condition_direction,cosmos_contrastive_static32,left,2,3,3.246091820987654,0.715625,22.0,74
within_condition_direction,cosmos_contrastive_static32,left,2,4,3.3323832947530865,0.7119502314814815,22.0,116
within_condition_direction,cosmos_contrastive_static32,left,2,5,4.034236111111111,0.7277613811728395,26.0,85
within_condition_direction,cosmos_contrastive_static32,left,2,6,3.614193672839506,0.7276832561728395,22.0,100
within_condition_direction,cosmos_contrastive_static32,left,2,7,3.3895621141975307,0.7273659336419753,23.0,79
within_condition_direction,cosmos_contrastive_static32,left,2,8,4.660284529320988,0.72453125,32.0,77
within_condition_direction,cosmos_contrastive_static32,left,2,9,3.5168701774691358,0.7281587577160494,22.0,94
within_condition_direction,cosmos_contrastive_static32,left,3,4,3.8462008101851852,0.718762538580247,25.0,79
within_condition_direction,cosmos_contrastive_static32,left,3,5,4.510462962962963,0.7256799768518518,30.0,93
within_condition_direction,cosmos_contrastive_static32,left,3,6,3.3347202932098767,0.7249585262345679,23.0,104
within_condition_direction,cosmos_contrastive_static32,left,3,7,3.443655478395062,0.7275443672839507,21.0,91
within_condition_direction,cosmos_contrastive_static32,left,3,8,4.35547550154321,0.7248890817901235,27.0,90
within_condition_direction,cosmos_contrastive_static32,left,3,9,3.4901707175925925,0.7238117283950617,24.0,87
within_condition_direction,cosmos_contrastive_static32,left,4,5,3.7443142361111112,0.7214457947530865,26.0,76
within_condition_direction,cosmos_contrastive_static32,left,4,6,4.2122347608024695,0.7285590277777778,25.0,87
within_condition_direction,cosmos_contrastive_static32,left,4,7,3.5778713348765434,0.7251311728395061,22.0,80
within_condition_direction,cosmos_contrastive_static32,left,4,8,5.013782793209876,0.7182523148148148,34.0,85
within_condition_direction,cosmos_contrastive_static32,left,4,9,3.7496624228395063,0.7322048611111112,21.0,80
within_condition_direction,cosmos_contrastive_static32,left,5,6,4.8000289351851855,0.7337220293209876,29.0,108
within_condition_direction,cosmos_contrastive_static32,left,5,7,3.931082175925926,0.7255420524691358,27.0,109
within_condition_direction,cosmos_contrastive_static32,left,5,8,5.676459297839506,0.7370534336419753,37.0,85
within_condition_direction,cosmos_contrastive_static32,left,5,9,4.105328896604938,0.7330121527777778,24.0,83
within_condition_direction,cosmos_contrastive_static32,left,6,7,3.6251466049382715,0.7272733410493827,22.0,113
within_condition_direction,cosmos_contrastive_static32,left,6,8,4.1307957175925925,0.7292708333333333,22.0,126
within_condition_direction,cosmos_contrastive_static32,left,6,9,3.325492862654321,0.7069820601851852,23.0,110
within_condition_direction,cosmos_contrastive_static32,left,7,8,4.800294174382716,0.725420524691358,29.0,86
within_condition_direction,cosmos_contrastive_static32,left,7,9,3.354464699074074,0.723485725308642,23.0,81
within_condition_direction,cosmos_contrastive_static32,left,8,9,4.511489197530865,0.7302797067901234,27.0,98
within_condition_direction,cosmos_contrastive_static32,right,0,1,3.5708497299382715,0.7448890817901235,21.0,86
within_condition_direction,cosmos_contrastive_static32,right,0,2,3.5465461033950616,0.7511738040123457,19.0,76
within_condition_direction,cosmos_contrastive_static32,right,0,3,3.535605709876543,0.748443287037037,20.0,83
within_condition_direction,cosmos_contrastive_static32,right,0,4,3.5511689814814815,0.7497222222222222,20.0,72
within_condition_direction,cosmos_contrastive_static32,right,0,5,3.052349537037037,0.734639274691358,19.0,68
within_condition_direction,cosmos_contrastive_static32,right,0,6,3.2439101080246915,0.7393952546296296,20.0,73
within_condition_direction,cosmos_contrastive_static32,right,0,7,3.5209722222222224,0.7395380015432099,21.0,81
within_condition_direction,cosmos_contrastive_static32,right,0,8,3.2937239583333335,0.7434837962962964,21.0,89
within_condition_direction,cosmos_contrastive_static32,right,0,9,3.614294945987654,0.7456954089506173,23.0,75
within_condition_direction,cosmos_contrastive_static32,right,1,2,3.9076041666666668,0.7190268132716049,22.0,95
within_condition_direction,cosmos_contrastive_static32,right,1,3,2.7885368441358023,0.7075289351851852,19.0,94
within_condition_direction,cosmos_contrastive_static32,right,1,4,3.833149112654321,0.7284683641975309,21.0,94
within_condition_direction,cosmos_contrastive_static32,right,1,5,3.3517158564814813,0.7232725694444444,20.0,87
within_condition_direction,cosmos_contrastive_static32,right,1,6,3.4700839120370373,0.7158391203703703,21.0,93
within_condition_direction,cosmos_contrastive_static32,right,1,7,3.739115547839506,0.7079648919753087,23.0,94
within_condition_direction,cosmos_contrastive_static32,right,1,8,3.580746527777778,0.7175848765432099,20.0,94
within_condition_direction,cosmos_contrastive_static32,right,1,9,3.7458024691358025,0.7175675154320987,24.0,93
within_condition_direction,cosmos_contrastive_static32,right,2,3,3.8623524305555557,0.7188541666666667,22.0,89
within_condition_direction,cosmos_contrastive_static32,right,2,4,2.5260117669753086,0.6973852237654321,16.0,71
within_condition_direction,cosmos_contrastive_static32,right,2,5,3.5084268904320988,0.7260426311728395,19.0,104
within_condition_direction,cosmos_contrastive_static32,right,2,6,3.0066251929012346,0.7164872685185185,19.0,87
within_condition_direction,cosmos_contrastive_static32,right,2,7,2.8507609953703703,0.7072694830246914,19.0,100
within_condition_direction,cosmos_contrastive_static32,right,2,8,2.866616512345679,0.7082378472222223,19.0,98
within_condition_direction,cosmos_contrastive_static32,right,2,9,2.999112654320988,0.7125964506172839,20.0,92
within_condition_direction,cosmos_contrastive_static32,right,3,4,3.860542052469136,0.7202314814814815,22.0,79
within_condition_direction,cosmos_contrastive_static32,right,3,5,3.268713348765432,0.7194020061728396,20.0,102
within_condition_direction,cosmos_contrastive_static32,right,3,6,3.5348476080246916,0.7190123456790124,20.0,94
within_condition_direction,cosmos_contrastive_static32,right,3,7,3.905,0.7210378086419753,24.0,99
within_condition_direction,cosmos_contrastive_static32,right,3,8,3.4778886959876543,0.7175028935185185,20.0,91
within_condition_direction,cosmos_contrastive_static32,right,3,9,3.6904002700617284,0.7102170138888889,24.0,93
within_condition_direction,cosmos_contrastive_static32,right,4,5,3.3897434413580245,0.7326282793209876,18.0,81
within_condition_direction,cosmos_contrastive_static32,right,4,6,2.9532793209876544,0.7217457561728395,17.0,86
within_condition_direction,cosmos_contrastive_static32,right,4,7,2.8533314043209876,0.716430362654321,18.010000000009313,95
within_condition_direction,cosmos_contrastive_static32,right,4,8,3.0037721836419755,0.7250646219135802,19.0,84
within_condition_direction,cosmos_contrastive_static32,right,4,9,2.765145640432099,0.7110069444444445,18.0,76
within_condition_direction,cosmos_contrastive_static32,right,5,6,3.149911265432099,0.719242862654321,20.0,79
within_condition_direction,cosmos_contrastive_static32,right,5,7,3.2947608024691357,0.7117312885802469,20.0,75
within_condition_direction,cosmos_contrastive_static32,right,5,8,3.1398485725308642,0.717902199074074,20.0,81
within_condition_direction,cosmos_contrastive_static32,right,5,9,3.2207108410493825,0.7117872299382716,20.0,84
within_condition_direction,cosmos_contrastive_static32,right,6,7,2.921952160493827,0.7013782793209876,21.0,77
within_condition_direction,cosmos_contrastive_static32,right,6,8,2.679038387345679,0.6998842592592592,19.0,98
within_condition_direction,cosmos_contrastive_static32,right,6,9,2.996266396604938,0.7105912422839507,20.0,91
within_condition_direction,cosmos_contrastive_static32,right,7,8,2.974163773148148,0.7066589506172839,20.0,92
within_condition_direction,cosmos_contrastive_static32,right,7,9,2.8827961033950618,0.7004128086419753,20.0,91
within_condition_direction,cosmos_contrastive_static32,right,8,9,2.892378472222222,0.7018470293209876,20.0,75
matched_left_right,cosmos_contrastive_static32,left_vs_right,0,0,1.491478587962963,0.6354552469135802,10.0,70
matched_left_right,cosmos_contrastive_static32,left_vs_right,1,1,4.35313850308642,0.726616512345679,25.0,113
matched_left_right,cosmos_contrastive_static32,left_vs_right,2,2,3.0643364197530865,0.7275896990740741,19.0,90
matched_left_right,cosmos_contrastive_static32,left_vs_right,3,3,3.884410686728395,0.7354726080246914,24.0,91
matched_left_right,cosmos_contrastive_static32,left_vs_right,4,4,3.268150077160494,0.7318981481481481,19.0,87
matched_left_right,cosmos_contrastive_static32,left_vs_right,5,5,4.629364390432099,0.7431413966049383,25.0,92
matched_left_right,cosmos_contrastive_static32,left_vs_right,6,6,2.8961757330246916,0.7034702932098765,20.0,92
matched_left_right,cosmos_contrastive_static32,left_vs_right,7,7,3.1942139274691357,0.7187596450617284,22.0,78
matched_left_right,cosmos_contrastive_static32,left_vs_right,8,8,4.366142939814814,0.736147762345679,26.0,98
matched_left_right,cosmos_contrastive_static32,left_vs_right,9,9,3.223972800925926,0.7139988425925926,23.0,97
matched_canonical_short,cosmos_canonical_vs_short_paraphrase,left,0,0,0.47267457561728393,0.3402748842592593,4.0,26
matched_canonical_short,cosmos_canonical_vs_short_paraphrase,left,1,1,3.2835001929012346,0.7209751157407407,20.0,105
matched_canonical_short,cosmos_canonical_vs_short_paraphrase,left,2,2,3.310382908950617,0.7276736111111111,24.0,84
matched_canonical_short,cosmos_canonical_vs_short_paraphrase,left,3,3,2.8457185570987655,0.6987567515432099,21.0,107
matched_canonical_short,cosmos_canonical_vs_short_paraphrase,left,4,4,4.151343557098765,0.7101437114197531,26.0,103
matched_canonical_short,cosmos_canonical_vs_short_paraphrase,left,5,5,4.20759162808642,0.7211805555555556,27.0,90
matched_canonical_short,cosmos_canonical_vs_short_paraphrase,left,6,6,3.478150077160494,0.7177324459876543,23.0,84
matched_canonical_short,cosmos_canonical_vs_short_paraphrase,left,7,7,3.606951195987654,0.7214679783950617,23.0,87
matched_canonical_short,cosmos_canonical_vs_short_paraphrase,left,8,8,3.7980729166666665,0.7226658950617284,24.0,109
matched_canonical_short,cosmos_canonical_vs_short_paraphrase,left,9,9,3.1035850694444442,0.7164506172839507,22.0,78
matched_canonical_short,cosmos_canonical_vs_short_paraphrase,right,0,0,3.310744598765432,0.6494569830246913,43.0,82
matched_canonical_short,cosmos_canonical_vs_short_paraphrase,right,1,1,4.152568479938272,0.7253665123456791,25.0,87
matched_canonical_short,cosmos_canonical_vs_short_paraphrase,right,2,2,3.2819048996913582,0.7094521604938272,23.0,83
matched_canonical_short,cosmos_canonical_vs_short_paraphrase,right,3,3,3.6029320987654323,0.72203125,24.0,100
matched_canonical_short,cosmos_canonical_vs_short_paraphrase,right,4,4,2.989380787037037,0.708587962962963,20.0,98
matched_canonical_short,cosmos_canonical_vs_short_paraphrase,right,5,5,3.325126350308642,0.7201215277777778,21.0,94
matched_canonical_short,cosmos_canonical_vs_short_paraphrase,right,6,6,3.3433815586419753,0.7173119212962963,22.0,115
matched_canonical_short,cosmos_canonical_vs_short_paraphrase,right,7,7,3.44227237654321,0.7255748456790123,19.0,100
matched_canonical_short,cosmos_canonical_vs_short_paraphrase,right,8,8,3.0421768904320987,0.709224537037037,22.0,90
matched_canonical_short,cosmos_canonical_vs_short_paraphrase,right,9,9,2.9493778935185184,0.7117283950617284,19.0,93
matched_declarative_contrastive,cosmos_declarative_goal_vs_contrastive_goal,left,0,0,0.43384934413580245,0.32242669753086417,4.0,24
matched_declarative_contrastive,cosmos_declarative_goal_vs_contrastive_goal,left,1,1,2.7727141203703702,0.7190625,18.0,103
matched_declarative_contrastive,cosmos_declarative_goal_vs_contrastive_goal,left,2,2,3.256238425925926,0.7160252700617284,23.0,78
matched_declarative_contrastive,cosmos_declarative_goal_vs_contrastive_goal,left,3,3,3.2408015046296295,0.7057127700617284,24.0,91
matched_declarative_contrastive,cosmos_declarative_goal_vs_contrastive_goal,left,4,4,3.0660127314814813,0.7160927854938272,20.0,85
matched_declarative_contrastive,cosmos_declarative_goal_vs_contrastive_goal,left,5,5,4.0044126157407405,0.7326784336419753,27.0,109
matched_declarative_contrastive,cosmos_declarative_goal_vs_contrastive_goal,left,6,6,3.680150462962963,0.7340200617283951,23.0,116
matched_declarative_contrastive,cosmos_declarative_goal_vs_contrastive_goal,left,7,7,3.412355324074074,0.7249546682098765,23.0,117
matched_declarative_contrastive,cosmos_declarative_goal_vs_contrastive_goal,left,8,8,4.625454282407407,0.7259297839506172,34.0,85
matched_declarative_contrastive,cosmos_declarative_goal_vs_contrastive_goal,left,9,9,3.5199305555555553,0.7278202160493827,23.0,99
matched_declarative_contrastive,cosmos_declarative_goal_vs_contrastive_goal,right,0,0,1.4958246527777779,0.6283969907407407,11.0,73
matched_declarative_contrastive,cosmos_declarative_goal_vs_contrastive_goal,right,1,1,3.7556751543209876,0.7333873456790123,23.0,101
matched_declarative_contrastive,cosmos_declarative_goal_vs_contrastive_goal,right,2,2,3.099817708333333,0.7205488040123457,20.0,83
matched_declarative_contrastive,cosmos_declarative_goal_vs_contrastive_goal,right,3,3,3.522589699074074,0.705541087962963,20.0,111
matched_declarative_contrastive,cosmos_declarative_goal_vs_contrastive_goal,right,4,4,3.306879822530864,0.7290972222222222,21.0,78
matched_declarative_contrastive,cosmos_declarative_goal_vs_contrastive_goal,right,5,5,3.1870833333333333,0.7129407793209876,21.0,80
matched_declarative_contrastive,cosmos_declarative_goal_vs_contrastive_goal,right,6,6,2.821113040123457,0.7096084104938272,19.0,94
matched_declarative_contrastive,cosmos_declarative_goal_vs_contrastive_goal,right,7,7,3.0674961419753086,0.7015075231481481,21.0,101
matched_declarative_contrastive,cosmos_declarative_goal_vs_contrastive_goal,right,8,8,3.7798967978395064,0.7165094521604938,21.0,88
matched_declarative_contrastive,cosmos_declarative_goal_vs_contrastive_goal,right,9,9,2.7895707947530863,0.7086024305555556,19.0,80
